[{"href": "https://apuniversity.academia.edu/Departments/Accounting_and_FInance/Documents", "doc_count": 23}, {"href": "https://apuniversity.academia.edu/Departments/Accounting_Finance_and_Quantitative_studies/Documents", "doc_count": 29}, {"href": "https://apuniversity.academia.edu/Departments/Actuarial_Science/Documents", "doc_count": 5}, {"href": "https://apuniversity.academia.edu/Departments/BSC_It/Documents", "doc_count": 4}, {"href": "https://apuniversity.academia.edu/Departments/BUSINESS_WITH_INFORMATION_TECHNOLOGY/Documents", "doc_count": 3}, {"href": "https://apuniversity.academia.edu/Departments/Banking_and_Finance/Documents", "doc_count": 2}, {"href": "https://apuniversity.academia.edu/Departments/Business/Documents", "doc_count": 10}, {"href": "https://apuniversity.academia.edu/Departments/business_Administration/Documents", "doc_count": 4}, {"href": "https://apuniversity.academia.edu/Departments/Business_Management_Specialism_E_Business/Documents", "doc_count": 1}, {"href": "https://apuniversity.academia.edu/Departments/Business_managment/Documents", "doc_count": 7}, {"href": "https://apuniversity.academia.edu/Departments/Certificate_in_IT/Documents", "doc_count": 6}, {"href": "https://apuniversity.academia.edu/Departments/Computer_Science/Documents", "doc_count": 6}, {"href": "https://apuniversity.academia.edu/Departments/Computing/Documents", "doc_count": 98}, {"href": "https://apuniversity.academia.edu/Departments/Computing_Technology_Games_Development/Documents", "doc_count": 2}, {"href": "https://apuniversity.academia.edu/Departments/Data_Analytics/Documents", "doc_count": 1}, {"href": "https://apuniversity.academia.edu/Departments/Data_Science/Documents", "doc_count": 1}, {"href": "https://apuniversity.academia.edu/Departments/Diploma_in_IT_with_Specialism_in_Software_Engineering/Documents", "doc_count": 2}, {"href": "https://apuniversity.academia.edu/Departments/E_Business/Documents", "doc_count": 2}, {"href": "https://apuniversity.academia.edu/Departments/Economic_Development/Documents", "doc_count": 1}, {"href": "https://apuniversity.academia.edu/Departments/Electrical_and_electronics/Documents", "doc_count": 2}, {"href": "https://apuniversity.academia.edu/Departments/Engineering/Documents", "doc_count": 141}, {"href": "https://apuniversity.academia.edu/Departments/English/Documents", "doc_count": 1}, {"href": "https://apuniversity.academia.edu/Departments/FACULTY_OF_BUSINESS_MANAGEMENT/Documents", "doc_count": 17}, {"href": "https://apuniversity.academia.edu/Departments/Faculty_of_Computing_Engineering_and_Technology/Documents", "doc_count": 7}, {"href": "https://apuniversity.academia.edu/Departments/Foundation/Documents", "doc_count": 8}, {"href": "https://apuniversity.academia.edu/Departments/Health_department/Documents", "doc_count": 1}, {"href": "https://apuniversity.academia.edu/Departments/Information_Technology/Documents", "doc_count": 9}, {"href": "https://apuniversity.academia.edu/Departments/Information_Technology_specialism_in_Forensic_Computing/Documents", "doc_count": 4}, {"href": "https://apuniversity.academia.edu/Departments/Information_technology_management/Documents", "doc_count": 2}, {"href": "https://apuniversity.academia.edu/Departments/International_Business_Management/Documents", "doc_count": 10}, {"href": "https://apuniversity.academia.edu/Departments/International_Relation/Documents", "doc_count": 2}, {"href": "https://apuniversity.academia.edu/Departments/International_Relations/Documents", "doc_count": 3}, {"href": "https://apuniversity.academia.edu/Departments/International_Relations_and_Peace_Study/Documents", "doc_count": 1}, {"href": "https://apuniversity.academia.edu/Departments/International_Relations_Security_Studies/Documents", "doc_count": 3}, {"href": "https://apuniversity.academia.edu/Departments/Islamic_Banking_and_finance/Documents", "doc_count": 1}, {"href": "https://apuniversity.academia.edu/Departments/Language/Documents", "doc_count": 1}, {"href": "https://apuniversity.academia.edu/Departments/Malaysia/Documents", "doc_count": 1}, {"href": "https://apuniversity.academia.edu/Departments/Management/Documents", "doc_count": 16}, {"href": "https://apuniversity.academia.edu/Departments/Marketing_Management/Documents", "doc_count": 32}, {"href": "https://apuniversity.academia.edu/Departments/Mechatronic_Engineering/Documents", "doc_count": 1}, {"href": "https://apuniversity.academia.edu/Departments/Mechatronics/Documents", "doc_count": 3}, {"href": "https://apuniversity.academia.edu/Departments/Media_Marketing/Documents", "doc_count": 9}, {"href": "https://apuniversity.academia.edu/Departments/Networking/Documents", "doc_count": 1}, {"href": "https://apuniversity.academia.edu/Departments/oHIO/Documents", "doc_count": 1}, {"href": "https://apuniversity.academia.edu/Departments/Petroleum_Engineering/Documents", "doc_count": 1}, {"href": "https://apuniversity.academia.edu/Departments/Pharmacy/Documents", "doc_count": 1}, {"href": "https://apuniversity.academia.edu/Departments/Psychology/Documents", "doc_count": 1}, {"href": "https://apuniversity.academia.edu/Departments/School_of_Accounting_Finance_and_Quantitative_Studies_Kuala_Lumpur_Malaysia/Documents", "doc_count": 13}, {"href": "https://apuniversity.academia.edu/Departments/School_of_Computing_and_Technology/Documents", "doc_count": 16}, {"href": "https://apuniversity.academia.edu/Departments/School_of_Marketing_and_Media/Documents", "doc_count": 8}, {"href": "https://apuniversity.academia.edu/Departments/School_of_Technology/Documents", "doc_count": 64}, {"href": "https://apuniversity.academia.edu/Departments/Science/Documents", "doc_count": 1}, {"href": "https://apuniversity.academia.edu/Departments/Senior_High_School/Documents", "doc_count": 1}, {"href": "https://apuniversity.academia.edu/Departments/Software_Engineering/Documents", "doc_count": 2}, {"href": "https://apuniversity.academia.edu/Departments/Student/Documents", "doc_count": 5}, {"href": "https://apuniversity.academia.edu/Departments/Telecommunications/Documents", "doc_count": 3}]