[{"href": "https://iium.academia.edu/Departments/AIKOL/Documents", "doc_count": 10}, {"href": "https://iium.academia.edu/Departments/Accountancy/Documents", "doc_count": 67}, {"href": "https://iium.academia.edu/Departments/Accounting/Documents", "doc_count": 147}, {"href": "https://iium.academia.edu/Departments/Accounting_Department_KENMS/Documents", "doc_count": 1}, {"href": "https://iium.academia.edu/Departments/Aerospace_Engineering/Documents", "doc_count": 3}, {"href": "https://iium.academia.edu/Departments/Agama/Documents", "doc_count": 1}, {"href": "https://iium.academia.edu/Departments/Agama_Gorontalo/Documents", "doc_count": 1}, {"href": "https://iium.academia.edu/Departments/Ahmad_Ibrahim_Kulliyaah_of_Laws/Documents", "doc_count": 2}, {"href": "https://iium.academia.edu/Departments/Ahmad_Ibrahim_Kulliyyah_of_Laws/Documents", "doc_count": 268}, {"href": "https://iium.academia.edu/Departments/Ahmad_Ibrahim_Kulliyyah_of_Laws_AIKOL_/Documents", "doc_count": 352}, {"href": "https://iium.academia.edu/Departments/Ahmad_Ibrahim_Kulliyyah_of_Laws_AIKOL/Documents", "doc_count": 1}, {"href": "https://iium.academia.edu/Departments/Ahmad_ibrahim_kulliyah_of_law/Documents", "doc_count": 6}, {"href": "https://iium.academia.edu/Departments/Al_Quran_and_As_Sunnah/Documents", "doc_count": 6}, {"href": "https://iium.academia.edu/Departments/Apple/Documents", "doc_count": 1}, {"href": "https://iium.academia.edu/Departments/Applied_Arts_and_Design/Documents", "doc_count": 62}, {"href": "https://iium.academia.edu/Departments/Arabic_Department/Documents", "doc_count": 4}, {"href": "https://iium.academia.edu/Departments/Arabic_Language_and_Literature/Documents", "doc_count": 64}, {"href": "https://iium.academia.edu/Departments/Architecture/Documents", "doc_count": 244}, {"href": "https://iium.academia.edu/Departments/Architecture_and_Environmental_Design/Documents", "doc_count": 338}, {"href": "https://iium.academia.edu/Departments/Bachelor_in_Islamic_Finance/Documents", "doc_count": 8}, {"href": "https://iium.academia.edu/Departments/Bachelor_of_Information_Technology/Documents", "doc_count": 4}, {"href": "https://iium.academia.edu/Departments/Bachelor_of_Marine_Science_and_Technology/Documents", "doc_count": 7}, {"href": "https://iium.academia.edu/Departments/Basic_Medical_Science/Documents", "doc_count": 1}, {"href": "https://iium.academia.edu/Departments/Basic_Medical_Sciences/Documents", "doc_count": 83}, {"href": "https://iium.academia.edu/Departments/Biochemical_Biotechnology_Engineering/Documents", "doc_count": 117}, {"href": "https://iium.academia.edu/Departments/Biochemical_Biotechnology_Engineering1/Documents", "doc_count": 3}, {"href": "https://iium.academia.edu/Departments/Biochemistry/Documents", "doc_count": 1}, {"href": "https://iium.academia.edu/Departments/Biomedical_Science/Documents", "doc_count": 8}, {"href": "https://iium.academia.edu/Departments/Biomedical_Sciences/Documents", "doc_count": 1}, {"href": "https://iium.academia.edu/Departments/Biotechnology/Documents", "doc_count": 289}, {"href": "https://iium.academia.edu/Departments/Biotechnology_Engineering/Documents", "doc_count": 356}, {"href": "https://iium.academia.edu/Departments/Biotechnology_Kulliyyah_of_Science/Documents", "doc_count": 32}, {"href": "https://iium.academia.edu/Departments/Biotechnology_Biochemical_Engineering/Documents", "doc_count": 1}, {"href": "https://iium.academia.edu/Departments/Building_Serveces_Engineering/Documents", "doc_count": 1}, {"href": "https://iium.academia.edu/Departments/Building_Surveying/Documents", "doc_count": 3}, {"href": "https://iium.academia.edu/Departments/Building_Technology_and_Engineering/Documents", "doc_count": 52}, {"href": "https://iium.academia.edu/Departments/Business/Documents", "doc_count": 1}, {"href": "https://iium.academia.edu/Departments/Business_Administration/Documents", "doc_count": 573}, {"href": "https://iium.academia.edu/Departments/Business_Department_KENMS_/Documents", "doc_count": 34}, {"href": "https://iium.academia.edu/Departments/Businness_Administration/Documents", "doc_count": 1}, {"href": "https://iium.academia.edu/Departments/CELPAD/Documents", "doc_count": 8}, {"href": "https://iium.academia.edu/Departments/CENTRE_FOR_BUILT_ENVIRONMENT/Documents", "doc_count": 3}, {"href": "https://iium.academia.edu/Departments/CENTRE_FOR_FOUNDATION_STUDIES/Documents", "doc_count": 6}, {"href": "https://iium.academia.edu/Departments/Centre_For_Languages_And_Pre_University_Academic_Development_CELPAD_/Documents", "doc_count": 19}, {"href": "https://iium.academia.edu/Departments/Centre_for_Languages/Documents", "doc_count": 31}, {"href": "https://iium.academia.edu/Departments/Centre_for_Strategic_Continuing_Education_and_Training/Documents", "doc_count": 2}, {"href": "https://iium.academia.edu/Departments/Centre_of_Built_Environment/Documents", "doc_count": 1}, {"href": "https://iium.academia.edu/Departments/Chemistry/Documents", "doc_count": 20}, {"href": "https://iium.academia.edu/Departments/Chemistry_Kulliyyah_of_Science/Documents", "doc_count": 39}, {"href": "https://iium.academia.edu/Departments/Cience/Documents", "doc_count": 1}, {"href": "https://iium.academia.edu/Departments/Civil_Engineering/Documents", "doc_count": 14}, {"href": "https://iium.academia.edu/Departments/Civil_Enginnering/Documents", "doc_count": 1}, {"href": "https://iium.academia.edu/Departments/Civil_Law/Documents", "doc_count": 44}, {"href": "https://iium.academia.edu/Departments/Civil_Law_Department_Ahmad_Ibrahim_Kulliyyah_of_aws/Documents", "doc_count": 293}, {"href": "https://iium.academia.edu/Departments/Communication/Documents", "doc_count": 63}, {"href": "https://iium.academia.edu/Departments/Communication_Department_KIRKHS/Documents", "doc_count": 9}, {"href": "https://iium.academia.edu/Departments/Communication_Engineering/Documents", "doc_count": 22}, {"href": "https://iium.academia.edu/Departments/Community_Dentistry/Documents", "doc_count": 3}, {"href": "https://iium.academia.edu/Departments/Community_Medicine/Documents", "doc_count": 150}, {"href": "https://iium.academia.edu/Departments/Comparative_Religion/Documents", "doc_count": 1}, {"href": "https://iium.academia.edu/Departments/Comparative_Religions/Documents", "doc_count": 9}, {"href": "https://iium.academia.edu/Departments/Computational_and_Theoretical_Science/Documents", "doc_count": 52}, {"href": "https://iium.academia.edu/Departments/Computer_Engineering/Documents", "doc_count": 1}, {"href": "https://iium.academia.edu/Departments/Computer_Science/Documents", "doc_count": 186}, {"href": "https://iium.academia.edu/Departments/Computer_and_information_engineering/Documents", "doc_count": 115}, {"href": "https://iium.academia.edu/Departments/Counseling_Services_Centre/Documents", "doc_count": 1}, {"href": "https://iium.academia.edu/Departments/Counselling/Documents", "doc_count": 1}, {"href": "https://iium.academia.edu/Departments/Critical_Care_Nursing/Documents", "doc_count": 71}, {"href": "https://iium.academia.edu/Departments/Curriculum_and_Instruction/Documents", "doc_count": 132}, {"href": "https://iium.academia.edu/Departments/DDepartment_of_Islamic_Revealed_Knowledge_and_Human_Sciences/Documents", "doc_count": 1}, {"href": "https://iium.academia.edu/Departments/DSFEL/Documents", "doc_count": 10}, {"href": "https://iium.academia.edu/Departments/Deapartment_of_Fundamental_and_Interdisciplinary_Studies/Documents", "doc_count": 80}, {"href": "https://iium.academia.edu/Departments/Department_of_Accounting/Documents", "doc_count": 10}, {"href": "https://iium.academia.edu/Departments/Department_of_Accounting_Kulliyyah_of_Economics_and_Management_Sciences/Documents", "doc_count": 230}, {"href": "https://iium.academia.edu/Departments/Department_of_Arabic_Language/Documents", "doc_count": 4}, {"href": "https://iium.academia.edu/Departments/Department_of_Arabic_Language_Literature/Documents", "doc_count": 45}, {"href": "https://iium.academia.edu/Departments/Department_of_Arabic_Language_Literature_KIRKHS/Documents", "doc_count": 467}, {"href": "https://iium.academia.edu/Departments/Department_of_Audiology_and_Speech_Language_Pathology/Documents", "doc_count": 13}, {"href": "https://iium.academia.edu/Departments/Department_of_Basic_Medical_Sciences_Kulliyyah_of_Medicine/Documents", "doc_count": 98}, {"href": "https://iium.academia.edu/Departments/Department_of_Basic_Medical_Sciences_faculty_of_Pharmacy/Documents", "doc_count": 1}, {"href": "https://iium.academia.edu/Departments/Department_of_Biomedical_Science_Kulliyyah_of_Allied_Health_Sciences/Documents", "doc_count": 27}, {"href": "https://iium.academia.edu/Departments/Department_of_Biomedical_Scince/Documents", "doc_count": 1}, {"href": "https://iium.academia.edu/Departments/Department_of_Biotechnology_Engineering/Documents", "doc_count": 31}, {"href": "https://iium.academia.edu/Departments/Department_of_Biotechnology_Engineering_Kulliyyah_Of_Engineering/Documents", "doc_count": 74}, {"href": "https://iium.academia.edu/Departments/Department_of_Biotechnology_Faculty_of_Science/Documents", "doc_count": 51}, {"href": "https://iium.academia.edu/Departments/Department_of_CS/Documents", "doc_count": 3}, {"href": "https://iium.academia.edu/Departments/Department_of_Communication/Documents", "doc_count": 167}, {"href": "https://iium.academia.edu/Departments/Department_of_Communication_Engineering/Documents", "doc_count": 3}, {"href": "https://iium.academia.edu/Departments/Department_of_Communication_KIRKHS/Documents", "doc_count": 11}, {"href": "https://iium.academia.edu/Departments/Department_of_Computational_and_Theoretical_Sciences/Documents", "doc_count": 323}, {"href": "https://iium.academia.edu/Departments/Department_of_Diagnostic_Imaging_and_Radiotherapy/Documents", "doc_count": 2}, {"href": "https://iium.academia.edu/Departments/Department_of_Economics/Documents", "doc_count": 253}, {"href": "https://iium.academia.edu/Departments/Department_of_Economics_and_Management_Sciences/Documents", "doc_count": 205}, {"href": "https://iium.academia.edu/Departments/Department_of_Economics_Kulliyyah_of_Economics_and_Management_Sciences/Documents", "doc_count": 29}, {"href": "https://iium.academia.edu/Departments/Department_of_Education/Documents", "doc_count": 525}, {"href": "https://iium.academia.edu/Departments/Department_of_Educational_Administration/Documents", "doc_count": 2}, {"href": "https://iium.academia.edu/Departments/Department_of_Educational_Psychology_and_Counseling/Documents", "doc_count": 260}, {"href": "https://iium.academia.edu/Departments/Department_of_Emergency_Medicine/Documents", "doc_count": 2}, {"href": "https://iium.academia.edu/Departments/Department_of_English_Language_Literature/Documents", "doc_count": 19}, {"href": "https://iium.academia.edu/Departments/Department_of_English_Language_and_Literature/Documents", "doc_count": 719}, {"href": "https://iium.academia.edu/Departments/Department_of_Fiqh_and_Usul_Fiqh/Documents", "doc_count": 349}, {"href": "https://iium.academia.edu/Departments/Department_of_Fundamental_and_Interdisciplinary_Studies/Documents", "doc_count": 4}, {"href": "https://iium.academia.edu/Departments/Department_of_History_and_Civilizations_KIRKHS/Documents", "doc_count": 54}, {"href": "https://iium.academia.edu/Departments/Department_of_Information_System/Documents", "doc_count": 463}, {"href": "https://iium.academia.edu/Departments/Department_of_Information_Systems/Documents", "doc_count": 461}, {"href": "https://iium.academia.edu/Departments/Department_of_Islamic_Revealed_Knowledge_and_Human_Sciences/Documents", "doc_count": 329}, {"href": "https://iium.academia.edu/Departments/Department_of_Islamic_law_and_Jurisprudence_KIRKHS/Documents", "doc_count": 6}, {"href": "https://iium.academia.edu/Departments/Department_of_Landscape_Architecture/Documents", "doc_count": 138}, {"href": "https://iium.academia.edu/Departments/Department_of_Language_and_Literacy_Kulliyyah_of_Education/Documents", "doc_count": 63}, {"href": "https://iium.academia.edu/Departments/Department_of_Library_and_Information_Science/Documents", "doc_count": 320}, {"href": "https://iium.academia.edu/Departments/Department_of_Manufacturing_and_Material_Engineering/Documents", "doc_count": 294}, {"href": "https://iium.academia.edu/Departments/Department_of_Marine_Science/Documents", "doc_count": 115}, {"href": "https://iium.academia.edu/Departments/Department_of_Mechatroniecs_Engineering/Documents", "doc_count": 120}, {"href": "https://iium.academia.edu/Departments/Department_of_Pharmacy_Practice_Kulliyyah_of_Pharmacy/Documents", "doc_count": 3}, {"href": "https://iium.academia.edu/Departments/Department_of_Physic_Kulliyyah_of_Science/Documents", "doc_count": 1}, {"href": "https://iium.academia.edu/Departments/Department_of_Plant_Science_Kuliyyah_of_Science/Documents", "doc_count": 9}, {"href": "https://iium.academia.edu/Departments/Department_of_Political_Science_IRKHS/Documents", "doc_count": 57}, {"href": "https://iium.academia.edu/Departments/Department_of_Prosthodontics/Documents", "doc_count": 1}, {"href": "https://iium.academia.edu/Departments/Department_of_Quantity_Surveying/Documents", "doc_count": 30}, {"href": "https://iium.academia.edu/Departments/Department_of_Quran_and_Sunnah_Studies/Documents", "doc_count": 307}, {"href": "https://iium.academia.edu/Departments/Department_of_Rehabilitation_and_Physical_Therapy/Documents", "doc_count": 2}, {"href": "https://iium.academia.edu/Departments/Department_of_Social_Foundation_and_Educational_Leadership_Kulliyah_of_Education/Documents", "doc_count": 30}, {"href": "https://iium.academia.edu/Departments/Department_of_Tourism_Planning_and_Hospitality_Development/Documents", "doc_count": 2}, {"href": "https://iium.academia.edu/Departments/Department_of_Urban_and_Regional_Planning/Documents", "doc_count": 417}, {"href": "https://iium.academia.edu/Departments/Department_of_Usul_Al_Din_and_Comparativ_Ereligion/Documents", "doc_count": 6}, {"href": "https://iium.academia.edu/Departments/Department_of_computer_science/Documents", "doc_count": 17}, {"href": "https://iium.academia.edu/Departments/Department_psychology_and_counseling_Faculty_of_Educatio/Documents", "doc_count": 2}, {"href": "https://iium.academia.edu/Departments/Dept_of_Biomedical_Science/Documents", "doc_count": 4}, {"href": "https://iium.academia.edu/Departments/Dept_of_Computer_Science/Documents", "doc_count": 122}, {"href": "https://iium.academia.edu/Departments/Dept_of_Electrical_and_Computer_Engineering/Documents", "doc_count": 76}, {"href": "https://iium.academia.edu/Departments/Dept_of_Psychology/Documents", "doc_count": 309}, {"href": "https://iium.academia.edu/Departments/Dept_of_Architecture_Environmental_Design/Documents", "doc_count": 10}, {"href": "https://iium.academia.edu/Departments/Dept_of_History_Civilization/Documents", "doc_count": 162}, {"href": "https://iium.academia.edu/Departments/Dept_of_Plant_Science_Kulliyyah_of_Science/Documents", "doc_count": 2}, {"href": "https://iium.academia.edu/Departments/Desing/Documents", "doc_count": 2}, {"href": "https://iium.academia.edu/Departments/Diploma_in_Law/Documents", "doc_count": 1}, {"href": "https://iium.academia.edu/Departments/EDUCATION_TESL_/Documents", "doc_count": 1}, {"href": "https://iium.academia.edu/Departments/ELD_CELPAD/Documents", "doc_count": 9}, {"href": "https://iium.academia.edu/Departments/ENGINEERING/Documents", "doc_count": 40}, {"href": "https://iium.academia.edu/Departments/Ecomics/Documents", "doc_count": 1}, {"href": "https://iium.academia.edu/Departments/Econmics/Documents", "doc_count": 4}, {"href": "https://iium.academia.edu/Departments/Economics/Documents", "doc_count": 342}, {"href": "https://iium.academia.edu/Departments/Economics_and_Maganement_Science/Documents", "doc_count": 1}, {"href": "https://iium.academia.edu/Departments/Economics_and_Management_Science/Documents", "doc_count": 5}, {"href": "https://iium.academia.edu/Departments/Economis/Documents", "doc_count": 10}, {"href": "https://iium.academia.edu/Departments/Econs/Documents", "doc_count": 9}, {"href": "https://iium.academia.edu/Departments/Ecopnomics/Documents", "doc_count": 1}, {"href": "https://iium.academia.edu/Departments/Edcation/Documents", "doc_count": 4}, {"href": "https://iium.academia.edu/Departments/Education/Documents", "doc_count": 36}, {"href": "https://iium.academia.edu/Departments/Educational_psychology/Documents", "doc_count": 17}, {"href": "https://iium.academia.edu/Departments/Electrical_Computer_Engineering/Documents", "doc_count": 33}, {"href": "https://iium.academia.edu/Departments/Electrical_Engineering/Documents", "doc_count": 4}, {"href": "https://iium.academia.edu/Departments/Electrical_and_Computer_Engineering/Documents", "doc_count": 879}, {"href": "https://iium.academia.edu/Departments/Electrical_and_Computer_Engineering_ECE_/Documents", "doc_count": 529}, {"href": "https://iium.academia.edu/Departments/Electronics_Computer_Information_Engineering/Documents", "doc_count": 22}, {"href": "https://iium.academia.edu/Departments/Endocrinology/Documents", "doc_count": 213}, {"href": "https://iium.academia.edu/Departments/Enginnering/Documents", "doc_count": 1}, {"href": "https://iium.academia.edu/Departments/English/Documents", "doc_count": 17}, {"href": "https://iium.academia.edu/Departments/English_Education_Study_Program/Documents", "doc_count": 5}, {"href": "https://iium.academia.edu/Departments/English_International_Communication/Documents", "doc_count": 23}, {"href": "https://iium.academia.edu/Departments/English_Langauge_and_literature/Documents", "doc_count": 2}, {"href": "https://iium.academia.edu/Departments/English_Language_Department/Documents", "doc_count": 2}, {"href": "https://iium.academia.edu/Departments/Enms/Documents", "doc_count": 2}, {"href": "https://iium.academia.edu/Departments/FIDS/Documents", "doc_count": 21}, {"href": "https://iium.academia.edu/Departments/FIqh_and_Ushul_Fiqh/Documents", "doc_count": 10}, {"href": "https://iium.academia.edu/Departments/Faculty_Of_Computer_and_Mathematical_Science/Documents", "doc_count": 55}, {"href": "https://iium.academia.edu/Departments/Faculty_fo_leaderhip_and_management/Documents", "doc_count": 1}, {"href": "https://iium.academia.edu/Departments/Faculty_of_Economic_and_Muamalat/Documents", "doc_count": 5}, {"href": "https://iium.academia.edu/Departments/Faculty_of_Economics_and_Muamalat/Documents", "doc_count": 40}, {"href": "https://iium.academia.edu/Departments/Faculty_of_Law/Documents", "doc_count": 15}, {"href": "https://iium.academia.edu/Departments/Faculty_of_Leadership_and_Management/Documents", "doc_count": 1}, {"href": "https://iium.academia.edu/Departments/Faculty_of_Major_Language_Studies/Documents", "doc_count": 135}, {"href": "https://iium.academia.edu/Departments/Faculty_of_Science_and_Technology/Documents", "doc_count": 121}, {"href": "https://iium.academia.edu/Departments/Faculty_of_Syariah_and_Law/Documents", "doc_count": 27}, {"href": "https://iium.academia.edu/Departments/Fakulti_Pengajian_Quran_Dan_Sunnah/Documents", "doc_count": 1}, {"href": "https://iium.academia.edu/Departments/Fakulti_Quran_Dan_Sunnah/Documents", "doc_count": 1}, {"href": "https://iium.academia.edu/Departments/Family_Medicine/Documents", "doc_count": 15}, {"href": "https://iium.academia.edu/Departments/Figh_and_Usul_al_Fiqh/Documents", "doc_count": 1}, {"href": "https://iium.academia.edu/Departments/Filsafat_Islam/Documents", "doc_count": 1}, {"href": "https://iium.academia.edu/Departments/Finance/Documents", "doc_count": 124}, {"href": "https://iium.academia.edu/Departments/Fiqh_and_Usul_Fiqh/Documents", "doc_count": 1}, {"href": "https://iium.academia.edu/Departments/Fiqh_and_Usul_al_Fiqh/Documents", "doc_count": 19}, {"href": "https://iium.academia.edu/Departments/General_Studies/Documents", "doc_count": 133}, {"href": "https://iium.academia.edu/Departments/General_Surgery/Documents", "doc_count": 16}, {"href": "https://iium.academia.edu/Departments/Graduate_School_of_Management/Documents", "doc_count": 62}, {"href": "https://iium.academia.edu/Departments/Guidance_and_Counseling/Documents", "doc_count": 3}, {"href": "https://iium.academia.edu/Departments/Harun_M_Hashim_Law_Centre/Documents", "doc_count": 110}, {"href": "https://iium.academia.edu/Departments/Health_Centre/Documents", "doc_count": 1}, {"href": "https://iium.academia.edu/Departments/History/Documents", "doc_count": 102}, {"href": "https://iium.academia.edu/Departments/History_Civilization/Documents", "doc_count": 9}, {"href": "https://iium.academia.edu/Departments/History_and_Civilization/Documents", "doc_count": 3}, {"href": "https://iium.academia.edu/Departments/History_and_Civilizations/Documents", "doc_count": 27}, {"href": "https://iium.academia.edu/Departments/Human_Resource/Documents", "doc_count": 1}, {"href": "https://iium.academia.edu/Departments/Human_sciences/Documents", "doc_count": 13}, {"href": "https://iium.academia.edu/Departments/IIBF/Documents", "doc_count": 9}, {"href": "https://iium.academia.edu/Departments/IIUM_Centre_for_Continuing_Education/Documents", "doc_count": 1}, {"href": "https://iium.academia.edu/Departments/IIUM_Institute_of_Islamic_Banking_and_Finance/Documents", "doc_count": 2}, {"href": "https://iium.academia.edu/Departments/IIUM_Institute_of_Islamic_Banking_and_Finance_IIiBF_/Documents", "doc_count": 248}, {"href": "https://iium.academia.edu/Departments/IIUM_Library/Documents", "doc_count": 3}, {"href": "https://iium.academia.edu/Departments/IIibf/Documents", "doc_count": 24}, {"href": "https://iium.academia.edu/Departments/INHART_IIUM/Documents", "doc_count": 7}, {"href": "https://iium.academia.edu/Departments/INSTITUTE_OF_EDUCATION/Documents", "doc_count": 37}, {"href": "https://iium.academia.edu/Departments/IRKH/Documents", "doc_count": 25}, {"href": "https://iium.academia.edu/Departments/IRKHQS/Documents", "doc_count": 16}, {"href": "https://iium.academia.edu/Departments/IRKHS_Arabic_/Documents", "doc_count": 3}, {"href": "https://iium.academia.edu/Departments/IRKHS_ENGLISH_DEPARTMENT_/Documents", "doc_count": 10}, {"href": "https://iium.academia.edu/Departments/IRKHS_COMMUNICATION/Documents", "doc_count": 1}, {"href": "https://iium.academia.edu/Departments/IRKHS_PSYCHOLOGY/Documents", "doc_count": 8}, {"href": "https://iium.academia.edu/Departments/ISTAC/Documents", "doc_count": 194}, {"href": "https://iium.academia.edu/Departments/ISTAC_philosophy/Documents", "doc_count": 2}, {"href": "https://iium.academia.edu/Departments/Iiie/Documents", "doc_count": 1}, {"href": "https://iium.academia.edu/Departments/Iium_Institite_of_Islamic_Banking_and_Finance/Documents", "doc_count": 3}, {"href": "https://iium.academia.edu/Departments/Ilmu_Komunikasi/Documents", "doc_count": 2}, {"href": "https://iium.academia.edu/Departments/Indonesia/Documents", "doc_count": 1}, {"href": "https://iium.academia.edu/Departments/Informatic/Documents", "doc_count": 2}, {"href": "https://iium.academia.edu/Departments/Information_Communication_Technology/Documents", "doc_count": 7}, {"href": "https://iium.academia.edu/Departments/Information_Technology/Documents", "doc_count": 16}, {"href": "https://iium.academia.edu/Departments/Information_Technology_Division/Documents", "doc_count": 1}, {"href": "https://iium.academia.edu/Departments/Information_and_Communication_Technology/Documents", "doc_count": 13}, {"href": "https://iium.academia.edu/Departments/Insted/Documents", "doc_count": 19}, {"href": "https://iium.academia.edu/Departments/Institude_of_Education/Documents", "doc_count": 4}, {"href": "https://iium.academia.edu/Departments/Institut_of_Education/Documents", "doc_count": 30}, {"href": "https://iium.academia.edu/Departments/Institute_Of_Islamic_Banking_And_Finance/Documents", "doc_count": 76}, {"href": "https://iium.academia.edu/Departments/Institute_of_Education_IIUM/Documents", "doc_count": 102}, {"href": "https://iium.academia.edu/Departments/Institute_of_Islamic_Banking_Finance/Documents", "doc_count": 27}, {"href": "https://iium.academia.edu/Departments/Institute_of_Islamic_Banking_and_Finance_IIiBF_/Documents", "doc_count": 6}, {"href": "https://iium.academia.edu/Departments/Instructional_Technology/Documents", "doc_count": 4}, {"href": "https://iium.academia.edu/Departments/Intelligent_Mechatronic_System/Documents", "doc_count": 83}, {"href": "https://iium.academia.edu/Departments/Internal_Medicine/Documents", "doc_count": 102}, {"href": "https://iium.academia.edu/Departments/International_Institute_For_Halal_Research_and_Training_INHART_/Documents", "doc_count": 126}, {"href": "https://iium.academia.edu/Departments/International_Institute_of_Islamic_Thought_and_Civilization/Documents", "doc_count": 293}, {"href": "https://iium.academia.edu/Departments/Irkhs/Documents", "doc_count": 39}, {"href": "https://iium.academia.edu/Departments/Irkhs_Quran_Sunnah_/Documents", "doc_count": 1}, {"href": "https://iium.academia.edu/Departments/Irkhs_Sociology/Documents", "doc_count": 1}, {"href": "https://iium.academia.edu/Departments/Irks/Documents", "doc_count": 1}, {"href": "https://iium.academia.edu/Departments/Islamic_Finance/Documents", "doc_count": 22}, {"href": "https://iium.academia.edu/Departments/Islamic_Juirsporudence/Documents", "doc_count": 1}, {"href": "https://iium.academia.edu/Departments/Islamic_Law/Documents", "doc_count": 151}, {"href": "https://iium.academia.edu/Departments/Islamic_Revealed_Knowledge_Heritage_Quran_and_Sunnah_/Documents", "doc_count": 20}, {"href": "https://iium.academia.edu/Departments/Islamic_Revealed_Knowledge_and_Human_Sci/Documents", "doc_count": 6}, {"href": "https://iium.academia.edu/Departments/Islamic_Studies/Documents", "doc_count": 1}, {"href": "https://iium.academia.edu/Departments/Islamic_Thought_and_Civilization/Documents", "doc_count": 3}, {"href": "https://iium.academia.edu/Departments/It_Series/Documents", "doc_count": 4}, {"href": "https://iium.academia.edu/Departments/KAED/Documents", "doc_count": 21}, {"href": "https://iium.academia.edu/Departments/KAED_AQS/Documents", "doc_count": 1}, {"href": "https://iium.academia.edu/Departments/KAED_Landscape_Architecture/Documents", "doc_count": 15}, {"href": "https://iium.academia.edu/Departments/KEMN/Documents", "doc_count": 12}, {"href": "https://iium.academia.edu/Departments/KENMS/Documents", "doc_count": 13}, {"href": "https://iium.academia.edu/Departments/KESEHATAN/Documents", "doc_count": 1}, {"href": "https://iium.academia.edu/Departments/Kict/Documents", "doc_count": 6}, {"href": "https://iium.academia.edu/Departments/Kuliyyah_Education/Documents", "doc_count": 2}, {"href": "https://iium.academia.edu/Departments/Kuliyyah_of_Architecture/Documents", "doc_count": 1}, {"href": "https://iium.academia.edu/Departments/Kuliyyah_of_Architecture_and_Environmental_Design/Documents", "doc_count": 11}, {"href": "https://iium.academia.edu/Departments/Kuliyyah_of_Economics_and_Management/Documents", "doc_count": 4}, {"href": "https://iium.academia.edu/Departments/Kuliyyah_of_Economics_and_Management_Science/Documents", "doc_count": 2}, {"href": "https://iium.academia.edu/Departments/Kuliyyah_of_Economics_and_Management_Sciences/Documents", "doc_count": 3}, {"href": "https://iium.academia.edu/Departments/Kuliyyah_of_Economy_and_Management_Sciences/Documents", "doc_count": 2}, {"href": "https://iium.academia.edu/Departments/Kuliyyah_of_Engineering/Documents", "doc_count": 12}, {"href": "https://iium.academia.edu/Departments/Kuliyyah_of_Information_and_Communication_Technology/Documents", "doc_count": 197}, {"href": "https://iium.academia.edu/Departments/Kuliyyah_of_Islamic_Revealed_Knowledge_and_Human_sciences/Documents", "doc_count": 124}, {"href": "https://iium.academia.edu/Departments/Kuliyyah_of_Languages_and_Management/Documents", "doc_count": 78}, {"href": "https://iium.academia.edu/Departments/Kuliyyah_of_Laws/Documents", "doc_count": 73}, {"href": "https://iium.academia.edu/Departments/Kuliyyah_of_Medicine/Documents", "doc_count": 59}, {"href": "https://iium.academia.edu/Departments/Kuliyyah_of_Pharmacy/Documents", "doc_count": 76}, {"href": "https://iium.academia.edu/Departments/Kulliayah_of_Languages_and_Management/Documents", "doc_count": 1}, {"href": "https://iium.academia.edu/Departments/kulliyah_of_Language_and_Management/Documents", "doc_count": 1}, {"href": "https://iium.academia.edu/Departments/Kulliyah_of_Allied_Health_Sciences/Documents", "doc_count": 66}, {"href": "https://iium.academia.edu/Departments/Kulliyah_of_Architecture_and_Environmental_Design/Documents", "doc_count": 21}, {"href": "https://iium.academia.edu/Departments/Kulliyah_of_Dentistry/Documents", "doc_count": 6}, {"href": "https://iium.academia.edu/Departments/Kulliyah_of_Economics_and_Management_Sciences/Documents", "doc_count": 40}, {"href": "https://iium.academia.edu/Departments/Kulliyah_of_Economics_and_Management_Sciences_Department_of_Finance_/Documents", "doc_count": 2}, {"href": "https://iium.academia.edu/Departments/Kulliyah_of_Education/Documents", "doc_count": 12}, {"href": "https://iium.academia.edu/Departments/Kulliyah_of_Engineering/Documents", "doc_count": 10}, {"href": "https://iium.academia.edu/Departments/Kulliyah_of_Information_and_Communication_Technology/Documents", "doc_count": 13}, {"href": "https://iium.academia.edu/Departments/Kulliyah_of_Languages_Management/Documents", "doc_count": 28}, {"href": "https://iium.academia.edu/Departments/Kulliyah_of_Law/Documents", "doc_count": 1}, {"href": "https://iium.academia.edu/Departments/Kulliyah_of_Medicine/Documents", "doc_count": 2}, {"href": "https://iium.academia.edu/Departments/Kulliyah_of_Science/Documents", "doc_count": 23}, {"href": "https://iium.academia.edu/Departments/Kulliyyah_College_of_Islamic_Revealed_Knowledge_and_Human_Sciences/Documents", "doc_count": 35}, {"href": "https://iium.academia.edu/Departments/Kulliyyah_Information_Communication_and_Technology/Documents", "doc_count": 3}, {"href": "https://iium.academia.edu/Departments/Kulliyyah_Of_Engineering/Documents", "doc_count": 113}, {"href": "https://iium.academia.edu/Departments/kulliyyah_of_engineering_Mechatronics_Engineering/Documents", "doc_count": 10}, {"href": "https://iium.academia.edu/Departments/Kulliyyah_of_Allied_Health_Sciences/Documents", "doc_count": 24}, {"href": "https://iium.academia.edu/Departments/Kulliyyah_of_Architecture_Environmental_Design/Documents", "doc_count": 164}, {"href": "https://iium.academia.edu/Departments/Kulliyyah_of_Architecture_amp_Environmental_Design/Documents", "doc_count": 2}, {"href": "https://iium.academia.edu/Departments/Kulliyyah_of_Dentistry/Documents", "doc_count": 6}, {"href": "https://iium.academia.edu/Departments/Kulliyyah_of_Economics_and_management_sciences/Documents", "doc_count": 287}, {"href": "https://iium.academia.edu/Departments/Kulliyyah_of_Education/Documents", "doc_count": 66}, {"href": "https://iium.academia.edu/Departments/Kulliyyah_of_Education_IIUM/Documents", "doc_count": 53}, {"href": "https://iium.academia.edu/Departments/Kulliyyah_of_ICT/Documents", "doc_count": 124}, {"href": "https://iium.academia.edu/Departments/Kulliyyah_of_Information_and_Communication_Technology_kict_/Documents", "doc_count": 198}, {"href": "https://iium.academia.edu/Departments/Kulliyyah_of_Islamic_Revealed_Knowledge/Documents", "doc_count": 1}, {"href": "https://iium.academia.edu/Departments/Kulliyyah_of_Islamic_Revealed_Knowledge_Human_Sciences/Documents", "doc_count": 267}, {"href": "https://iium.academia.edu/Departments/Kulliyyah_of_Islamic_Revealed_Knowledge_and_Human_Sciences/Documents", "doc_count": 9}, {"href": "https://iium.academia.edu/Departments/Kulliyyah_of_Islamic_Revealed_Knowledge_and_Human_Sciences_I/Documents", "doc_count": 36}, {"href": "https://iium.academia.edu/Departments/Kulliyyah_of_Languages_and_Management/Documents", "doc_count": 96}, {"href": "https://iium.academia.edu/Departments/Kulliyyah_of_Languages_and_Management_KLM_/Documents", "doc_count": 4}, {"href": "https://iium.academia.edu/Departments/Kulliyyah_of_Medicine/Documents", "doc_count": 15}, {"href": "https://iium.academia.edu/Departments/Kulliyyah_of_Nursing/Documents", "doc_count": 58}, {"href": "https://iium.academia.edu/Departments/Kulliyyah_of_Pharmacy/Documents", "doc_count": 76}, {"href": "https://iium.academia.edu/Departments/Kulliyyah_of_Science/Documents", "doc_count": 1}, {"href": "https://iium.academia.edu/Departments/LANGUE/Documents", "doc_count": 1}, {"href": "https://iium.academia.edu/Departments/Landscape_Architecture_Kulliyyah_of_Architecture_and_Environmental_Design/Documents", "doc_count": 128}, {"href": "https://iium.academia.edu/Departments/Language_and_Literacy/Documents", "doc_count": 126}, {"href": "https://iium.academia.edu/Departments/Language_and_Literacy_KOED/Documents", "doc_count": 26}, {"href": "https://iium.academia.edu/Departments/Languages_and_Management/Documents", "doc_count": 9}, {"href": "https://iium.academia.edu/Departments/Languange_and_Management/Documents", "doc_count": 1}, {"href": "https://iium.academia.edu/Departments/Law/Documents", "doc_count": 190}, {"href": "https://iium.academia.edu/Departments/Laws/Documents", "doc_count": 5}, {"href": "https://iium.academia.edu/Departments/Legal/Documents", "doc_count": 1}, {"href": "https://iium.academia.edu/Departments/Legal_Practice_Department/Documents", "doc_count": 68}, {"href": "https://iium.academia.edu/Departments/Library/Documents", "doc_count": 30}, {"href": "https://iium.academia.edu/Departments/Library_Kuantan_Campus_/Documents", "doc_count": 24}, {"href": "https://iium.academia.edu/Departments/MANUFACTURING/Documents", "doc_count": 2}, {"href": "https://iium.academia.edu/Departments/MBBS/Documents", "doc_count": 77}, {"href": "https://iium.academia.edu/Departments/Management_centre/Documents", "doc_count": 2}, {"href": "https://iium.academia.edu/Departments/Manufacturing_Materials_Department/Documents", "doc_count": 63}, {"href": "https://iium.academia.edu/Departments/Manufacturing_materials_engineering/Documents", "doc_count": 4}, {"href": "https://iium.academia.edu/Departments/Manufacturing_and_Materials/Documents", "doc_count": 1}, {"href": "https://iium.academia.edu/Departments/Manufacturing_and_Materials_Engineering/Documents", "doc_count": 9}, {"href": "https://iium.academia.edu/Departments/Marketing/Documents", "doc_count": 1}, {"href": "https://iium.academia.edu/Departments/Mass_Communication/Documents", "doc_count": 3}, {"href": "https://iium.academia.edu/Departments/Master_of_Science_in_Finance/Documents", "doc_count": 2}, {"href": "https://iium.academia.edu/Departments/Master_of_science_in_Marketing/Documents", "doc_count": 34}, {"href": "https://iium.academia.edu/Departments/Material/Documents", "doc_count": 2}, {"href": "https://iium.academia.edu/Departments/Materials/Documents", "doc_count": 9}, {"href": "https://iium.academia.edu/Departments/Mathematical_Science/Documents", "doc_count": 5}, {"href": "https://iium.academia.edu/Departments/Mathematics/Documents", "doc_count": 1}, {"href": "https://iium.academia.edu/Departments/Mechanical_Material_Engineering/Documents", "doc_count": 2}, {"href": "https://iium.academia.edu/Departments/Mechanical_Department/Documents", "doc_count": 4}, {"href": "https://iium.academia.edu/Departments/Mechanical_Engineering/Documents", "doc_count": 308}, {"href": "https://iium.academia.edu/Departments/Mechanical_Engineering_Department/Documents", "doc_count": 80}, {"href": "https://iium.academia.edu/Departments/Mechanical_Automotive/Documents", "doc_count": 1}, {"href": "https://iium.academia.edu/Departments/Mechatronic/Documents", "doc_count": 1}, {"href": "https://iium.academia.edu/Departments/Mechatronic_Engineering/Documents", "doc_count": 169}, {"href": "https://iium.academia.edu/Departments/Mechatronics_Engineering/Documents", "doc_count": 737}, {"href": "https://iium.academia.edu/Departments/Mechatronics_Engineering_Kulliyyah_of_Engineering/Documents", "doc_count": 16}, {"href": "https://iium.academia.edu/Departments/Mmed/Documents", "doc_count": 73}, {"href": "https://iium.academia.edu/Departments/Nkri/Documents", "doc_count": 1}, {"href": "https://iium.academia.edu/Departments/None/Documents", "doc_count": 1}, {"href": "https://iium.academia.edu/Departments/Nutrition_Sciences/Documents", "doc_count": 65}, {"href": "https://iium.academia.edu/Departments/ORTHOPAEDICS/Documents", "doc_count": 77}, {"href": "https://iium.academia.edu/Departments/Obstetrics_Gynaecology/Documents", "doc_count": 39}, {"href": "https://iium.academia.edu/Departments/Office_Corporate_Communication_and_Marketing/Documents", "doc_count": 1}, {"href": "https://iium.academia.edu/Departments/Oncology/Documents", "doc_count": 1}, {"href": "https://iium.academia.edu/Departments/Optometry_and_Visual_Sciences/Documents", "doc_count": 1}, {"href": "https://iium.academia.edu/Departments/Oral_Maxillofacial_Surgery_and_Oral_Diagnosis/Documents", "doc_count": 1}, {"href": "https://iium.academia.edu/Departments/PROFESSIONAL_NURSING_STUDIES/Documents", "doc_count": 80}, {"href": "https://iium.academia.edu/Departments/Paediatric_and_Dental_Public_Health/Documents", "doc_count": 13}, {"href": "https://iium.academia.edu/Departments/Paediatrics/Documents", "doc_count": 8}, {"href": "https://iium.academia.edu/Departments/Pathology/Documents", "doc_count": 1}, {"href": "https://iium.academia.edu/Departments/Pharmaceutical_Chemistry/Documents", "doc_count": 10}, {"href": "https://iium.academia.edu/Departments/Pharmaceutical_Chemistry_Kulliyyah_of_Pharmacy/Documents", "doc_count": 68}, {"href": "https://iium.academia.edu/Departments/Pharmaceutical_technology/Documents", "doc_count": 98}, {"href": "https://iium.academia.edu/Departments/Pharmacy_Practice/Documents", "doc_count": 1}, {"href": "https://iium.academia.edu/Departments/Physics/Documents", "doc_count": 6}, {"href": "https://iium.academia.edu/Departments/Political_Science/Documents", "doc_count": 408}, {"href": "https://iium.academia.edu/Departments/Political_Sciences/Documents", "doc_count": 13}, {"href": "https://iium.academia.edu/Departments/Post_Graduate_and_Reseaerch/Documents", "doc_count": 8}, {"href": "https://iium.academia.edu/Departments/Private_Law/Documents", "doc_count": 1}, {"href": "https://iium.academia.edu/Departments/Private_Legal_Firm/Documents", "doc_count": 1}, {"href": "https://iium.academia.edu/Departments/Psychiatry/Documents", "doc_count": 32}, {"href": "https://iium.academia.edu/Departments/Psychology/Documents", "doc_count": 226}, {"href": "https://iium.academia.edu/Departments/Psyhology/Documents", "doc_count": 1}, {"href": "https://iium.academia.edu/Departments/Public_Health/Documents", "doc_count": 17}, {"href": "https://iium.academia.edu/Departments/Quantity_Surveying/Documents", "doc_count": 4}, {"href": "https://iium.academia.edu/Departments/Radiology/Documents", "doc_count": 78}, {"href": "https://iium.academia.edu/Departments/Rkud/Documents", "doc_count": 1}, {"href": "https://iium.academia.edu/Departments/Robotic/Documents", "doc_count": 1}, {"href": "https://iium.academia.edu/Departments/SCHOOL/Documents", "doc_count": 1}, {"href": "https://iium.academia.edu/Departments/Science/Documents", "doc_count": 16}, {"href": "https://iium.academia.edu/Departments/Science_in_Engineering/Documents", "doc_count": 55}, {"href": "https://iium.academia.edu/Departments/Semantic_Body_of_Knowledge_and_Technology_Research_Unit/Documents", "doc_count": 31}, {"href": "https://iium.academia.edu/Departments/Shariah_Llaw/Documents", "doc_count": 1}, {"href": "https://iium.academia.edu/Departments/Social_Foundations_Educational_Leadership/Documents", "doc_count": 67}, {"href": "https://iium.academia.edu/Departments/Social_Science/Documents", "doc_count": 2}, {"href": "https://iium.academia.edu/Departments/Sociology_and_Anthropology/Documents", "doc_count": 156}, {"href": "https://iium.academia.edu/Departments/Software/Documents", "doc_count": 12}, {"href": "https://iium.academia.edu/Departments/Sport/Documents", "doc_count": 1}, {"href": "https://iium.academia.edu/Departments/Strategic_Management/Documents", "doc_count": 1}, {"href": "https://iium.academia.edu/Departments/Student/Documents", "doc_count": 6}, {"href": "https://iium.academia.edu/Departments/Student_Affair/Documents", "doc_count": 1}, {"href": "https://iium.academia.edu/Departments/Surgery/Documents", "doc_count": 3}, {"href": "https://iium.academia.edu/Departments/TESL/Documents", "doc_count": 1}, {"href": "https://iium.academia.edu/Departments/Talors_University/Documents", "doc_count": 1}, {"href": "https://iium.academia.edu/Departments/Teaching_English_as_a_Second_Language/Documents", "doc_count": 6}, {"href": "https://iium.academia.edu/Departments/USUL_AL_DIN_AND_COMPARATIVE_RELIGION/Documents", "doc_count": 56}, {"href": "https://iium.academia.edu/Departments/University_of_Lampung/Documents", "doc_count": 4}, {"href": "https://iium.academia.edu/Departments/Urban_Planning/Documents", "doc_count": 26}, {"href": "https://iium.academia.edu/Departments/Urban_and_Regional_Planning/Documents", "doc_count": 1}, {"href": "https://iium.academia.edu/Departments/Urban_and_Regional_Planning_URP_/Documents", "doc_count": 14}, {"href": "https://iium.academia.edu/Departments/Ushul_Fiqh/Documents", "doc_count": 2}, {"href": "https://iium.academia.edu/Departments/Usuluddin_Comparative_Religion/Documents", "doc_count": 17}, {"href": "https://iium.academia.edu/Departments/Usuluddin_and_Comp_Religion/Documents", "doc_count": 25}, {"href": "https://iium.academia.edu/Departments/Usuluddin_and_Comparative_Religion/Documents", "doc_count": 343}]