[{"href": "https://msu-my.academia.edu/Departments/Academic/Documents", "doc_count": 2}, {"href": "https://msu-my.academia.edu/Departments/Accountancy/Documents", "doc_count": 6}, {"href": "https://msu-my.academia.edu/Departments/Accounting_finance/Documents", "doc_count": 12}, {"href": "https://msu-my.academia.edu/Departments/BACHELOR_IN_ACCOUNTANCY/Documents", "doc_count": 1}, {"href": "https://msu-my.academia.edu/Departments/Bachelor_Biomedical_Science/Documents", "doc_count": 1}, {"href": "https://msu-my.academia.edu/Departments/Bachelor_in_International_Business/Documents", "doc_count": 2}, {"href": "https://msu-my.academia.edu/Departments/Bachelor_in_medicine_and_bachelor_in_surgery/Documents", "doc_count": 2}, {"href": "https://msu-my.academia.edu/Departments/Bachelor_of_Spa_Management/Documents", "doc_count": 1}, {"href": "https://msu-my.academia.edu/Departments/Bio_Medical_Science/Documents", "doc_count": 2}, {"href": "https://msu-my.academia.edu/Departments/Bioinformatics/Documents", "doc_count": 13}, {"href": "https://msu-my.academia.edu/Departments/Biomedical_Science/Documents", "doc_count": 2}, {"href": "https://msu-my.academia.edu/Departments/Business/Documents", "doc_count": 5}, {"href": "https://msu-my.academia.edu/Departments/Centre_For_Fundamental_Studies/Documents", "doc_count": 49}, {"href": "https://msu-my.academia.edu/Departments/Centre_for_Foundation_Studies/Documents", "doc_count": 6}, {"href": "https://msu-my.academia.edu/Departments/Computer_Science/Documents", "doc_count": 2}, {"href": "https://msu-my.academia.edu/Departments/Department_of_Diagnostic_and_Allied_Health_Science/Documents", "doc_count": 4}, {"href": "https://msu-my.academia.edu/Departments/Department_of_Health_Professionals_and_Food_Services/Documents", "doc_count": 2}, {"href": "https://msu-my.academia.edu/Departments/Diploma_in_Hospitality_and_Tourism/Documents", "doc_count": 2}, {"href": "https://msu-my.academia.edu/Departments/Education/Documents", "doc_count": 2}, {"href": "https://msu-my.academia.edu/Departments/Education_Social_Scieces/Documents", "doc_count": 26}, {"href": "https://msu-my.academia.edu/Departments/Engineering/Documents", "doc_count": 30}, {"href": "https://msu-my.academia.edu/Departments/Engineering_and_Technology/Documents", "doc_count": 57}, {"href": "https://msu-my.academia.edu/Departments/FBMP/Documents", "doc_count": 23}, {"href": "https://msu-my.academia.edu/Departments/FORENSIC_SCIENCE_FHLS/Documents", "doc_count": 2}, {"href": "https://msu-my.academia.edu/Departments/Faculty_Health_and_Life_Sciences/Documents", "doc_count": 41}, {"href": "https://msu-my.academia.edu/Departments/Faculty_of_Business_Management_and_Professional_Studies/Documents", "doc_count": 52}, {"href": "https://msu-my.academia.edu/Departments/Faculty_of_Health_Life_Sciences/Documents", "doc_count": 2}, {"href": "https://msu-my.academia.edu/Departments/Faculty_of_Health_and_Life_Science/Documents", "doc_count": 74}, {"href": "https://msu-my.academia.edu/Departments/Faculty_of_Information_Science_and_Engineering/Documents", "doc_count": 2}, {"href": "https://msu-my.academia.edu/Departments/Faculty_of_Information_Sciences_and_Engineering/Documents", "doc_count": 43}, {"href": "https://msu-my.academia.edu/Departments/Faculty_of_Law/Documents", "doc_count": 9}, {"href": "https://msu-my.academia.edu/Departments/Faculty_of_School_Education_and_Science_Social/Documents", "doc_count": 2}, {"href": "https://msu-my.academia.edu/Departments/Fise/Documents", "doc_count": 9}, {"href": "https://msu-my.academia.edu/Departments/Graduate_School_of_Managemant/Documents", "doc_count": 6}, {"href": "https://msu-my.academia.edu/Departments/Graduate_Student/Documents", "doc_count": 1}, {"href": "https://msu-my.academia.edu/Departments/Graduate_Studies/Documents", "doc_count": 2}, {"href": "https://msu-my.academia.edu/Departments/Graduate_school_of_management/Documents", "doc_count": 35}, {"href": "https://msu-my.academia.edu/Departments/Hospitality_and_Tourism_Management/Documents", "doc_count": 1}, {"href": "https://msu-my.academia.edu/Departments/Human_Capital_Management/Documents", "doc_count": 1}, {"href": "https://msu-my.academia.edu/Departments/Information_Science_and_Computing/Documents", "doc_count": 10}, {"href": "https://msu-my.academia.edu/Departments/International_Centre_for_Halal_Studies/Documents", "doc_count": 8}, {"href": "https://msu-my.academia.edu/Departments/International_Medical_School/Documents", "doc_count": 20}, {"href": "https://msu-my.academia.edu/Departments/Jaya/Documents", "doc_count": 1}, {"href": "https://msu-my.academia.edu/Departments/Leadership/Documents", "doc_count": 2}, {"href": "https://msu-my.academia.edu/Departments/Management/Documents", "doc_count": 4}, {"href": "https://msu-my.academia.edu/Departments/Master_in_It/Documents", "doc_count": 4}, {"href": "https://msu-my.academia.edu/Departments/Media_Science_Graphic/Documents", "doc_count": 1}, {"href": "https://msu-my.academia.edu/Departments/Media_Science_and_Graphics/Documents", "doc_count": 1}, {"href": "https://msu-my.academia.edu/Departments/Medical_Micrbiology_Faculty_of_Medicine/Documents", "doc_count": 5}, {"href": "https://msu-my.academia.edu/Departments/Medical_Physiology/Documents", "doc_count": 2}, {"href": "https://msu-my.academia.edu/Departments/Medicine/Documents", "doc_count": 8}, {"href": "https://msu-my.academia.edu/Departments/Obstetrics_and_Gynaecology/Documents", "doc_count": 142}, {"href": "https://msu-my.academia.edu/Departments/Post_Graduate/Documents", "doc_count": 281}, {"href": "https://msu-my.academia.edu/Departments/Postgraduate_Centre/Documents", "doc_count": 82}, {"href": "https://msu-my.academia.edu/Departments/Research_Management_Centre/Documents", "doc_count": 2}, {"href": "https://msu-my.academia.edu/Departments/SESS/Documents", "doc_count": 26}, {"href": "https://msu-my.academia.edu/Departments/SHCA/Documents", "doc_count": 1}, {"href": "https://msu-my.academia.edu/Departments/SOCIAL_SCIENCE/Documents", "doc_count": 3}, {"href": "https://msu-my.academia.edu/Departments/Scha/Documents", "doc_count": 1}, {"href": "https://msu-my.academia.edu/Departments/School_of_Education_Social_Sciences/Documents", "doc_count": 27}, {"href": "https://msu-my.academia.edu/Departments/School_of_Education_and_Social_Science/Documents", "doc_count": 48}, {"href": "https://msu-my.academia.edu/Departments/School_of_Education_and_social_sciences/Documents", "doc_count": 3}, {"href": "https://msu-my.academia.edu/Departments/School_of_Hospitality_Creative_Art/Documents", "doc_count": 5}, {"href": "https://msu-my.academia.edu/Departments/School_of_Hospitality_and_Culinary_Arts/Documents", "doc_count": 2}, {"href": "https://msu-my.academia.edu/Departments/School_of_Hospitality_Education_and_Business_Studies/Documents", "doc_count": 1}, {"href": "https://msu-my.academia.edu/Departments/School_of_Pharmacy/Documents", "doc_count": 146}, {"href": "https://msu-my.academia.edu/Departments/School_of_hospitality_and_creative_arts/Documents", "doc_count": 1}, {"href": "https://msu-my.academia.edu/Departments/Students/Documents", "doc_count": 1}, {"href": "https://msu-my.academia.edu/Departments/Tesl/Documents", "doc_count": 22}]