[{"href": "https://umonash-my.academia.edu/Departments/Accounting_Finance/Documents", "doc_count": 114}, {"href": "https://umonash-my.academia.edu/Departments/Accounting_and_Finance/Documents", "doc_count": 16}, {"href": "https://umonash-my.academia.edu/Departments/Acoounting/Documents", "doc_count": 3}, {"href": "https://umonash-my.academia.edu/Departments/Alumni/Documents", "doc_count": 1}, {"href": "https://umonash-my.academia.edu/Departments/Bachelor_in_business_and_commerce/Documents", "doc_count": 9}, {"href": "https://umonash-my.academia.edu/Departments/Biofunctional_Molecule_Exploratory_Research_Group/Documents", "doc_count": 35}, {"href": "https://umonash-my.academia.edu/Departments/Biomedical_Sciences/Documents", "doc_count": 16}, {"href": "https://umonash-my.academia.edu/Departments/Biotechnology/Documents", "doc_count": 15}, {"href": "https://umonash-my.academia.edu/Departments/Business_Administration/Documents", "doc_count": 1}, {"href": "https://umonash-my.academia.edu/Departments/Busniess/Documents", "doc_count": 1}, {"href": "https://umonash-my.academia.edu/Departments/Chemical_Engineering/Documents", "doc_count": 21}, {"href": "https://umonash-my.academia.edu/Departments/Civil_Engineering/Documents", "doc_count": 76}, {"href": "https://umonash-my.academia.edu/Departments/Clinical_School_Johor_Bahru/Documents", "doc_count": 12}, {"href": "https://umonash-my.academia.edu/Departments/Economics/Documents", "doc_count": 3}, {"href": "https://umonash-my.academia.edu/Departments/Education/Documents", "doc_count": 2}, {"href": "https://umonash-my.academia.edu/Departments/Education_Management/Documents", "doc_count": 48}, {"href": "https://umonash-my.academia.edu/Departments/Electrical_Computer_Systems_Engineering/Documents", "doc_count": 34}, {"href": "https://umonash-my.academia.edu/Departments/English/Documents", "doc_count": 1}, {"href": "https://umonash-my.academia.edu/Departments/Food_Science_and_Technology/Documents", "doc_count": 9}, {"href": "https://umonash-my.academia.edu/Departments/General_Practice_Family_Medicine/Documents", "doc_count": 5}, {"href": "https://umonash-my.academia.edu/Departments/General_Studies/Documents", "doc_count": 22}, {"href": "https://umonash-my.academia.edu/Departments/Genomics/Documents", "doc_count": 1}, {"href": "https://umonash-my.academia.edu/Departments/Global_Public_Health/Documents", "doc_count": 82}, {"href": "https://umonash-my.academia.edu/Departments/JCSMHS/Documents", "doc_count": 1}, {"href": "https://umonash-my.academia.edu/Departments/Jeffrey_Cheah_School_Of_Medicine_and_Health_Sciences/Documents", "doc_count": 288}, {"href": "https://umonash-my.academia.edu/Departments/Law/Documents", "doc_count": 1}, {"href": "https://umonash-my.academia.edu/Departments/Management/Documents", "doc_count": 1}, {"href": "https://umonash-my.academia.edu/Departments/Marketing/Documents", "doc_count": 34}, {"href": "https://umonash-my.academia.edu/Departments/Mechani/Documents", "doc_count": 4}, {"href": "https://umonash-my.academia.edu/Departments/Mechanical_Engineering/Documents", "doc_count": 35}, {"href": "https://umonash-my.academia.edu/Departments/Mechatronics_engineering/Documents", "doc_count": 2}, {"href": "https://umonash-my.academia.edu/Departments/Medical_and_Health_Sciences/Documents", "doc_count": 6}, {"href": "https://umonash-my.academia.edu/Departments/Medicine_and_Health_Sciences/Documents", "doc_count": 143}, {"href": "https://umonash-my.academia.edu/Departments/Pharmacology/Documents", "doc_count": 67}, {"href": "https://umonash-my.academia.edu/Departments/Psychological_Sciences/Documents", "doc_count": 2}, {"href": "https://umonash-my.academia.edu/Departments/Psychology/Documents", "doc_count": 35}, {"href": "https://umonash-my.academia.edu/Departments/Sains/Documents", "doc_count": 7}, {"href": "https://umonash-my.academia.edu/Departments/School_Of_Chemistry/Documents", "doc_count": 20}, {"href": "https://umonash-my.academia.edu/Departments/School_of_Arts_and_Social_Sciences/Documents", "doc_count": 789}, {"href": "https://umonash-my.academia.edu/Departments/School_of_Business/Documents", "doc_count": 164}, {"href": "https://umonash-my.academia.edu/Departments/School_of_Business_economics_/Documents", "doc_count": 26}, {"href": "https://umonash-my.academia.edu/Departments/School_of_Business_and_Commerce/Documents", "doc_count": 3}, {"href": "https://umonash-my.academia.edu/Departments/School_of_Business_and_Economics/Documents", "doc_count": 4}, {"href": "https://umonash-my.academia.edu/Departments/School_of_Engineering/Documents", "doc_count": 412}, {"href": "https://umonash-my.academia.edu/Departments/School_of_IT/Documents", "doc_count": 28}, {"href": "https://umonash-my.academia.edu/Departments/School_of_Information_Technology/Documents", "doc_count": 226}, {"href": "https://umonash-my.academia.edu/Departments/School_of_Pharmacy/Documents", "doc_count": 591}, {"href": "https://umonash-my.academia.edu/Departments/School_of_Sciences/Documents", "doc_count": 179}, {"href": "https://umonash-my.academia.edu/Departments/Science/Documents", "doc_count": 363}, {"href": "https://umonash-my.academia.edu/Departments/Student/Documents", "doc_count": 10}]