[{"href": "https://nottingham-my.academia.edu/Departments/Administracion/Documents", "doc_count": 1}, {"href": "https://nottingham-my.academia.edu/Departments/Applied_Mathematics/Documents", "doc_count": 30}, {"href": "https://nottingham-my.academia.edu/Departments/Art_and_Education/Documents", "doc_count": 1}, {"href": "https://nottingham-my.academia.edu/Departments/Arts_Foundation/Documents", "doc_count": 1}, {"href": "https://nottingham-my.academia.edu/Departments/Biomedical_Science/Documents", "doc_count": 2}, {"href": "https://nottingham-my.academia.edu/Departments/Business/Documents", "doc_count": 67}, {"href": "https://nottingham-my.academia.edu/Departments/CELE/Documents", "doc_count": 4}, {"href": "https://nottingham-my.academia.edu/Departments/Cape/Documents", "doc_count": 1}, {"href": "https://nottingham-my.academia.edu/Departments/Car_stereo_repair_houston/Documents", "doc_count": 1}, {"href": "https://nottingham-my.academia.edu/Departments/Centre_for_the_Study_of_Communications_and_Culture/Documents", "doc_count": 96}, {"href": "https://nottingham-my.academia.edu/Departments/Chemical_Engineering/Documents", "doc_count": 4}, {"href": "https://nottingham-my.academia.edu/Departments/Chemical_and_Environmental_Engineering/Documents", "doc_count": 99}, {"href": "https://nottingham-my.academia.edu/Departments/Civil_Engineering/Documents", "doc_count": 77}, {"href": "https://nottingham-my.academia.edu/Departments/Department_of_Chemical_Environmental_Engineering/Documents", "doc_count": 38}, {"href": "https://nottingham-my.academia.edu/Departments/Department_of_Mechanical_Materials_amp_Manufacturing_Engineering/Documents", "doc_count": 55}, {"href": "https://nottingham-my.academia.edu/Departments/Department_of_mechanical_materials_and_manufacturing_engineering/Documents", "doc_count": 181}, {"href": "https://nottingham-my.academia.edu/Departments/Depertment_of_Electrical_and_Electronic_Engineering/Documents", "doc_count": 70}, {"href": "https://nottingham-my.academia.edu/Departments/Dept_of_Mechanical_Engineering/Documents", "doc_count": 26}, {"href": "https://nottingham-my.academia.edu/Departments/EDUCATION_PGCE_i_/Documents", "doc_count": 3}, {"href": "https://nottingham-my.academia.edu/Departments/Electrical_and_Electronic_Engineer/Documents", "doc_count": 1}, {"href": "https://nottingham-my.academia.edu/Departments/Electrical_and_Electronic_Engineering_Computer_Science/Documents", "doc_count": 20}, {"href": "https://nottingham-my.academia.edu/Departments/Engineering/Documents", "doc_count": 5}, {"href": "https://nottingham-my.academia.edu/Departments/Environmental_Science/Documents", "doc_count": 9}, {"href": "https://nottingham-my.academia.edu/Departments/Esteli/Documents", "doc_count": 1}, {"href": "https://nottingham-my.academia.edu/Departments/faculty_of_Arts_and_social_sciences/Documents", "doc_count": 7}, {"href": "https://nottingham-my.academia.edu/Departments/Faculty_of_Electrical_and_Electronic_Engineering/Documents", "doc_count": 69}, {"href": "https://nottingham-my.academia.edu/Departments/Faculty_of_Engineering_Department_of_Electrical_and_Electronic_Engineering/Documents", "doc_count": 109}, {"href": "https://nottingham-my.academia.edu/Departments/Faculty_of_Science/Documents", "doc_count": 35}, {"href": "https://nottingham-my.academia.edu/Departments/Faculty_of_Social_Sciences/Documents", "doc_count": 27}, {"href": "https://nottingham-my.academia.edu/Departments/Filosofia/Documents", "doc_count": 1}, {"href": "https://nottingham-my.academia.edu/Departments/Foundation_in_Science/Documents", "doc_count": 2}, {"href": "https://nottingham-my.academia.edu/Departments/Institute_of_Work_Health_and_Organisation/Documents", "doc_count": 39}, {"href": "https://nottingham-my.academia.edu/Departments/Knowledge_Without_Borders_Network/Documents", "doc_count": 6}, {"href": "https://nottingham-my.academia.edu/Departments/London/Documents", "doc_count": 1}, {"href": "https://nottingham-my.academia.edu/Departments/Matematikas/Documents", "doc_count": 1}, {"href": "https://nottingham-my.academia.edu/Departments/Mechanical_Materials_and_Manufacturing/Documents", "doc_count": 139}, {"href": "https://nottingham-my.academia.edu/Departments/Mechanical_Materials_and_Manufacturing_Engineering1/Documents", "doc_count": 7}, {"href": "https://nottingham-my.academia.edu/Departments/Mechanical_Materials_and_Manufacturing_Engineering/Documents", "doc_count": 225}, {"href": "https://nottingham-my.academia.edu/Departments/Mechanics/Documents", "doc_count": 1}, {"href": "https://nottingham-my.academia.edu/Departments/NUBS/Documents", "doc_count": 14}, {"href": "https://nottingham-my.academia.edu/Departments/Nottingham_University_Business_School/Documents", "doc_count": 46}, {"href": "https://nottingham-my.academia.edu/Departments/Research_Knowledge_Transfer/Documents", "doc_count": 4}, {"href": "https://nottingham-my.academia.edu/Departments/STATISTICS/Documents", "doc_count": 1}, {"href": "https://nottingham-my.academia.edu/Departments/School_of_Biomedical_Sciences/Documents", "doc_count": 24}, {"href": "https://nottingham-my.academia.edu/Departments/School_of_Biosciences/Documents", "doc_count": 439}, {"href": "https://nottingham-my.academia.edu/Departments/School_of_Computer_Science/Documents", "doc_count": 121}, {"href": "https://nottingham-my.academia.edu/Departments/School_of_Economics/Documents", "doc_count": 109}, {"href": "https://nottingham-my.academia.edu/Departments/School_of_Education/Documents", "doc_count": 121}, {"href": "https://nottingham-my.academia.edu/Departments/School_of_English/Documents", "doc_count": 120}, {"href": "https://nottingham-my.academia.edu/Departments/School_of_Environmental_and_Geographical_Sciences/Documents", "doc_count": 2}, {"href": "https://nottingham-my.academia.edu/Departments/School_of_Geography/Documents", "doc_count": 135}, {"href": "https://nottingham-my.academia.edu/Departments/School_of_Media_Languages_and_Cultures/Documents", "doc_count": 80}, {"href": "https://nottingham-my.academia.edu/Departments/School_of_Modern_Languages_and_Cultures/Documents", "doc_count": 132}, {"href": "https://nottingham-my.academia.edu/Departments/School_of_Pharmacy/Documents", "doc_count": 82}, {"href": "https://nottingham-my.academia.edu/Departments/School_of_Politics_History_and_International_Relations/Documents", "doc_count": 100}, {"href": "https://nottingham-my.academia.edu/Departments/School_of_Psychology/Documents", "doc_count": 256}, {"href": "https://nottingham-my.academia.edu/Departments/SchoolofPolitics_History_and_International_Relation/Documents", "doc_count": 5}, {"href": "https://nottingham-my.academia.edu/Departments/Tun_Abdul_Razak_School_Of_Government/Documents", "doc_count": 1}]