[{"href": "https://uitmkelantan.academia.edu/Departments/Accountancy/Documents", "doc_count": 4}, {"href": "https://uitmkelantan.academia.edu/Departments/Accounting/Documents", "doc_count": 4}, {"href": "https://uitmkelantan.academia.edu/Departments/Akademi_Pengajian_Bahasa/Documents", "doc_count": 1}, {"href": "https://uitmkelantan.academia.edu/Departments/Banking_Studies/Documents", "doc_count": 1}, {"href": "https://uitmkelantan.academia.edu/Departments/Business_Management/Documents", "doc_count": 5}, {"href": "https://uitmkelantan.academia.edu/Departments/Business_Studies/Documents", "doc_count": 1}, {"href": "https://uitmkelantan.academia.edu/Departments/Diploma_in_Science_Computer/Documents", "doc_count": 1}, {"href": "https://uitmkelantan.academia.edu/Departments/Faculty_Computer_Science_and_Mathematics/Documents", "doc_count": 3}, {"href": "https://uitmkelantan.academia.edu/Departments/Fakulti_Sains_Komputer_Dan_Matematik/Documents", "doc_count": 6}, {"href": "https://uitmkelantan.academia.edu/Departments/Fakulti_pengurusan_dan_perniagaan/Documents", "doc_count": 2}, {"href": "https://uitmkelantan.academia.edu/Departments/Finance/Documents", "doc_count": 3}, {"href": "https://uitmkelantan.academia.edu/Departments/Fine_Art/Documents", "doc_count": 1}, {"href": "https://uitmkelantan.academia.edu/Departments/INFORMATION_MANAGEMENT/Documents", "doc_count": 1}, {"href": "https://uitmkelantan.academia.edu/Departments/Science_Administrative_and_Policy_Studies/Documents", "doc_count": 5}, {"href": "https://uitmkelantan.academia.edu/Departments/Statistics/Documents", "doc_count": 9}, {"href": "https://uitmkelantan.academia.edu/Departments/Visual_Culture_Studies/Documents", "doc_count": 23}]