[{"href": "https://uitsl.academia.edu/Departments/Academy_of_Applied_Language_Studies/Documents", "doc_count": 8}, {"href": "https://uitsl.academia.edu/Departments/Academy_of_Contemporary_Islamic_Studies/Documents", "doc_count": 3}, {"href": "https://uitsl.academia.edu/Departments/Academy_of_Language_Studies/Documents", "doc_count": 8}, {"href": "https://uitsl.academia.edu/Departments/Accontancy/Documents", "doc_count": 11}, {"href": "https://uitsl.academia.edu/Departments/Accountancy/Documents", "doc_count": 17}, {"href": "https://uitsl.academia.edu/Departments/Accounting/Documents", "doc_count": 14}, {"href": "https://uitsl.academia.edu/Departments/Actuarial_Science/Documents", "doc_count": 1}, {"href": "https://uitsl.academia.edu/Departments/Administrative_Scienec_and_Policy_Studies/Documents", "doc_count": 29}, {"href": "https://uitsl.academia.edu/Departments/Animation/Documents", "doc_count": 3}, {"href": "https://uitsl.academia.edu/Departments/Antioquia/Documents", "doc_count": 1}, {"href": "https://uitsl.academia.edu/Departments/Applied_Physics/Documents", "doc_count": 1}, {"href": "https://uitsl.academia.edu/Departments/Applied_Statistics/Documents", "doc_count": 7}, {"href": "https://uitsl.academia.edu/Departments/Architecture/Documents", "doc_count": 3}, {"href": "https://uitsl.academia.edu/Departments/Architecture_Planning_and_Surveying/Documents", "doc_count": 25}, {"href": "https://uitsl.academia.edu/Departments/Art_Design/Documents", "doc_count": 12}, {"href": "https://uitsl.academia.edu/Departments/BUILDING/Documents", "doc_count": 1}, {"href": "https://uitsl.academia.edu/Departments/Bachelor_of_Business_Administration/Documents", "doc_count": 1}, {"href": "https://uitsl.academia.edu/Departments/Bachelor_of_Science_Hons_Tourism_Management/Documents", "doc_count": 1}, {"href": "https://uitsl.academia.edu/Departments/Bachelor_of_Science_Administrative/Documents", "doc_count": 1}, {"href": "https://uitsl.academia.edu/Departments/Banking/Documents", "doc_count": 3}, {"href": "https://uitsl.academia.edu/Departments/Biology/Documents", "doc_count": 2}, {"href": "https://uitsl.academia.edu/Departments/Bisnes/Documents", "doc_count": 1}, {"href": "https://uitsl.academia.edu/Departments/Business/Documents", "doc_count": 7}, {"href": "https://uitsl.academia.edu/Departments/Business_Admin/Documents", "doc_count": 2}, {"href": "https://uitsl.academia.edu/Departments/Bussiness_Management/Documents", "doc_count": 1}, {"href": "https://uitsl.academia.edu/Departments/Cawangan_Pahang/Documents", "doc_count": 1}, {"href": "https://uitsl.academia.edu/Departments/Chemical_Engineering/Documents", "doc_count": 154}, {"href": "https://uitsl.academia.edu/Departments/Chemical_engineering_process_/Documents", "doc_count": 3}, {"href": "https://uitsl.academia.edu/Departments/Chemistry/Documents", "doc_count": 7}, {"href": "https://uitsl.academia.edu/Departments/Civil/Documents", "doc_count": 6}, {"href": "https://uitsl.academia.edu/Departments/Civil_Engineering/Documents", "doc_count": 34}, {"href": "https://uitsl.academia.edu/Departments/Communication_and_Media_Studies/Documents", "doc_count": 14}, {"href": "https://uitsl.academia.edu/Departments/Corporate_Administration/Documents", "doc_count": 2}, {"href": "https://uitsl.academia.edu/Departments/Culinary_Art/Documents", "doc_count": 1}, {"href": "https://uitsl.academia.edu/Departments/DEPARTMENT_OF_CULINARY_ART_FACULTY_HOTEL_AND_TOURISM_MANAGEMENT/Documents", "doc_count": 20}, {"href": "https://uitsl.academia.edu/Departments/Dentistry/Documents", "doc_count": 13}, {"href": "https://uitsl.academia.edu/Departments/Department_of_Town_and_Regional_Planning/Documents", "doc_count": 1}, {"href": "https://uitsl.academia.edu/Departments/Diploma/Documents", "doc_count": 1}, {"href": "https://uitsl.academia.edu/Departments/Education/Documents", "doc_count": 25}, {"href": "https://uitsl.academia.edu/Departments/Electrical/Documents", "doc_count": 2}, {"href": "https://uitsl.academia.edu/Departments/Electrical_Engineering/Documents", "doc_count": 65}, {"href": "https://uitsl.academia.edu/Departments/FACULTY_OF_ADMINISTRATIVE_SCIENCE_AND_POLICY_STUDY/Documents", "doc_count": 3}, {"href": "https://uitsl.academia.edu/Departments/FInance/Documents", "doc_count": 3}, {"href": "https://uitsl.academia.edu/Departments/FOODSERVICE_MANAGEMENT_AT_FACULTY_OF_HOTEL_AND_TOURISM_MANAGEMENT/Documents", "doc_count": 14}, {"href": "https://uitsl.academia.edu/Departments/FSPP/Documents", "doc_count": 2}, {"href": "https://uitsl.academia.edu/Departments/Faculty_Applied_Science/Documents", "doc_count": 7}, {"href": "https://uitsl.academia.edu/Departments/Faculty_Business_Management/Documents", "doc_count": 33}, {"href": "https://uitsl.academia.edu/Departments/Faculty_of_Architechture_Planning_and_Survey/Documents", "doc_count": 13}, {"href": "https://uitsl.academia.edu/Departments/Faculty_of_Computer_and_Mathematical_Science/Documents", "doc_count": 2}, {"href": "https://uitsl.academia.edu/Departments/Faculty_of_Film_Theatre_and_Animation/Documents", "doc_count": 2}, {"href": "https://uitsl.academia.edu/Departments/Faculty_of_Hospitality_and_Tourism_Management/Documents", "doc_count": 1}, {"href": "https://uitsl.academia.edu/Departments/Faculty_of_Sports_Science/Documents", "doc_count": 3}, {"href": "https://uitsl.academia.edu/Departments/Faculty_of_art_Design/Documents", "doc_count": 1}, {"href": "https://uitsl.academia.edu/Departments/Faculty_of_mathematical_and_science_computer/Documents", "doc_count": 5}, {"href": "https://uitsl.academia.edu/Departments/Fakulti_Bahasa_Melayu/Documents", "doc_count": 2}, {"href": "https://uitsl.academia.edu/Departments/Fakulti_Kejuruteraan_Elektrik/Documents", "doc_count": 29}, {"href": "https://uitsl.academia.edu/Departments/Fakulti_Kejuruteraan_Mekanikal/Documents", "doc_count": 2}, {"href": "https://uitsl.academia.edu/Departments/Fakulti_Sains_Komputer_dan_Matematik/Documents", "doc_count": 3}, {"href": "https://uitsl.academia.edu/Departments/Fspu/Documents", "doc_count": 6}, {"href": "https://uitsl.academia.edu/Departments/Funndamentals_of_Islam/Documents", "doc_count": 1}, {"href": "https://uitsl.academia.edu/Departments/Gokay/Documents", "doc_count": 1}, {"href": "https://uitsl.academia.edu/Departments/Graduate_of_Business_Studiess/Documents", "doc_count": 4}, {"href": "https://uitsl.academia.edu/Departments/Health_Science/Documents", "doc_count": 32}, {"href": "https://uitsl.academia.edu/Departments/Hospitality_and_Tourism/Documents", "doc_count": 1}, {"href": "https://uitsl.academia.edu/Departments/Hotel_and_Tourism/Documents", "doc_count": 1}, {"href": "https://uitsl.academia.edu/Departments/Human_Resource/Documents", "doc_count": 1}, {"href": "https://uitsl.academia.edu/Departments/Human_Resource_Management/Documents", "doc_count": 15}, {"href": "https://uitsl.academia.edu/Departments/I_Promise/Documents", "doc_count": 7}, {"href": "https://uitsl.academia.edu/Departments/Industrial_Hygiene_Faculty_of_Applied_Sciences/Documents", "doc_count": 2}, {"href": "https://uitsl.academia.edu/Departments/Industrial_Hygiene_Faculy_of_Applied_Sciences/Documents", "doc_count": 2}, {"href": "https://uitsl.academia.edu/Departments/Information_Management/Documents", "doc_count": 36}, {"href": "https://uitsl.academia.edu/Departments/Information_Science/Documents", "doc_count": 7}, {"href": "https://uitsl.academia.edu/Departments/Jengka/Documents", "doc_count": 1}, {"href": "https://uitsl.academia.edu/Departments/Kementerian_Hukum_Dan_HAM/Documents", "doc_count": 1}, {"href": "https://uitsl.academia.edu/Departments/Landscape_Architecture/Documents", "doc_count": 4}, {"href": "https://uitsl.academia.edu/Departments/Language/Documents", "doc_count": 5}, {"href": "https://uitsl.academia.edu/Departments/Law/Documents", "doc_count": 12}, {"href": "https://uitsl.academia.edu/Departments/Library/Documents", "doc_count": 4}, {"href": "https://uitsl.academia.edu/Departments/MARKETING/Documents", "doc_count": 2}, {"href": "https://uitsl.academia.edu/Departments/Mass_Comm/Documents", "doc_count": 55}, {"href": "https://uitsl.academia.edu/Departments/Mass_Communication/Documents", "doc_count": 12}, {"href": "https://uitsl.academia.edu/Departments/Masscomm/Documents", "doc_count": 1}, {"href": "https://uitsl.academia.edu/Departments/Mathematic/Documents", "doc_count": 3}, {"href": "https://uitsl.academia.edu/Departments/Mechanical_Engineering/Documents", "doc_count": 21}, {"href": "https://uitsl.academia.edu/Departments/Medical/Documents", "doc_count": 1}, {"href": "https://uitsl.academia.edu/Departments/Medical_laboratory_technology/Documents", "doc_count": 46}, {"href": "https://uitsl.academia.edu/Departments/Medicine/Documents", "doc_count": 5}, {"href": "https://uitsl.academia.edu/Departments/Office/Documents", "doc_count": 1}, {"href": "https://uitsl.academia.edu/Departments/Office_Management/Documents", "doc_count": 1}, {"href": "https://uitsl.academia.edu/Departments/Pengurusan_Maklumat/Documents", "doc_count": 1}, {"href": "https://uitsl.academia.edu/Departments/Pharmacy/Documents", "doc_count": 7}, {"href": "https://uitsl.academia.edu/Departments/Plantations/Documents", "doc_count": 1}, {"href": "https://uitsl.academia.edu/Departments/Policy_Studies/Documents", "doc_count": 12}, {"href": "https://uitsl.academia.edu/Departments/Population_health_and_preventive_medicine/Documents", "doc_count": 13}, {"href": "https://uitsl.academia.edu/Departments/Ppii/Documents", "doc_count": 1}, {"href": "https://uitsl.academia.edu/Departments/Preclinical/Documents", "doc_count": 1}, {"href": "https://uitsl.academia.edu/Departments/Public_Admin/Documents", "doc_count": 2}, {"href": "https://uitsl.academia.edu/Departments/Pulau_Pinang/Documents", "doc_count": 1}, {"href": "https://uitsl.academia.edu/Departments/Quantity_Surveyor_/Documents", "doc_count": 1}, {"href": "https://uitsl.academia.edu/Departments/Research/Documents", "doc_count": 1}, {"href": "https://uitsl.academia.edu/Departments/Sains_Kesihatan/Documents", "doc_count": 1}, {"href": "https://uitsl.academia.edu/Departments/Sains_Pentadbiran/Documents", "doc_count": 21}, {"href": "https://uitsl.academia.edu/Departments/Sciences/Documents", "doc_count": 2}, {"href": "https://uitsl.academia.edu/Departments/Seri_Iskandar/Documents", "doc_count": 1}, {"href": "https://uitsl.academia.edu/Departments/Shah_Alam/Documents", "doc_count": 1}, {"href": "https://uitsl.academia.edu/Departments/Smksamang/Documents", "doc_count": 2}, {"href": "https://uitsl.academia.edu/Departments/Sport_Science/Documents", "doc_count": 2}, {"href": "https://uitsl.academia.edu/Departments/Statistics/Documents", "doc_count": 1}, {"href": "https://uitsl.academia.edu/Departments/Student/Documents", "doc_count": 11}, {"href": "https://uitsl.academia.edu/Departments/Studnet/Documents", "doc_count": 1}, {"href": "https://uitsl.academia.edu/Departments/Terengganu/Documents", "doc_count": 2}, {"href": "https://uitsl.academia.edu/Departments/Textile_Research_Group_Faculty_of_Applied_Sciences/Documents", "doc_count": 34}, {"href": "https://uitsl.academia.edu/Departments/Tourism_Management/Documents", "doc_count": 1}, {"href": "https://uitsl.academia.edu/Departments/Uitm_Chendering/Documents", "doc_count": 1}]