[{"href": "https://simswebuitm.academia.edu/Departments/Apa_Ya/Documents", "doc_count": 1}, {"href": "https://simswebuitm.academia.edu/Departments/Asasi_Sains/Documents", "doc_count": 1}, {"href": "https://simswebuitm.academia.edu/Departments/Dahlia_3/Documents", "doc_count": 1}, {"href": "https://simswebuitm.academia.edu/Departments/FOUNDATION_IN_SCIENCE/Documents", "doc_count": 5}, {"href": "https://simswebuitm.academia.edu/Departments/Faculty_of_Law/Documents", "doc_count": 4}, {"href": "https://simswebuitm.academia.edu/Departments/Foundation_in_Law/Documents", "doc_count": 17}, {"href": "https://simswebuitm.academia.edu/Departments/Foundation_in_TESL/Documents", "doc_count": 1}, {"href": "https://simswebuitm.academia.edu/Departments/Mathematics/Documents", "doc_count": 1}]