[{"href": "https://uutm.academia.edu/Departments/Accountancy/Documents", "doc_count": 14}, {"href": "https://uutm.academia.edu/Departments/Acis/Documents", "doc_count": 14}, {"href": "https://uutm.academia.edu/Departments/Agrotechnology_and_plantation/Documents", "doc_count": 1}, {"href": "https://uutm.academia.edu/Departments/Biodiversity_management/Documents", "doc_count": 1}, {"href": "https://uutm.academia.edu/Departments/Biology/Documents", "doc_count": 1}, {"href": "https://uutm.academia.edu/Departments/Business/Documents", "doc_count": 11}, {"href": "https://uutm.academia.edu/Departments/Business_Management/Documents", "doc_count": 1}, {"href": "https://uutm.academia.edu/Departments/FSPPP/Documents", "doc_count": 1}, {"href": "https://uutm.academia.edu/Departments/Faculty_Science_Administration_and_Policy_Studies/Documents", "doc_count": 2}, {"href": "https://uutm.academia.edu/Departments/Faculty_of_Applied_Science/Documents", "doc_count": 6}, {"href": "https://uutm.academia.edu/Departments/Faculty_of_Applied_Sciences/Documents", "doc_count": 22}, {"href": "https://uutm.academia.edu/Departments/Faculty_of_Civil_Engineering/Documents", "doc_count": 5}, {"href": "https://uutm.academia.edu/Departments/Faculty_of_Computer_and_Mathematical_Sciences/Documents", "doc_count": 7}, {"href": "https://uutm.academia.edu/Departments/Faculty_of_Sports_Scince/Documents", "doc_count": 1}, {"href": "https://uutm.academia.edu/Departments/Fakulti_Sains_Komputer_Dan_Matematik/Documents", "doc_count": 2}, {"href": "https://uutm.academia.edu/Departments/Fakulti_Sains_Sukan_Dan_Rekreasi/Documents", "doc_count": 1}, {"href": "https://uutm.academia.edu/Departments/Pentadbiran_Awam/Documents", "doc_count": 1}, {"href": "https://uutm.academia.edu/Departments/Public_Administration/Documents", "doc_count": 1}, {"href": "https://uutm.academia.edu/Departments/Sains_Gunaan/Documents", "doc_count": 1}, {"href": "https://uutm.academia.edu/Departments/Sains_Komputer/Documents", "doc_count": 1}, {"href": "https://uutm.academia.edu/Departments/Science_Biology/Documents", "doc_count": 1}, {"href": "https://uutm.academia.edu/Departments/Wood_Industry/Documents", "doc_count": 16}]