[{"href": "https://uitmshahalam.academia.edu/Departments/ARI_Accounting_Research_Ins_/Documents", "doc_count": 99}, {"href": "https://uitmshahalam.academia.edu/Departments/Aagbs/Documents", "doc_count": 32}, {"href": "https://uitmshahalam.academia.edu/Departments/Academic/Documents", "doc_count": 23}, {"href": "https://uitmshahalam.academia.edu/Departments/Academy_Language_Studies/Documents", "doc_count": 31}, {"href": "https://uitmshahalam.academia.edu/Departments/Academy_of_Contemporary_Islamic_Studies_ACIS_/Documents", "doc_count": 71}, {"href": "https://uitmshahalam.academia.edu/Departments/Account_and_Finance/Documents", "doc_count": 9}, {"href": "https://uitmshahalam.academia.edu/Departments/Accountancy/Documents", "doc_count": 28}, {"href": "https://uitmshahalam.academia.edu/Departments/Accounting/Documents", "doc_count": 36}, {"href": "https://uitmshahalam.academia.edu/Departments/Administration/Documents", "doc_count": 2}, {"href": "https://uitmshahalam.academia.edu/Departments/Administrative/Documents", "doc_count": 1}, {"href": "https://uitmshahalam.academia.edu/Departments/Agriculture_and_Management/Documents", "doc_count": 2}, {"href": "https://uitmshahalam.academia.edu/Departments/Air_Conditioning/Documents", "doc_count": 1}, {"href": "https://uitmshahalam.academia.edu/Departments/Akademi_Pengajian_Bahasa/Documents", "doc_count": 18}, {"href": "https://uitmshahalam.academia.edu/Departments/Akademi_Pengajian_Islam_Kontemporari/Documents", "doc_count": 3}, {"href": "https://uitmshahalam.academia.edu/Departments/Akademik_Pengajian_Bahasa/Documents", "doc_count": 1}, {"href": "https://uitmshahalam.academia.edu/Departments/Akaun/Documents", "doc_count": 2}, {"href": "https://uitmshahalam.academia.edu/Departments/Al_Huda/Documents", "doc_count": 1}, {"href": "https://uitmshahalam.academia.edu/Departments/Applied_Sciences/Documents", "doc_count": 58}, {"href": "https://uitmshahalam.academia.edu/Departments/Architecture/Documents", "doc_count": 10}, {"href": "https://uitmshahalam.academia.edu/Departments/Architecture_fspu/Documents", "doc_count": 34}, {"href": "https://uitmshahalam.academia.edu/Departments/Architeture_Planning_and_Survey/Documents", "doc_count": 18}, {"href": "https://uitmshahalam.academia.edu/Departments/Arshad_ayub_Graduate_Business_School/Documents", "doc_count": 1}, {"href": "https://uitmshahalam.academia.edu/Departments/Arsyad_Ayub_Business_School/Documents", "doc_count": 1}, {"href": "https://uitmshahalam.academia.edu/Departments/Art/Documents", "doc_count": 1}, {"href": "https://uitmshahalam.academia.edu/Departments/Art_Education/Documents", "doc_count": 2}, {"href": "https://uitmshahalam.academia.edu/Departments/Art_and_Design/Documents", "doc_count": 69}, {"href": "https://uitmshahalam.academia.edu/Departments/Asrt/Documents", "doc_count": 2}, {"href": "https://uitmshahalam.academia.edu/Departments/Bachelor_Park_and_Amenity_Managment/Documents", "doc_count": 2}, {"href": "https://uitmshahalam.academia.edu/Departments/Bachelor_of_Accounting/Documents", "doc_count": 5}, {"href": "https://uitmshahalam.academia.edu/Departments/Bachelor_of_Quantity_Surveying_HONS_/Documents", "doc_count": 1}, {"href": "https://uitmshahalam.academia.edu/Departments/Biomedical_Engineering/Documents", "doc_count": 3}, {"href": "https://uitmshahalam.academia.edu/Departments/Bissness/Documents", "doc_count": 2}, {"href": "https://uitmshahalam.academia.edu/Departments/Broadcast/Documents", "doc_count": 1}, {"href": "https://uitmshahalam.academia.edu/Departments/Building_Surveying/Documents", "doc_count": 18}, {"href": "https://uitmshahalam.academia.edu/Departments/Business/Documents", "doc_count": 12}, {"href": "https://uitmshahalam.academia.edu/Departments/Business_Admin/Documents", "doc_count": 13}, {"href": "https://uitmshahalam.academia.edu/Departments/Business_Management/Documents", "doc_count": 240}, {"href": "https://uitmshahalam.academia.edu/Departments/Businesses/Documents", "doc_count": 2}, {"href": "https://uitmshahalam.academia.edu/Departments/CITU/Documents", "doc_count": 41}, {"href": "https://uitmshahalam.academia.edu/Departments/Cajamarca/Documents", "doc_count": 1}, {"href": "https://uitmshahalam.academia.edu/Departments/Center_for_Religious_and_Cross_cultural_Studies/Documents", "doc_count": 1}, {"href": "https://uitmshahalam.academia.edu/Departments/Center_of_Studies_in_Landscape_Architecture/Documents", "doc_count": 13}, {"href": "https://uitmshahalam.academia.edu/Departments/Center_of_Studies_in_Surveying_Science_and_Geomatics/Documents", "doc_count": 2}, {"href": "https://uitmshahalam.academia.edu/Departments/Centre_of_Estate_Mnaagement_Studies/Documents", "doc_count": 4}, {"href": "https://uitmshahalam.academia.edu/Departments/Centre_of_Media_and_Information_Warfare/Documents", "doc_count": 2}, {"href": "https://uitmshahalam.academia.edu/Departments/Ceramic/Documents", "doc_count": 1}, {"href": "https://uitmshahalam.academia.edu/Departments/Chemical_Petroleum_Engineering/Documents", "doc_count": 3}, {"href": "https://uitmshahalam.academia.edu/Departments/Chemical_Process_Engineering/Documents", "doc_count": 1}, {"href": "https://uitmshahalam.academia.edu/Departments/Chemical_Engineering/Documents", "doc_count": 61}, {"href": "https://uitmshahalam.academia.edu/Departments/Chemical_Engineering_and_process/Documents", "doc_count": 2}, {"href": "https://uitmshahalam.academia.edu/Departments/Chemistry/Documents", "doc_count": 9}, {"href": "https://uitmshahalam.academia.edu/Departments/Civil_Engineering/Documents", "doc_count": 50}, {"href": "https://uitmshahalam.academia.edu/Departments/Communication/Documents", "doc_count": 1}, {"href": "https://uitmshahalam.academia.edu/Departments/Communication_and_Media_Studies/Documents", "doc_count": 19}, {"href": "https://uitmshahalam.academia.edu/Departments/Computer_science/Documents", "doc_count": 6}, {"href": "https://uitmshahalam.academia.edu/Departments/Computer_science_and_engineering/Documents", "doc_count": 2}, {"href": "https://uitmshahalam.academia.edu/Departments/Construction_Managment_fspu/Documents", "doc_count": 3}, {"href": "https://uitmshahalam.academia.edu/Departments/Data_Communication/Documents", "doc_count": 1}, {"href": "https://uitmshahalam.academia.edu/Departments/Degree_in_Music/Documents", "doc_count": 1}, {"href": "https://uitmshahalam.academia.edu/Departments/Dentistry/Documents", "doc_count": 3}, {"href": "https://uitmshahalam.academia.edu/Departments/Department/Documents", "doc_count": 1}, {"href": "https://uitmshahalam.academia.edu/Departments/Doctor/Documents", "doc_count": 3}, {"href": "https://uitmshahalam.academia.edu/Departments/EH220_chemical_engineering/Documents", "doc_count": 4}, {"href": "https://uitmshahalam.academia.edu/Departments/Economics/Documents", "doc_count": 10}, {"href": "https://uitmshahalam.academia.edu/Departments/Economics_and_Administrative_Sciences/Documents", "doc_count": 1}, {"href": "https://uitmshahalam.academia.edu/Departments/Economy/Documents", "doc_count": 1}, {"href": "https://uitmshahalam.academia.edu/Departments/Education/Documents", "doc_count": 38}, {"href": "https://uitmshahalam.academia.edu/Departments/Electrical_Engineering/Documents", "doc_count": 38}, {"href": "https://uitmshahalam.academia.edu/Departments/English_Language/Documents", "doc_count": 29}, {"href": "https://uitmshahalam.academia.edu/Departments/English_department/Documents", "doc_count": 3}, {"href": "https://uitmshahalam.academia.edu/Departments/Enineering/Documents", "doc_count": 2}, {"href": "https://uitmshahalam.academia.edu/Departments/Environmental_Engineering/Documents", "doc_count": 1}, {"href": "https://uitmshahalam.academia.edu/Departments/Estate_Management/Documents", "doc_count": 12}, {"href": "https://uitmshahalam.academia.edu/Departments/FACULTY_OF_SCIENCE_COMPUTER_MATH/Documents", "doc_count": 2}, {"href": "https://uitmshahalam.academia.edu/Departments/FSPPP/Documents", "doc_count": 4}, {"href": "https://uitmshahalam.academia.edu/Departments/FSSR_Fine_Art/Documents", "doc_count": 2}, {"href": "https://uitmshahalam.academia.edu/Departments/Faculty_Applied_Science/Documents", "doc_count": 52}, {"href": "https://uitmshahalam.academia.edu/Departments/Faculty_Busines_Management/Documents", "doc_count": 1}, {"href": "https://uitmshahalam.academia.edu/Departments/Faculty_Business_Administration/Documents", "doc_count": 2}, {"href": "https://uitmshahalam.academia.edu/Departments/Faculty_Business_Management_and_Accountancy/Documents", "doc_count": 7}, {"href": "https://uitmshahalam.academia.edu/Departments/Faculty_Business_of_Managemant/Documents", "doc_count": 42}, {"href": "https://uitmshahalam.academia.edu/Departments/Faculty_Bussiness_Management/Documents", "doc_count": 1}, {"href": "https://uitmshahalam.academia.edu/Departments/Faculty_Film_Theater_Animation/Documents", "doc_count": 6}, {"href": "https://uitmshahalam.academia.edu/Departments/Faculty_Information_Managment/Documents", "doc_count": 15}, {"href": "https://uitmshahalam.academia.edu/Departments/Faculty_Science/Documents", "doc_count": 2}, {"href": "https://uitmshahalam.academia.edu/Departments/Faculty_of_Accountantcy/Documents", "doc_count": 3}, {"href": "https://uitmshahalam.academia.edu/Departments/Faculty_of_Administrative_Science_and_Policy_Studies/Documents", "doc_count": 17}, {"href": "https://uitmshahalam.academia.edu/Departments/Faculty_of_Architecture_Planning_and_Surveying/Documents", "doc_count": 14}, {"href": "https://uitmshahalam.academia.edu/Departments/Faculty_of_Art_Design/Documents", "doc_count": 17}, {"href": "https://uitmshahalam.academia.edu/Departments/Faculty_of_Chemical_Enginnering/Documents", "doc_count": 2}, {"href": "https://uitmshahalam.academia.edu/Departments/Faculty_of_Civil_Engineering_FKA_/Documents", "doc_count": 65}, {"href": "https://uitmshahalam.academia.edu/Departments/Faculty_of_Computer_and_Mathematical_Sciences/Documents", "doc_count": 32}, {"href": "https://uitmshahalam.academia.edu/Departments/Faculty_of_Electrical/Documents", "doc_count": 125}, {"href": "https://uitmshahalam.academia.edu/Departments/Faculty_of_Hotel_and_Tourism_Management/Documents", "doc_count": 21}, {"href": "https://uitmshahalam.academia.edu/Departments/Faculty_of_Information_Management_and_Technology/Documents", "doc_count": 1}, {"href": "https://uitmshahalam.academia.edu/Departments/Faculty_of_Mass_Communication_and_Media_Studies/Documents", "doc_count": 34}, {"href": "https://uitmshahalam.academia.edu/Departments/Faculty_of_Medicine/Documents", "doc_count": 35}, {"href": "https://uitmshahalam.academia.edu/Departments/Faculty_of_Plantation_and_Agrotechnology/Documents", "doc_count": 4}, {"href": "https://uitmshahalam.academia.edu/Departments/Faculty_of_Sport_Science_and_Recreation/Documents", "doc_count": 116}, {"href": "https://uitmshahalam.academia.edu/Departments/Faculty_of_Sports_Science_and_Recreation/Documents", "doc_count": 7}, {"href": "https://uitmshahalam.academia.edu/Departments/Faculty_of_eduction/Documents", "doc_count": 45}, {"href": "https://uitmshahalam.academia.edu/Departments/Faculy_Education/Documents", "doc_count": 1}, {"href": "https://uitmshahalam.academia.edu/Departments/Fakulti_Filem_Teater_dan_Animasi/Documents", "doc_count": 7}, {"href": "https://uitmshahalam.academia.edu/Departments/Fakulti_Kejuruteraan_Awam/Documents", "doc_count": 1}, {"href": "https://uitmshahalam.academia.edu/Departments/Fakulti_Kejuruteraan_Elektrik/Documents", "doc_count": 4}, {"href": "https://uitmshahalam.academia.edu/Departments/Fakulti_Kejuruteraan_Kimia/Documents", "doc_count": 4}, {"href": "https://uitmshahalam.academia.edu/Departments/Fakulti_Kejuruteraan_Mekanikal/Documents", "doc_count": 26}, {"href": "https://uitmshahalam.academia.edu/Departments/Fakulti_Komunikasi_Dan_Pengajian_Media/Documents", "doc_count": 1}, {"href": "https://uitmshahalam.academia.edu/Departments/Fakulti_Muzik/Documents", "doc_count": 2}, {"href": "https://uitmshahalam.academia.edu/Departments/Fakulti_Pendidikan/Documents", "doc_count": 2}, {"href": "https://uitmshahalam.academia.edu/Departments/Fakulti_Pengurusan_Maklumat/Documents", "doc_count": 6}, {"href": "https://uitmshahalam.academia.edu/Departments/Fakulti_Sains/Documents", "doc_count": 1}, {"href": "https://uitmshahalam.academia.edu/Departments/Fakulti_Sains_Gunaan/Documents", "doc_count": 9}, {"href": "https://uitmshahalam.academia.edu/Departments/Fakulti_Sains_Komputer_dan_Matematik/Documents", "doc_count": 7}, {"href": "https://uitmshahalam.academia.edu/Departments/Fakulti_Senibina_Perancangan_Dan_Ukur/Documents", "doc_count": 20}, {"href": "https://uitmshahalam.academia.edu/Departments/Fakulti_Senibina_Perancangan_Dan_Ukur1/Documents", "doc_count": 3}, {"href": "https://uitmshahalam.academia.edu/Departments/Fakulti_senilukis_dan_senireka/Documents", "doc_count": 2}, {"href": "https://uitmshahalam.academia.edu/Departments/Fashion_Design/Documents", "doc_count": 8}, {"href": "https://uitmshahalam.academia.edu/Departments/Finance/Documents", "doc_count": 2}, {"href": "https://uitmshahalam.academia.edu/Departments/Fine_Art/Documents", "doc_count": 10}, {"href": "https://uitmshahalam.academia.edu/Departments/Fisica/Documents", "doc_count": 1}, {"href": "https://uitmshahalam.academia.edu/Departments/Fita/Documents", "doc_count": 3}, {"href": "https://uitmshahalam.academia.edu/Departments/Food_Technology/Documents", "doc_count": 8}, {"href": "https://uitmshahalam.academia.edu/Departments/Fskm/Documents", "doc_count": 36}, {"href": "https://uitmshahalam.academia.edu/Departments/Fspu/Documents", "doc_count": 76}, {"href": "https://uitmshahalam.academia.edu/Departments/GGWP/Documents", "doc_count": 1}, {"href": "https://uitmshahalam.academia.edu/Departments/Geomatic_Science/Documents", "doc_count": 1}, {"href": "https://uitmshahalam.academia.edu/Departments/Graduate_business_school/Documents", "doc_count": 75}, {"href": "https://uitmshahalam.academia.edu/Departments/Graphic/Documents", "doc_count": 2}, {"href": "https://uitmshahalam.academia.edu/Departments/Graphic_Design_Digital_Media/Documents", "doc_count": 9}, {"href": "https://uitmshahalam.academia.edu/Departments/HEALTH_SCIENS/Documents", "doc_count": 14}, {"href": "https://uitmshahalam.academia.edu/Departments/Halal_Management/Documents", "doc_count": 1}, {"href": "https://uitmshahalam.academia.edu/Departments/Hospitality_and_Tourism/Documents", "doc_count": 2}, {"href": "https://uitmshahalam.academia.edu/Departments/Hotel_Management/Documents", "doc_count": 2}, {"href": "https://uitmshahalam.academia.edu/Departments/Hotel_and_Tourism/Documents", "doc_count": 6}, {"href": "https://uitmshahalam.academia.edu/Departments/Human_Resource/Documents", "doc_count": 3}, {"href": "https://uitmshahalam.academia.edu/Departments/ISLAMIC_BANKING/Documents", "doc_count": 3}, {"href": "https://uitmshahalam.academia.edu/Departments/IT_development/Documents", "doc_count": 7}, {"href": "https://uitmshahalam.academia.edu/Departments/Industrial_Design/Documents", "doc_count": 11}, {"href": "https://uitmshahalam.academia.edu/Departments/Info_sys_mgmt/Documents", "doc_count": 1}, {"href": "https://uitmshahalam.academia.edu/Departments/Information_Management/Documents", "doc_count": 16}, {"href": "https://uitmshahalam.academia.edu/Departments/Information_Technology/Documents", "doc_count": 12}, {"href": "https://uitmshahalam.academia.edu/Departments/Institute_of_Education_Development/Documents", "doc_count": 2}, {"href": "https://uitmshahalam.academia.edu/Departments/Intelligent_System/Documents", "doc_count": 3}, {"href": "https://uitmshahalam.academia.edu/Departments/Interior_Architecture_Department/Documents", "doc_count": 10}, {"href": "https://uitmshahalam.academia.edu/Departments/Interior_Architecture_Fspu_Department/Documents", "doc_count": 4}, {"href": "https://uitmshahalam.academia.edu/Departments/JSUG/Documents", "doc_count": 1}, {"href": "https://uitmshahalam.academia.edu/Departments/JURUTERA/Documents", "doc_count": 1}, {"href": "https://uitmshahalam.academia.edu/Departments/Jabatan_Sains_Ukur_Dan_Geomatik/Documents", "doc_count": 3}, {"href": "https://uitmshahalam.academia.edu/Departments/Jabatan_senibina_landskap_FSPU/Documents", "doc_count": 6}, {"href": "https://uitmshahalam.academia.edu/Departments/Journalism/Documents", "doc_count": 1}, {"href": "https://uitmshahalam.academia.edu/Departments/Law_Faculty/Documents", "doc_count": 69}, {"href": "https://uitmshahalam.academia.edu/Departments/Library/Documents", "doc_count": 2}, {"href": "https://uitmshahalam.academia.edu/Departments/Malaysia_Institute_of_Transport_MITRANS_/Documents", "doc_count": 24}, {"href": "https://uitmshahalam.academia.edu/Departments/Marketing/Documents", "doc_count": 2}, {"href": "https://uitmshahalam.academia.edu/Departments/Masai/Documents", "doc_count": 1}, {"href": "https://uitmshahalam.academia.edu/Departments/Masmed/Documents", "doc_count": 1}, {"href": "https://uitmshahalam.academia.edu/Departments/Mass_Comm/Documents", "doc_count": 3}, {"href": "https://uitmshahalam.academia.edu/Departments/Mass_Communication/Documents", "doc_count": 2}, {"href": "https://uitmshahalam.academia.edu/Departments/Masscomm/Documents", "doc_count": 12}, {"href": "https://uitmshahalam.academia.edu/Departments/Master_in_Art_Design/Documents", "doc_count": 2}, {"href": "https://uitmshahalam.academia.edu/Departments/Master_in_Science_Urban_Development_and_Management/Documents", "doc_count": 1}, {"href": "https://uitmshahalam.academia.edu/Departments/Material_Chemistry/Documents", "doc_count": 1}, {"href": "https://uitmshahalam.academia.edu/Departments/Mathematical/Documents", "doc_count": 4}, {"href": "https://uitmshahalam.academia.edu/Departments/Mechanical_engineering/Documents", "doc_count": 106}, {"href": "https://uitmshahalam.academia.edu/Departments/Mechanics/Documents", "doc_count": 13}, {"href": "https://uitmshahalam.academia.edu/Departments/Mechnical_engineering/Documents", "doc_count": 15}, {"href": "https://uitmshahalam.academia.edu/Departments/Medical/Documents", "doc_count": 2}, {"href": "https://uitmshahalam.academia.edu/Departments/Mitrans/Documents", "doc_count": 1}, {"href": "https://uitmshahalam.academia.edu/Departments/Muamalat/Documents", "doc_count": 1}, {"href": "https://uitmshahalam.academia.edu/Departments/Music_Faculty/Documents", "doc_count": 7}, {"href": "https://uitmshahalam.academia.edu/Departments/Network_Security/Documents", "doc_count": 4}, {"href": "https://uitmshahalam.academia.edu/Departments/Networking/Documents", "doc_count": 1}, {"href": "https://uitmshahalam.academia.edu/Departments/Nothing/Documents", "doc_count": 1}, {"href": "https://uitmshahalam.academia.edu/Departments/Office_Management/Documents", "doc_count": 1}, {"href": "https://uitmshahalam.academia.edu/Departments/Office_System_Management/Documents", "doc_count": 1}, {"href": "https://uitmshahalam.academia.edu/Departments/Oil_and_Gas_Engineering/Documents", "doc_count": 2}, {"href": "https://uitmshahalam.academia.edu/Departments/Operation/Documents", "doc_count": 1}, {"href": "https://uitmshahalam.academia.edu/Departments/Operation_Theatre/Documents", "doc_count": 1}, {"href": "https://uitmshahalam.academia.edu/Departments/P_antation/Documents", "doc_count": 3}, {"href": "https://uitmshahalam.academia.edu/Departments/PHOTOGRAPHY_AND_CREATIVE_IMAGING/Documents", "doc_count": 1}, {"href": "https://uitmshahalam.academia.edu/Departments/Park_And_Amenity_Management/Documents", "doc_count": 1}, {"href": "https://uitmshahalam.academia.edu/Departments/Parks_and_Amenity_Management/Documents", "doc_count": 1}, {"href": "https://uitmshahalam.academia.edu/Departments/Pejabat_Perpaduan/Documents", "doc_count": 1}, {"href": "https://uitmshahalam.academia.edu/Departments/Pengurusan/Documents", "doc_count": 3}, {"href": "https://uitmshahalam.academia.edu/Departments/Perniagaan/Documents", "doc_count": 1}, {"href": "https://uitmshahalam.academia.edu/Departments/Pharmacy/Documents", "doc_count": 1}, {"href": "https://uitmshahalam.academia.edu/Departments/Plantation_Agrotechnology/Documents", "doc_count": 43}, {"href": "https://uitmshahalam.academia.edu/Departments/Police/Documents", "doc_count": 1}, {"href": "https://uitmshahalam.academia.edu/Departments/Politic/Documents", "doc_count": 1}, {"href": "https://uitmshahalam.academia.edu/Departments/Printing_Technology/Documents", "doc_count": 2}, {"href": "https://uitmshahalam.academia.edu/Departments/Property/Documents", "doc_count": 1}, {"href": "https://uitmshahalam.academia.edu/Departments/Psikologi/Documents", "doc_count": 1}, {"href": "https://uitmshahalam.academia.edu/Departments/Psychology/Documents", "doc_count": 1}, {"href": "https://uitmshahalam.academia.edu/Departments/Public_Administration/Documents", "doc_count": 5}, {"href": "https://uitmshahalam.academia.edu/Departments/Public_Health_Medicine/Documents", "doc_count": 8}, {"href": "https://uitmshahalam.academia.edu/Departments/QUANTITY_SURVERYING/Documents", "doc_count": 2}, {"href": "https://uitmshahalam.academia.edu/Departments/Qs_Fspu/Documents", "doc_count": 4}, {"href": "https://uitmshahalam.academia.edu/Departments/Quantity_Surveying/Documents", "doc_count": 1}, {"href": "https://uitmshahalam.academia.edu/Departments/Real_Estate/Documents", "doc_count": 2}, {"href": "https://uitmshahalam.academia.edu/Departments/Relaciones/Documents", "doc_count": 1}, {"href": "https://uitmshahalam.academia.edu/Departments/SAINS_KOMPUTER/Documents", "doc_count": 3}, {"href": "https://uitmshahalam.academia.edu/Departments/SCIENCE_COMPUTER_AND_MATHEMATICS/Documents", "doc_count": 35}, {"href": "https://uitmshahalam.academia.edu/Departments/SHAH_ALAM/Documents", "doc_count": 3}, {"href": "https://uitmshahalam.academia.edu/Departments/SMK_Dato_Ismail/Documents", "doc_count": 1}, {"href": "https://uitmshahalam.academia.edu/Departments/Safety_and_Health/Documents", "doc_count": 1}, {"href": "https://uitmshahalam.academia.edu/Departments/Sains_Gunaan/Documents", "doc_count": 23}, {"href": "https://uitmshahalam.academia.edu/Departments/Sains_Pentadbiran/Documents", "doc_count": 4}, {"href": "https://uitmshahalam.academia.edu/Departments/Sains_Sukan/Documents", "doc_count": 2}, {"href": "https://uitmshahalam.academia.edu/Departments/School_of_Physics/Documents", "doc_count": 1}, {"href": "https://uitmshahalam.academia.edu/Departments/Science_Education/Documents", "doc_count": 2}, {"href": "https://uitmshahalam.academia.edu/Departments/Sins/Documents", "doc_count": 1}, {"href": "https://uitmshahalam.academia.edu/Departments/Social_Science/Documents", "doc_count": 2}, {"href": "https://uitmshahalam.academia.edu/Departments/Sport_Science/Documents", "doc_count": 11}, {"href": "https://uitmshahalam.academia.edu/Departments/Sport_Sciences/Documents", "doc_count": 1}, {"href": "https://uitmshahalam.academia.edu/Departments/Statistics/Documents", "doc_count": 48}, {"href": "https://uitmshahalam.academia.edu/Departments/Student/Documents", "doc_count": 4}, {"href": "https://uitmshahalam.academia.edu/Departments/Students/Documents", "doc_count": 1}, {"href": "https://uitmshahalam.academia.edu/Departments/TESL/Documents", "doc_count": 2}, {"href": "https://uitmshahalam.academia.edu/Departments/Teacher_Education/Documents", "doc_count": 7}, {"href": "https://uitmshahalam.academia.edu/Departments/Teknologi/Documents", "doc_count": 1}, {"href": "https://uitmshahalam.academia.edu/Departments/Terengganu/Documents", "doc_count": 1}, {"href": "https://uitmshahalam.academia.edu/Departments/Tourism_Management/Documents", "doc_count": 6}, {"href": "https://uitmshahalam.academia.edu/Departments/Town_and_Regional_Planning/Documents", "doc_count": 13}, {"href": "https://uitmshahalam.academia.edu/Departments/Travel_and_Tourism/Documents", "doc_count": 5}, {"href": "https://uitmshahalam.academia.edu/Departments/Uitm_Shah_Alam/Documents", "doc_count": 5}, {"href": "https://uitmshahalam.academia.edu/Departments/Ukur_Bahan/Documents", "doc_count": 1}]