[{"href": "https://uitmpuncakalam.academia.edu/Departments/ACCOUNTANCY/Documents", "doc_count": 14}, {"href": "https://uitmpuncakalam.academia.edu/Departments/Academy_Contemporary_Islamic_Studies/Documents", "doc_count": 3}, {"href": "https://uitmpuncakalam.academia.edu/Departments/Acis/Documents", "doc_count": 3}, {"href": "https://uitmpuncakalam.academia.edu/Departments/Akademi_Pengajian_Islam_Kontemporari/Documents", "doc_count": 11}, {"href": "https://uitmpuncakalam.academia.edu/Departments/Art_Design/Documents", "doc_count": 4}, {"href": "https://uitmpuncakalam.academia.edu/Departments/AuRins/Documents", "doc_count": 2}, {"href": "https://uitmpuncakalam.academia.edu/Departments/Business_Administration/Documents", "doc_count": 7}, {"href": "https://uitmpuncakalam.academia.edu/Departments/Centre_of_Technology_and_Supply_Chain_Management_Studies/Documents", "doc_count": 33}, {"href": "https://uitmpuncakalam.academia.edu/Departments/Department_of_Economics_and_Financial_Studies/Documents", "doc_count": 15}, {"href": "https://uitmpuncakalam.academia.edu/Departments/Department_of_Medical_Laboratory_Technology/Documents", "doc_count": 4}, {"href": "https://uitmpuncakalam.academia.edu/Departments/Diploma_Halal_Management/Documents", "doc_count": 1}, {"href": "https://uitmpuncakalam.academia.edu/Departments/FACULTY_OF_HOTEL_AND_TOURISM_MANAGEMENT/Documents", "doc_count": 22}, {"href": "https://uitmpuncakalam.academia.edu/Departments/FOUNDATION_IN_SCIENCE/Documents", "doc_count": 30}, {"href": "https://uitmpuncakalam.academia.edu/Departments/FSPU/Documents", "doc_count": 3}, {"href": "https://uitmpuncakalam.academia.edu/Departments/Faculty_Business_Management/Documents", "doc_count": 45}, {"href": "https://uitmpuncakalam.academia.edu/Departments/Faculty_Of_Film_Theatre_and_Animation_FiTA_/Documents", "doc_count": 1}, {"href": "https://uitmpuncakalam.academia.edu/Departments/Faculty_of_Architecture_Surveying_and_Planning/Documents", "doc_count": 6}, {"href": "https://uitmpuncakalam.academia.edu/Departments/Faculty_of_Art_and_Design/Documents", "doc_count": 2}, {"href": "https://uitmpuncakalam.academia.edu/Departments/Faculty_of_Civil_Engineering/Documents", "doc_count": 2}, {"href": "https://uitmpuncakalam.academia.edu/Departments/Faculty_of_Education/Documents", "doc_count": 6}, {"href": "https://uitmpuncakalam.academia.edu/Departments/Faculty_of_Sciences_And_Health/Documents", "doc_count": 1}, {"href": "https://uitmpuncakalam.academia.edu/Departments/Fakulti_Farmasi/Documents", "doc_count": 1}, {"href": "https://uitmpuncakalam.academia.edu/Departments/Fakulti_Filem_Teater_dan_Animasi/Documents", "doc_count": 1}, {"href": "https://uitmpuncakalam.academia.edu/Departments/Fakulti_Pengurusan_Perniagaan/Documents", "doc_count": 1}, {"href": "https://uitmpuncakalam.academia.edu/Departments/Film/Documents", "doc_count": 1}, {"href": "https://uitmpuncakalam.academia.edu/Departments/Finance/Documents", "doc_count": 7}, {"href": "https://uitmpuncakalam.academia.edu/Departments/Foundation_Engineering/Documents", "doc_count": 4}, {"href": "https://uitmpuncakalam.academia.edu/Departments/Halal_Management/Documents", "doc_count": 4}, {"href": "https://uitmpuncakalam.academia.edu/Departments/Health_Science/Documents", "doc_count": 11}, {"href": "https://uitmpuncakalam.academia.edu/Departments/Health_Sciences/Documents", "doc_count": 39}, {"href": "https://uitmpuncakalam.academia.edu/Departments/Human_Resources/Documents", "doc_count": 2}, {"href": "https://uitmpuncakalam.academia.edu/Departments/INFORMATION_MANAGEMENT/Documents", "doc_count": 2}, {"href": "https://uitmpuncakalam.academia.edu/Departments/Insurance/Documents", "doc_count": 1}, {"href": "https://uitmpuncakalam.academia.edu/Departments/International_Business/Documents", "doc_count": 1}, {"href": "https://uitmpuncakalam.academia.edu/Departments/Landscape_Architecture_Hons_/Documents", "doc_count": 1}, {"href": "https://uitmpuncakalam.academia.edu/Departments/Law/Documents", "doc_count": 1}, {"href": "https://uitmpuncakalam.academia.edu/Departments/Life_Sciences/Documents", "doc_count": 1}, {"href": "https://uitmpuncakalam.academia.edu/Departments/Medical_Imaging/Documents", "doc_count": 1}, {"href": "https://uitmpuncakalam.academia.edu/Departments/Nursing/Documents", "doc_count": 1}, {"href": "https://uitmpuncakalam.academia.edu/Departments/Occupational_Therapy/Documents", "doc_count": 2}, {"href": "https://uitmpuncakalam.academia.edu/Departments/Operations_Management/Documents", "doc_count": 8}, {"href": "https://uitmpuncakalam.academia.edu/Departments/Optometry/Documents", "doc_count": 3}, {"href": "https://uitmpuncakalam.academia.edu/Departments/PUSAT_ASASI/Documents", "doc_count": 2}, {"href": "https://uitmpuncakalam.academia.edu/Departments/Pengurusan_Maklumat/Documents", "doc_count": 3}, {"href": "https://uitmpuncakalam.academia.edu/Departments/Pharmacy/Documents", "doc_count": 30}, {"href": "https://uitmpuncakalam.academia.edu/Departments/Pharmacy_Practice/Documents", "doc_count": 2}, {"href": "https://uitmpuncakalam.academia.edu/Departments/Physiotherapy/Documents", "doc_count": 3}, {"href": "https://uitmpuncakalam.academia.edu/Departments/Puncak_Alam/Documents", "doc_count": 2}, {"href": "https://uitmpuncakalam.academia.edu/Departments/Sains_Kesihatan/Documents", "doc_count": 1}, {"href": "https://uitmpuncakalam.academia.edu/Departments/Student/Documents", "doc_count": 1}, {"href": "https://uitmpuncakalam.academia.edu/Departments/Supply_Chain/Documents", "doc_count": 1}, {"href": "https://uitmpuncakalam.academia.edu/Departments/Tesl/Documents", "doc_count": 1}, {"href": "https://uitmpuncakalam.academia.edu/Departments/Town_and_Regional_Planning/Documents", "doc_count": 9}, {"href": "https://uitmpuncakalam.academia.edu/Departments/Transport/Documents", "doc_count": 1}, {"href": "https://uitmpuncakalam.academia.edu/Departments/Uitm_Puncak_Alam/Documents", "doc_count": 5}, {"href": "https://uitmpuncakalam.academia.edu/Departments/Undergraduate_FTSM/Documents", "doc_count": 1}]