[{"href": "https://studentportal.academia.edu/Departments/Architecture_planning_and_Surveying/Documents", "doc_count": 1}, {"href": "https://studentportal.academia.edu/Departments/Art_Design_Fine_Arts/Documents", "doc_count": 1}, {"href": "https://studentportal.academia.edu/Departments/Audit_Department/Documents", "doc_count": 1}, {"href": "https://studentportal.academia.edu/Departments/Business_Admin/Documents", "doc_count": 1}, {"href": "https://studentportal.academia.edu/Departments/Business_Management/Documents", "doc_count": 13}, {"href": "https://studentportal.academia.edu/Departments/Civil_Engineering/Documents", "doc_count": 2}, {"href": "https://studentportal.academia.edu/Departments/Demak_Laut/Documents", "doc_count": 2}, {"href": "https://studentportal.academia.edu/Departments/Electrical_Engineering/Documents", "doc_count": 1}, {"href": "https://studentportal.academia.edu/Departments/Faculty_Information_Management/Documents", "doc_count": 2}, {"href": "https://studentportal.academia.edu/Departments/Faculty_of_Accountancy/Documents", "doc_count": 14}, {"href": "https://studentportal.academia.edu/Departments/Faculty_of_Administrative_Science_and_Policy_Studies/Documents", "doc_count": 9}, {"href": "https://studentportal.academia.edu/Departments/Faculty_of_Applied_Sciences/Documents", "doc_count": 2}, {"href": "https://studentportal.academia.edu/Departments/Faculty_of_Architecture_Planning_And_Surveying/Documents", "doc_count": 2}, {"href": "https://studentportal.academia.edu/Departments/Faculty_of_Business_Management_Office_System/Documents", "doc_count": 3}, {"href": "https://studentportal.academia.edu/Departments/Faculty_of_Chemical_Engineering/Documents", "doc_count": 4}, {"href": "https://studentportal.academia.edu/Departments/HEALTH_SCIENCE/Documents", "doc_count": 1}, {"href": "https://studentportal.academia.edu/Departments/Kota_samarahan_2/Documents", "doc_count": 2}, {"href": "https://studentportal.academia.edu/Departments/Plantation_and_Agrotechnology/Documents", "doc_count": 1}, {"href": "https://studentportal.academia.edu/Departments/Public_Administration/Documents", "doc_count": 4}, {"href": "https://studentportal.academia.edu/Departments/Quantity_Surveyor/Documents", "doc_count": 2}, {"href": "https://studentportal.academia.edu/Departments/Sains_Pentadbiran/Documents", "doc_count": 1}, {"href": "https://studentportal.academia.edu/Departments/Samarahan/Documents", "doc_count": 1}, {"href": "https://studentportal.academia.edu/Departments/Uitm/Documents", "doc_count": 10}]