[{"href": "https://uitmperak.academia.edu/Departments/ACIS/Documents", "doc_count": 11}, {"href": "https://uitmperak.academia.edu/Departments/Aa/Documents", "doc_count": 1}, {"href": "https://uitmperak.academia.edu/Departments/Aaa/Documents", "doc_count": 1}, {"href": "https://uitmperak.academia.edu/Departments/Abida/Documents", "doc_count": 1}, {"href": "https://uitmperak.academia.edu/Departments/Academia/Documents", "doc_count": 3}, {"href": "https://uitmperak.academia.edu/Departments/Academy/Documents", "doc_count": 12}, {"href": "https://uitmperak.academia.edu/Departments/Academy_of_Contemporary_Islamic_Studies_ACIS_/Documents", "doc_count": 15}, {"href": "https://uitmperak.academia.edu/Departments/Academy_of_Language_Studies/Documents", "doc_count": 29}, {"href": "https://uitmperak.academia.edu/Departments/Acadent/Documents", "doc_count": 83}, {"href": "https://uitmperak.academia.edu/Departments/Account/Documents", "doc_count": 3}, {"href": "https://uitmperak.academia.edu/Departments/Accountacy/Documents", "doc_count": 1}, {"href": "https://uitmperak.academia.edu/Departments/Accountancy/Documents", "doc_count": 12}, {"href": "https://uitmperak.academia.edu/Departments/Accounting/Documents", "doc_count": 21}, {"href": "https://uitmperak.academia.edu/Departments/Administrasi_Negara/Documents", "doc_count": 3}, {"href": "https://uitmperak.academia.edu/Departments/Administration/Documents", "doc_count": 5}, {"href": "https://uitmperak.academia.edu/Departments/Administrator/Documents", "doc_count": 1}, {"href": "https://uitmperak.academia.edu/Departments/Aeronautical_engineering/Documents", "doc_count": 1}, {"href": "https://uitmperak.academia.edu/Departments/African_languages/Documents", "doc_count": 1}, {"href": "https://uitmperak.academia.edu/Departments/Agricultural_Economics/Documents", "doc_count": 1}, {"href": "https://uitmperak.academia.edu/Departments/Agriculture/Documents", "doc_count": 2}, {"href": "https://uitmperak.academia.edu/Departments/Agroindutrial_Technology/Documents", "doc_count": 1}, {"href": "https://uitmperak.academia.edu/Departments/Akademi_Pengajian_Bahasa/Documents", "doc_count": 6}, {"href": "https://uitmperak.academia.edu/Departments/Akuntansi/Documents", "doc_count": 1}, {"href": "https://uitmperak.academia.edu/Departments/Andhra/Documents", "doc_count": 2}, {"href": "https://uitmperak.academia.edu/Departments/Architecture/Documents", "doc_count": 12}, {"href": "https://uitmperak.academia.edu/Departments/Architecture_Planning_and_Surveying/Documents", "doc_count": 3}, {"href": "https://uitmperak.academia.edu/Departments/Art_and_Design/Documents", "doc_count": 1}, {"href": "https://uitmperak.academia.edu/Departments/Arts_and_Sciences/Documents", "doc_count": 2}, {"href": "https://uitmperak.academia.edu/Departments/As120/Documents", "doc_count": 1}, {"href": "https://uitmperak.academia.edu/Departments/B_E_Agriculture_irrigation_Engineering/Documents", "doc_count": 1}, {"href": "https://uitmperak.academia.edu/Departments/BHMS/Documents", "doc_count": 3}, {"href": "https://uitmperak.academia.edu/Departments/BSc_Community_Nutrition/Documents", "doc_count": 1}, {"href": "https://uitmperak.academia.edu/Departments/BUILDING/Documents", "doc_count": 19}, {"href": "https://uitmperak.academia.edu/Departments/Bachelor_of_Estate_Management_hons_/Documents", "doc_count": 2}, {"href": "https://uitmperak.academia.edu/Departments/Bachelor_of_Graphic_Design/Documents", "doc_count": 1}, {"href": "https://uitmperak.academia.edu/Departments/Bachelor_of_Science_and_Pharmacy/Documents", "doc_count": 2}, {"href": "https://uitmperak.academia.edu/Departments/Bahasa_Indonesia/Documents", "doc_count": 5}, {"href": "https://uitmperak.academia.edu/Departments/Bcom/Documents", "doc_count": 7}, {"href": "https://uitmperak.academia.edu/Departments/Biologi/Documents", "doc_count": 4}, {"href": "https://uitmperak.academia.edu/Departments/Biological_sciences/Documents", "doc_count": 1}, {"href": "https://uitmperak.academia.edu/Departments/Biology/Documents", "doc_count": 1}, {"href": "https://uitmperak.academia.edu/Departments/Biotechnology/Documents", "doc_count": 2}, {"href": "https://uitmperak.academia.edu/Departments/Building_Surveying/Documents", "doc_count": 14}, {"href": "https://uitmperak.academia.edu/Departments/Business_Aministration/Documents", "doc_count": 1}, {"href": "https://uitmperak.academia.edu/Departments/Business_Economic/Documents", "doc_count": 2}, {"href": "https://uitmperak.academia.edu/Departments/Business_Management/Documents", "doc_count": 37}, {"href": "https://uitmperak.academia.edu/Departments/Business_administration/Documents", "doc_count": 3}, {"href": "https://uitmperak.academia.edu/Departments/Business_and_Finance/Documents", "doc_count": 1}, {"href": "https://uitmperak.academia.edu/Departments/Business_education/Documents", "doc_count": 4}, {"href": "https://uitmperak.academia.edu/Departments/COMPUTER_SCIENCE_DEPATMENT/Documents", "doc_count": 1}, {"href": "https://uitmperak.academia.edu/Departments/Ceramic/Documents", "doc_count": 1}, {"href": "https://uitmperak.academia.edu/Departments/Chemical_Engineering/Documents", "doc_count": 1}, {"href": "https://uitmperak.academia.edu/Departments/Chemical_conversion/Documents", "doc_count": 47}, {"href": "https://uitmperak.academia.edu/Departments/Chemistry/Documents", "doc_count": 35}, {"href": "https://uitmperak.academia.edu/Departments/Ciencias_Sociais/Documents", "doc_count": 2}, {"href": "https://uitmperak.academia.edu/Departments/Civil/Documents", "doc_count": 2}, {"href": "https://uitmperak.academia.edu/Departments/Civil_Engineering/Documents", "doc_count": 3}, {"href": "https://uitmperak.academia.edu/Departments/Civil_Law/Documents", "doc_count": 4}, {"href": "https://uitmperak.academia.edu/Departments/Ci%C3%AAncias_Sociais_Aplicadas/Documents", "doc_count": 5}, {"href": "https://uitmperak.academia.edu/Departments/Clinical_Pharmacy/Documents", "doc_count": 23}, {"href": "https://uitmperak.academia.edu/Departments/Colle_of_Education/Documents", "doc_count": 1}, {"href": "https://uitmperak.academia.edu/Departments/College_of_Language_Linguistics/Documents", "doc_count": 1}, {"href": "https://uitmperak.academia.edu/Departments/Commerce/Documents", "doc_count": 9}, {"href": "https://uitmperak.academia.edu/Departments/Communicationarts/Documents", "doc_count": 21}, {"href": "https://uitmperak.academia.edu/Departments/Computer/Documents", "doc_count": 9}, {"href": "https://uitmperak.academia.edu/Departments/Computer_Engineering/Documents", "doc_count": 2}, {"href": "https://uitmperak.academia.edu/Departments/Computer_Engineering_and_Information_technology/Documents", "doc_count": 6}, {"href": "https://uitmperak.academia.edu/Departments/Computer_Scienc/Documents", "doc_count": 2}, {"href": "https://uitmperak.academia.edu/Departments/Computer_Science/Documents", "doc_count": 1}, {"href": "https://uitmperak.academia.edu/Departments/Computer_Science_and_Information_Technology/Documents", "doc_count": 3}, {"href": "https://uitmperak.academia.edu/Departments/Computer_scince/Documents", "doc_count": 6}, {"href": "https://uitmperak.academia.edu/Departments/Criminal_Justise_Education/Documents", "doc_count": 3}, {"href": "https://uitmperak.academia.edu/Departments/Cultural_Anthropology/Documents", "doc_count": 6}, {"href": "https://uitmperak.academia.edu/Departments/DIPEQ/Documents", "doc_count": 6}, {"href": "https://uitmperak.academia.edu/Departments/Department_Of_Development_Studies/Documents", "doc_count": 2}, {"href": "https://uitmperak.academia.edu/Departments/Department_of_Business_Adiminstration/Documents", "doc_count": 1}, {"href": "https://uitmperak.academia.edu/Departments/Department_of_Library_and_Information_Science/Documents", "doc_count": 1}, {"href": "https://uitmperak.academia.edu/Departments/Department_of_Mines_and_Geology_Hazaribag/Documents", "doc_count": 1}, {"href": "https://uitmperak.academia.edu/Departments/Department_of_Pharmacy/Documents", "doc_count": 1}, {"href": "https://uitmperak.academia.edu/Departments/Department_of_Political_Science_Faculty_of_the_Social_Sciences_/Documents", "doc_count": 10}, {"href": "https://uitmperak.academia.edu/Departments/Department_of_Social_Sciences/Documents", "doc_count": 2}, {"href": "https://uitmperak.academia.edu/Departments/Department_of_Statistics/Documents", "doc_count": 1}, {"href": "https://uitmperak.academia.edu/Departments/Departmet_of_Town_and_Regional_Planning/Documents", "doc_count": 17}, {"href": "https://uitmperak.academia.edu/Departments/Diagnosa_Keperawatan/Documents", "doc_count": 1}, {"href": "https://uitmperak.academia.edu/Departments/Diploma_in_Applied_Science/Documents", "doc_count": 1}, {"href": "https://uitmperak.academia.edu/Departments/Diploma_in_Education/Documents", "doc_count": 2}, {"href": "https://uitmperak.academia.edu/Departments/E_Journal/Documents", "doc_count": 1}, {"href": "https://uitmperak.academia.edu/Departments/EDUCATIONAL_FOUNDATIONS/Documents", "doc_count": 6}, {"href": "https://uitmperak.academia.edu/Departments/EDuctaion/Documents", "doc_count": 1}, {"href": "https://uitmperak.academia.edu/Departments/ELECTRICAL_AND_ELECTRONICS_ENGINEERING/Documents", "doc_count": 1}, {"href": "https://uitmperak.academia.edu/Departments/Economic/Documents", "doc_count": 1}, {"href": "https://uitmperak.academia.edu/Departments/Economics/Documents", "doc_count": 2}, {"href": "https://uitmperak.academia.edu/Departments/Economy/Documents", "doc_count": 2}, {"href": "https://uitmperak.academia.edu/Departments/Education/Documents", "doc_count": 10}, {"href": "https://uitmperak.academia.edu/Departments/Education_Sciences_Institute/Documents", "doc_count": 1}, {"href": "https://uitmperak.academia.edu/Departments/Ekonomi_Dan_Bisnis/Documents", "doc_count": 1}, {"href": "https://uitmperak.academia.edu/Departments/Electical/Documents", "doc_count": 3}, {"href": "https://uitmperak.academia.edu/Departments/Electrical/Documents", "doc_count": 1}, {"href": "https://uitmperak.academia.edu/Departments/Electrical_Engineering/Documents", "doc_count": 2}, {"href": "https://uitmperak.academia.edu/Departments/Electrical_and_electronics/Documents", "doc_count": 2}, {"href": "https://uitmperak.academia.edu/Departments/Electronics_Communication/Documents", "doc_count": 1}, {"href": "https://uitmperak.academia.edu/Departments/Elementary/Documents", "doc_count": 1}, {"href": "https://uitmperak.academia.edu/Departments/Engeenering/Documents", "doc_count": 1}, {"href": "https://uitmperak.academia.edu/Departments/Engineering/Documents", "doc_count": 13}, {"href": "https://uitmperak.academia.edu/Departments/English/Documents", "doc_count": 1}, {"href": "https://uitmperak.academia.edu/Departments/English_Education/Documents", "doc_count": 22}, {"href": "https://uitmperak.academia.edu/Departments/English_and_Literature_Study/Documents", "doc_count": 1}, {"href": "https://uitmperak.academia.edu/Departments/Environment_and_Natural_Resource_Management/Documents", "doc_count": 1}, {"href": "https://uitmperak.academia.edu/Departments/Estate_management/Documents", "doc_count": 4}, {"href": "https://uitmperak.academia.edu/Departments/FACULTY_OF_ARCHITECTURE_PLANNING_SURVEY/Documents", "doc_count": 3}, {"href": "https://uitmperak.academia.edu/Departments/FISIP/Documents", "doc_count": 1}, {"href": "https://uitmperak.academia.edu/Departments/FSPU_Building_Surveyor/Documents", "doc_count": 1}, {"href": "https://uitmperak.academia.edu/Departments/FSPU_Estate_Management/Documents", "doc_count": 1}, {"href": "https://uitmperak.academia.edu/Departments/FSPU_Quantity_Surveying/Documents", "doc_count": 3}, {"href": "https://uitmperak.academia.edu/Departments/FSPU_landscape/Documents", "doc_count": 1}, {"href": "https://uitmperak.academia.edu/Departments/FSPU_INTERIOR_ARCHITECTURE/Documents", "doc_count": 5}, {"href": "https://uitmperak.academia.edu/Departments/Faculty_of_Applied_Science/Documents", "doc_count": 7}, {"href": "https://uitmperak.academia.edu/Departments/Faculty_of_science/Documents", "doc_count": 1}, {"href": "https://uitmperak.academia.edu/Departments/Facult%C3%A9_des_Sciences_Economiques_et_de_Gestion_de_Tunis/Documents", "doc_count": 11}, {"href": "https://uitmperak.academia.edu/Departments/Fakulti_Sains_Gunaan/Documents", "doc_count": 1}, {"href": "https://uitmperak.academia.edu/Departments/Fakulti_Senibina_Perancangan_Dan_Ukur/Documents", "doc_count": 11}, {"href": "https://uitmperak.academia.edu/Departments/Farmasi_Usu/Documents", "doc_count": 4}, {"href": "https://uitmperak.academia.edu/Departments/Filsafat/Documents", "doc_count": 2}, {"href": "https://uitmperak.academia.edu/Departments/Finance/Documents", "doc_count": 1}, {"href": "https://uitmperak.academia.edu/Departments/Fine_Art/Documents", "doc_count": 4}, {"href": "https://uitmperak.academia.edu/Departments/Fisheries_and_Aquculture/Documents", "doc_count": 1}, {"href": "https://uitmperak.academia.edu/Departments/Fkip/Documents", "doc_count": 1}, {"href": "https://uitmperak.academia.edu/Departments/Food_Engineering_and_Technology/Documents", "doc_count": 2}, {"href": "https://uitmperak.academia.edu/Departments/Food_Science_and_Technology/Documents", "doc_count": 5}, {"href": "https://uitmperak.academia.edu/Departments/French/Documents", "doc_count": 32}, {"href": "https://uitmperak.academia.edu/Departments/Fspu/Documents", "doc_count": 4}, {"href": "https://uitmperak.academia.edu/Departments/Fspu_Town_Planning/Documents", "doc_count": 2}, {"href": "https://uitmperak.academia.edu/Departments/Fspu_architecture/Documents", "doc_count": 1}, {"href": "https://uitmperak.academia.edu/Departments/F%C3%ADsica/Documents", "doc_count": 1}, {"href": "https://uitmperak.academia.edu/Departments/GEES/Documents", "doc_count": 2}, {"href": "https://uitmperak.academia.edu/Departments/GSchool_of_Translators_Ghana_Institute_of_Languages/Documents", "doc_count": 1}, {"href": "https://uitmperak.academia.edu/Departments/Gadjah_Mada/Documents", "doc_count": 1}, {"href": "https://uitmperak.academia.edu/Departments/Gagne/Documents", "doc_count": 1}, {"href": "https://uitmperak.academia.edu/Departments/Geography_and_planning_sciences/Documents", "doc_count": 1}, {"href": "https://uitmperak.academia.edu/Departments/geologi_ITATS/Documents", "doc_count": 3}, {"href": "https://uitmperak.academia.edu/Departments/Geology/Documents", "doc_count": 10}, {"href": "https://uitmperak.academia.edu/Departments/Geomatics/Documents", "doc_count": 2}, {"href": "https://uitmperak.academia.edu/Departments/Gmae_Theory/Documents", "doc_count": 1}, {"href": "https://uitmperak.academia.edu/Departments/Grain_Legume_Improvement_Programme_/Documents", "doc_count": 39}, {"href": "https://uitmperak.academia.edu/Departments/Graphic_Digital_Media/Documents", "doc_count": 2}, {"href": "https://uitmperak.academia.edu/Departments/Grosir_Tas_Murah_Tas_Import_Wanita_Toko_Tas_Online_Tas_Wanita_Murah_Grosir_Tas_Brs/Documents", "doc_count": 1}, {"href": "https://uitmperak.academia.edu/Departments/HASSAN/Documents", "doc_count": 1}, {"href": "https://uitmperak.academia.edu/Departments/Hahaha/Documents", "doc_count": 1}, {"href": "https://uitmperak.academia.edu/Departments/Hbuhn/Documents", "doc_count": 1}, {"href": "https://uitmperak.academia.edu/Departments/Health_Sceince/Documents", "doc_count": 2}, {"href": "https://uitmperak.academia.edu/Departments/Health_Sciences/Documents", "doc_count": 21}, {"href": "https://uitmperak.academia.edu/Departments/History/Documents", "doc_count": 1}, {"href": "https://uitmperak.academia.edu/Departments/History_and_American_Studies/Documents", "doc_count": 2}, {"href": "https://uitmperak.academia.edu/Departments/Hospitality_Management/Documents", "doc_count": 1}, {"href": "https://uitmperak.academia.edu/Departments/Hospitality_and_tourism/Documents", "doc_count": 1}, {"href": "https://uitmperak.academia.edu/Departments/Human_Resource_Department/Documents", "doc_count": 3}, {"href": "https://uitmperak.academia.edu/Departments/Humanistic/Documents", "doc_count": 1}, {"href": "https://uitmperak.academia.edu/Departments/INSTITUTE_OF_POLLUTION_STUDIES/Documents", "doc_count": 6}, {"href": "https://uitmperak.academia.edu/Departments/Iain_Jambi/Documents", "doc_count": 1}, {"href": "https://uitmperak.academia.edu/Departments/Ilmu_Budaya/Documents", "doc_count": 1}, {"href": "https://uitmperak.academia.edu/Departments/India/Documents", "doc_count": 1}, {"href": "https://uitmperak.academia.edu/Departments/Indonesia/Documents", "doc_count": 3}, {"href": "https://uitmperak.academia.edu/Departments/Informatika/Documents", "doc_count": 2}, {"href": "https://uitmperak.academia.edu/Departments/Information_Science_and_Library_Management/Documents", "doc_count": 1}, {"href": "https://uitmperak.academia.edu/Departments/Innstructur/Documents", "doc_count": 3}, {"href": "https://uitmperak.academia.edu/Departments/Interior_Architecture/Documents", "doc_count": 1}, {"href": "https://uitmperak.academia.edu/Departments/International_Relation/Documents", "doc_count": 1}, {"href": "https://uitmperak.academia.edu/Departments/Islamic_Law/Documents", "doc_count": 2}, {"href": "https://uitmperak.academia.edu/Departments/Islamic_Studies/Documents", "doc_count": 1}, {"href": "https://uitmperak.academia.edu/Departments/JEMBER/Documents", "doc_count": 1}, {"href": "https://uitmperak.academia.edu/Departments/Jabatan_Sains/Documents", "doc_count": 2}, {"href": "https://uitmperak.academia.edu/Departments/Jember_Net/Documents", "doc_count": 1}, {"href": "https://uitmperak.academia.edu/Departments/Kalbar/Documents", "doc_count": 1}, {"href": "https://uitmperak.academia.edu/Departments/Kampus_Tapah/Documents", "doc_count": 2}, {"href": "https://uitmperak.academia.edu/Departments/Kedokteran_Gigi/Documents", "doc_count": 1}, {"href": "https://uitmperak.academia.edu/Departments/kementerian_Agama/Documents", "doc_count": 1}, {"href": "https://uitmperak.academia.edu/Departments/Kementrian_Kelautan_Dan_Perikanan/Documents", "doc_count": 2}, {"href": "https://uitmperak.academia.edu/Departments/Kenek/Documents", "doc_count": 1}, {"href": "https://uitmperak.academia.edu/Departments/Kesehatan/Documents", "doc_count": 1}, {"href": "https://uitmperak.academia.edu/Departments/Kota_Bharu/Documents", "doc_count": 1}, {"href": "https://uitmperak.academia.edu/Departments/Kuala_Lumpur/Documents", "doc_count": 2}, {"href": "https://uitmperak.academia.edu/Departments/LAW/Documents", "doc_count": 7}, {"href": "https://uitmperak.academia.edu/Departments/Landscape_Architecture/Documents", "doc_count": 50}, {"href": "https://uitmperak.academia.edu/Departments/Learner/Documents", "doc_count": 2}, {"href": "https://uitmperak.academia.edu/Departments/Legal/Documents", "doc_count": 4}, {"href": "https://uitmperak.academia.edu/Departments/Literature_Linguistics_and_Languages/Documents", "doc_count": 1}, {"href": "https://uitmperak.academia.edu/Departments/M_pharm/Documents", "doc_count": 1}, {"href": "https://uitmperak.academia.edu/Departments/Magister_Science_Education/Documents", "doc_count": 1}, {"href": "https://uitmperak.academia.edu/Departments/Maha/Documents", "doc_count": 1}, {"href": "https://uitmperak.academia.edu/Departments/Mahasiswa/Documents", "doc_count": 16}, {"href": "https://uitmperak.academia.edu/Departments/Managemen_Informatika/Documents", "doc_count": 1}, {"href": "https://uitmperak.academia.edu/Departments/Management/Documents", "doc_count": 3}, {"href": "https://uitmperak.academia.edu/Departments/Management_Science/Documents", "doc_count": 2}, {"href": "https://uitmperak.academia.edu/Departments/Management_and_Accounting/Documents", "doc_count": 1}, {"href": "https://uitmperak.academia.edu/Departments/Managment/Documents", "doc_count": 2}, {"href": "https://uitmperak.academia.edu/Departments/Marke/Documents", "doc_count": 1}, {"href": "https://uitmperak.academia.edu/Departments/Marketing/Documents", "doc_count": 11}, {"href": "https://uitmperak.academia.edu/Departments/Mass_Communication/Documents", "doc_count": 1}, {"href": "https://uitmperak.academia.edu/Departments/Mathematica_and_Narural_Science/Documents", "doc_count": 1}, {"href": "https://uitmperak.academia.edu/Departments/Mathematical_science_programme/Documents", "doc_count": 1}, {"href": "https://uitmperak.academia.edu/Departments/Mathematics_and_Computer_Science/Documents", "doc_count": 3}, {"href": "https://uitmperak.academia.edu/Departments/Mecanical_Engineering/Documents", "doc_count": 1}, {"href": "https://uitmperak.academia.edu/Departments/Mechanical/Documents", "doc_count": 1}, {"href": "https://uitmperak.academia.edu/Departments/Mechanical_Engineering/Documents", "doc_count": 1}, {"href": "https://uitmperak.academia.edu/Departments/Medical_Mycrobiologi/Documents", "doc_count": 1}, {"href": "https://uitmperak.academia.edu/Departments/Medicine_Medical_Laboratory/Documents", "doc_count": 7}, {"href": "https://uitmperak.academia.edu/Departments/Member/Documents", "doc_count": 2}, {"href": "https://uitmperak.academia.edu/Departments/Microbiology/Documents", "doc_count": 3}, {"href": "https://uitmperak.academia.edu/Departments/Mtech_STRUCTURE/Documents", "doc_count": 2}, {"href": "https://uitmperak.academia.edu/Departments/Nursing/Documents", "doc_count": 2}, {"href": "https://uitmperak.academia.edu/Departments/Nutrition_and_Feed_Technology/Documents", "doc_count": 2}, {"href": "https://uitmperak.academia.edu/Departments/Office_System_Management/Documents", "doc_count": 1}, {"href": "https://uitmperak.academia.edu/Departments/PMKM/Documents", "doc_count": 1}, {"href": "https://uitmperak.academia.edu/Departments/Palembang/Documents", "doc_count": 1}, {"href": "https://uitmperak.academia.edu/Departments/Pendidikan_Agama/Documents", "doc_count": 2}, {"href": "https://uitmperak.academia.edu/Departments/Pengajian_Am/Documents", "doc_count": 1}, {"href": "https://uitmperak.academia.edu/Departments/Pengurusan_Muamalat/Documents", "doc_count": 3}, {"href": "https://uitmperak.academia.edu/Departments/Perindustrian/Documents", "doc_count": 1}, {"href": "https://uitmperak.academia.edu/Departments/Philosophy/Documents", "doc_count": 5}, {"href": "https://uitmperak.academia.edu/Departments/Physics/Documents", "doc_count": 1}, {"href": "https://uitmperak.academia.edu/Departments/Police_Sience/Documents", "doc_count": 10}, {"href": "https://uitmperak.academia.edu/Departments/Polnep/Documents", "doc_count": 1}, {"href": "https://uitmperak.academia.edu/Departments/Poltekes_Surakarta/Documents", "doc_count": 1}, {"href": "https://uitmperak.academia.edu/Departments/Pre_Engineering/Documents", "doc_count": 1}, {"href": "https://uitmperak.academia.edu/Departments/Psychology/Documents", "doc_count": 1}, {"href": "https://uitmperak.academia.edu/Departments/Pu_Bina_Marga/Documents", "doc_count": 1}, {"href": "https://uitmperak.academia.edu/Departments/Public_Administartion/Documents", "doc_count": 2}, {"href": "https://uitmperak.academia.edu/Departments/Public_Health/Documents", "doc_count": 1}, {"href": "https://uitmperak.academia.edu/Departments/Public_Relation/Documents", "doc_count": 1}, {"href": "https://uitmperak.academia.edu/Departments/Public_administration/Documents", "doc_count": 2}, {"href": "https://uitmperak.academia.edu/Departments/Purchasing_and_Supply/Documents", "doc_count": 1}, {"href": "https://uitmperak.academia.edu/Departments/Qiau/Documents", "doc_count": 1}, {"href": "https://uitmperak.academia.edu/Departments/Quantity_Surveying/Documents", "doc_count": 7}, {"href": "https://uitmperak.academia.edu/Departments/Research/Documents", "doc_count": 2}, {"href": "https://uitmperak.academia.edu/Departments/Retalhuleu/Documents", "doc_count": 7}, {"href": "https://uitmperak.academia.edu/Departments/SDN_6_Rukti_basuki/Documents", "doc_count": 1}, {"href": "https://uitmperak.academia.edu/Departments/SISTEM/Documents", "doc_count": 1}, {"href": "https://uitmperak.academia.edu/Departments/SITUBONDO/Documents", "doc_count": 1}, {"href": "https://uitmperak.academia.edu/Departments/SMAN_1_Blitar/Documents", "doc_count": 1}, {"href": "https://uitmperak.academia.edu/Departments/San_Martin/Documents", "doc_count": 1}, {"href": "https://uitmperak.academia.edu/Departments/School/Documents", "doc_count": 1}, {"href": "https://uitmperak.academia.edu/Departments/Search/Documents", "doc_count": 1}, {"href": "https://uitmperak.academia.edu/Departments/Sistem_Informasi/Documents", "doc_count": 1}, {"href": "https://uitmperak.academia.edu/Departments/Smk_Muh_Delanggu/Documents", "doc_count": 2}, {"href": "https://uitmperak.academia.edu/Departments/Social_Engineering/Documents", "doc_count": 1}, {"href": "https://uitmperak.academia.edu/Departments/Sociology/Documents", "doc_count": 4}, {"href": "https://uitmperak.academia.edu/Departments/Socpol/Documents", "doc_count": 1}, {"href": "https://uitmperak.academia.edu/Departments/St_Studies/Documents", "doc_count": 1}, {"href": "https://uitmperak.academia.edu/Departments/Stekom/Documents", "doc_count": 1}, {"href": "https://uitmperak.academia.edu/Departments/Stmik_Ichsan_Gorontalo/Documents", "doc_count": 1}, {"href": "https://uitmperak.academia.edu/Departments/Student/Documents", "doc_count": 15}, {"href": "https://uitmperak.academia.edu/Departments/Student_of_Literature/Documents", "doc_count": 1}, {"href": "https://uitmperak.academia.edu/Departments/Surabaya/Documents", "doc_count": 1}, {"href": "https://uitmperak.academia.edu/Departments/Swabi/Documents", "doc_count": 3}, {"href": "https://uitmperak.academia.edu/Departments/TOWN_AND_REGIONAL_PLANNING/Documents", "doc_count": 46}, {"href": "https://uitmperak.academia.edu/Departments/Tapah/Documents", "doc_count": 2}, {"href": "https://uitmperak.academia.edu/Departments/Tdk_Tau/Documents", "doc_count": 1}, {"href": "https://uitmperak.academia.edu/Departments/Teaching/Documents", "doc_count": 1}, {"href": "https://uitmperak.academia.edu/Departments/Teknik/Documents", "doc_count": 2}, {"href": "https://uitmperak.academia.edu/Departments/Tourism_Management/Documents", "doc_count": 1}, {"href": "https://uitmperak.academia.edu/Departments/Town_Planning/Documents", "doc_count": 2}, {"href": "https://uitmperak.academia.edu/Departments/Uitm/Documents", "doc_count": 1}, {"href": "https://uitmperak.academia.edu/Departments/Uiversitas_Negeri_Makassar/Documents", "doc_count": 1}, {"href": "https://uitmperak.academia.edu/Departments/Undiksha/Documents", "doc_count": 1}, {"href": "https://uitmperak.academia.edu/Departments/Unikom/Documents", "doc_count": 1}, {"href": "https://uitmperak.academia.edu/Departments/Uniku/Documents", "doc_count": 1}, {"href": "https://uitmperak.academia.edu/Departments/Unit_Po/Documents", "doc_count": 1}, {"href": "https://uitmperak.academia.edu/Departments/Universita_Brawijaya/Documents", "doc_count": 2}, {"href": "https://uitmperak.academia.edu/Departments/Universitas_Andalas/Documents", "doc_count": 1}, {"href": "https://uitmperak.academia.edu/Departments/Universitas_Bangka_Belitung/Documents", "doc_count": 1}, {"href": "https://uitmperak.academia.edu/Departments/Universitas_Brawijaya/Documents", "doc_count": 1}, {"href": "https://uitmperak.academia.edu/Departments/Universitas_Gadjah_Mada/Documents", "doc_count": 2}, {"href": "https://uitmperak.academia.edu/Departments/University/Documents", "doc_count": 1}, {"href": "https://uitmperak.academia.edu/Departments/University_Of_Bengkulu/Documents", "doc_count": 1}, {"href": "https://uitmperak.academia.edu/Departments/University_of_Mauritius/Documents", "doc_count": 6}, {"href": "https://uitmperak.academia.edu/Departments/Unmer/Documents", "doc_count": 1}, {"href": "https://uitmperak.academia.edu/Departments/Unsuriu/Documents", "doc_count": 1}, {"href": "https://uitmperak.academia.edu/Departments/Warkop/Documents", "doc_count": 2}, {"href": "https://uitmperak.academia.edu/Departments/Ygyg9g/Documents", "doc_count": 5}, {"href": "https://uitmperak.academia.edu/Departments/10/Documents", "doc_count": 15}, {"href": "https://uitmperak.academia.edu/Departments/11/Documents", "doc_count": 26}, {"href": "https://uitmperak.academia.edu/Departments/11th_Class/Documents", "doc_count": 102}, {"href": "https://uitmperak.academia.edu/Departments/12/Documents", "doc_count": 42}, {"href": "https://uitmperak.academia.edu/Departments/13/Documents", "doc_count": 19}, {"href": "https://uitmperak.academia.edu/Departments/651633/Documents", "doc_count": 32}]