[{"href": "https://uitmsegamat.academia.edu/Departments/Account/Documents", "doc_count": 3}, {"href": "https://uitmsegamat.academia.edu/Departments/Acis/Documents", "doc_count": 1}, {"href": "https://uitmsegamat.academia.edu/Departments/Business_Administration/Documents", "doc_count": 1}, {"href": "https://uitmsegamat.academia.edu/Departments/Business_Development/Documents", "doc_count": 1}, {"href": "https://uitmsegamat.academia.edu/Departments/Business_Management/Documents", "doc_count": 16}, {"href": "https://uitmsegamat.academia.edu/Departments/Diploma_In_Accountancy/Documents", "doc_count": 3}, {"href": "https://uitmsegamat.academia.edu/Departments/Electrical/Documents", "doc_count": 1}, {"href": "https://uitmsegamat.academia.edu/Departments/FACULTY_OG_BUSINESS/Documents", "doc_count": 1}, {"href": "https://uitmsegamat.academia.edu/Departments/FPDP/Documents", "doc_count": 10}, {"href": "https://uitmsegamat.academia.edu/Departments/FSKM/Documents", "doc_count": 2}, {"href": "https://uitmsegamat.academia.edu/Departments/Faculty_of_Business_Management/Documents", "doc_count": 3}, {"href": "https://uitmsegamat.academia.edu/Departments/Faculty_of_information_management/Documents", "doc_count": 3}, {"href": "https://uitmsegamat.academia.edu/Departments/Fakulti_Kejuruteraan_Kimia/Documents", "doc_count": 1}, {"href": "https://uitmsegamat.academia.edu/Departments/Fakulti_Matematik_Dan_Sains_Komputer/Documents", "doc_count": 1}, {"href": "https://uitmsegamat.academia.edu/Departments/Finance/Documents", "doc_count": 8}, {"href": "https://uitmsegamat.academia.edu/Departments/Investment/Documents", "doc_count": 1}, {"href": "https://uitmsegamat.academia.edu/Departments/Islamic_Banking/Documents", "doc_count": 1}, {"href": "https://uitmsegamat.academia.edu/Departments/Nilam/Documents", "doc_count": 1}, {"href": "https://uitmsegamat.academia.edu/Departments/PENGURUSAN_PERNIAGAAN/Documents", "doc_count": 2}, {"href": "https://uitmsegamat.academia.edu/Departments/Segamat/Documents", "doc_count": 1}, {"href": "https://uitmsegamat.academia.edu/Departments/Student/Documents", "doc_count": 1}]