[{"href": "https://universititeknologimara.academia.edu/Departments/AM228/Documents", "doc_count": 1}, {"href": "https://universititeknologimara.academia.edu/Departments/Academy_of_Contemporary_Islamic_Studies/Documents", "doc_count": 57}, {"href": "https://universititeknologimara.academia.edu/Departments/Account/Documents", "doc_count": 1}, {"href": "https://universititeknologimara.academia.edu/Departments/Accounting/Documents", "doc_count": 4}, {"href": "https://universititeknologimara.academia.edu/Departments/Art_and_Design/Documents", "doc_count": 18}, {"href": "https://universititeknologimara.academia.edu/Departments/Banking/Documents", "doc_count": 1}, {"href": "https://universititeknologimara.academia.edu/Departments/Bisness/Documents", "doc_count": 1}, {"href": "https://universititeknologimara.academia.edu/Departments/Business_Faculty/Documents", "doc_count": 4}, {"href": "https://universititeknologimara.academia.edu/Departments/Business_Managemanet/Documents", "doc_count": 3}, {"href": "https://universititeknologimara.academia.edu/Departments/Communication_and_Media/Documents", "doc_count": 3}, {"href": "https://universititeknologimara.academia.edu/Departments/Computer/Documents", "doc_count": 1}, {"href": "https://universititeknologimara.academia.edu/Departments/DPIM/Documents", "doc_count": 1}, {"href": "https://universititeknologimara.academia.edu/Departments/Degree_in_Human_Resource/Documents", "doc_count": 1}, {"href": "https://universititeknologimara.academia.edu/Departments/Economics_Department/Documents", "doc_count": 17}, {"href": "https://universititeknologimara.academia.edu/Departments/FACULTY_OF_HOTEL_AND_TOURISM_MANAGEMENT/Documents", "doc_count": 3}, {"href": "https://universititeknologimara.academia.edu/Departments/FINANCE/Documents", "doc_count": 4}, {"href": "https://universititeknologimara.academia.edu/Departments/Faculty_Mass_Communication_and_Media/Documents", "doc_count": 4}, {"href": "https://universititeknologimara.academia.edu/Departments/Faculty_of_Accountancy/Documents", "doc_count": 7}, {"href": "https://universititeknologimara.academia.edu/Departments/Faculty_of_Administrative_Science_and_Policy_Study/Documents", "doc_count": 2}, {"href": "https://universititeknologimara.academia.edu/Departments/Faculty_of_Business_MAnagement/Documents", "doc_count": 20}, {"href": "https://universititeknologimara.academia.edu/Departments/Faculty_of_Computer_and_Mathematical_Science/Documents", "doc_count": 8}, {"href": "https://universititeknologimara.academia.edu/Departments/Faculty_of_Education/Documents", "doc_count": 4}, {"href": "https://universititeknologimara.academia.edu/Departments/Faculty_of_Plantation_Agrotechnology/Documents", "doc_count": 12}, {"href": "https://universititeknologimara.academia.edu/Departments/Fakulti_Pengajian_Bahasa/Documents", "doc_count": 1}, {"href": "https://universititeknologimara.academia.edu/Departments/Fakulti_Pengurusan_Dan_Perniagaan/Documents", "doc_count": 1}, {"href": "https://universititeknologimara.academia.edu/Departments/Fakulti_Sains_pentadbiran_Pengajian_Polisi/Documents", "doc_count": 2}, {"href": "https://universititeknologimara.academia.edu/Departments/Fakulti_perladangan_dan_agroteknologi/Documents", "doc_count": 1}, {"href": "https://universititeknologimara.academia.edu/Departments/Fakulti_sains_komputer_dan_matematik/Documents", "doc_count": 1}, {"href": "https://universititeknologimara.academia.edu/Departments/Graphic_Design/Documents", "doc_count": 6}, {"href": "https://universititeknologimara.academia.edu/Departments/Hosp/Documents", "doc_count": 1}, {"href": "https://universititeknologimara.academia.edu/Departments/Kampus_Alor_Gajah/Documents", "doc_count": 1}, {"href": "https://universititeknologimara.academia.edu/Departments/Kampus_Jasin/Documents", "doc_count": 4}, {"href": "https://universititeknologimara.academia.edu/Departments/Language_Study/Documents", "doc_count": 2}, {"href": "https://universititeknologimara.academia.edu/Departments/Marketing/Documents", "doc_count": 2}, {"href": "https://universititeknologimara.academia.edu/Departments/Mass_and_Communication_Study/Documents", "doc_count": 5}, {"href": "https://universititeknologimara.academia.edu/Departments/Mechanical_Engineering/Documents", "doc_count": 1}, {"href": "https://universititeknologimara.academia.edu/Departments/Office_Management/Documents", "doc_count": 1}, {"href": "https://universititeknologimara.academia.edu/Departments/Plantation_and_Agrotechnology/Documents", "doc_count": 2}, {"href": "https://universititeknologimara.academia.edu/Departments/Science_and_Computer/Documents", "doc_count": 5}, {"href": "https://universititeknologimara.academia.edu/Departments/Sukan/Documents", "doc_count": 1}]