[{"href": "https://najwa.academia.edu/Departments/Academy_of_Language_Studies/Documents", "doc_count": 2}, {"href": "https://najwa.academia.edu/Departments/Arau/Documents", "doc_count": 1}, {"href": "https://najwa.academia.edu/Departments/Architecture_Planning_and_Surveying/Documents", "doc_count": 6}, {"href": "https://najwa.academia.edu/Departments/Business_Mangement/Documents", "doc_count": 7}, {"href": "https://najwa.academia.edu/Departments/Diploma_in_Planting_Industry_and_Management/Documents", "doc_count": 1}, {"href": "https://najwa.academia.edu/Departments/FACULTY_OF_CIVIL_ENGINEERING/Documents", "doc_count": 2}, {"href": "https://najwa.academia.edu/Departments/Faculty_Applied_Science/Documents", "doc_count": 29}, {"href": "https://najwa.academia.edu/Departments/Faculty_Computer_Sciences_and_Mathematics/Documents", "doc_count": 5}, {"href": "https://najwa.academia.edu/Departments/Faculty_Sport_Science_and_Recreation/Documents", "doc_count": 1}, {"href": "https://najwa.academia.edu/Departments/Faculty_of_Accountancy/Documents", "doc_count": 2}, {"href": "https://najwa.academia.edu/Departments/Faculty_of_Agriculture_and_plantation_industry/Documents", "doc_count": 1}, {"href": "https://najwa.academia.edu/Departments/Faculty_of_Business_Management/Documents", "doc_count": 3}, {"href": "https://najwa.academia.edu/Departments/Faculty_of_Computer_Sciences_and_Technology/Documents", "doc_count": 1}, {"href": "https://najwa.academia.edu/Departments/Fakulti_Sains_Komputer/Documents", "doc_count": 1}, {"href": "https://najwa.academia.edu/Departments/Fspu/Documents", "doc_count": 1}, {"href": "https://najwa.academia.edu/Departments/Geomatic_Science_of_Remote_Sensing/Documents", "doc_count": 17}, {"href": "https://najwa.academia.edu/Departments/Mathematics/Documents", "doc_count": 4}, {"href": "https://najwa.academia.edu/Departments/Pentadbiran/Documents", "doc_count": 1}, {"href": "https://najwa.academia.edu/Departments/SAINS_KOMPUTER_DAN_MATEMATIK/Documents", "doc_count": 2}, {"href": "https://najwa.academia.edu/Departments/Sains_Gunaan/Documents", "doc_count": 3}, {"href": "https://najwa.academia.edu/Departments/Sains_Ukur_Geomatic/Documents", "doc_count": 1}, {"href": "https://najwa.academia.edu/Departments/Student/Documents", "doc_count": 1}, {"href": "https://najwa.academia.edu/Departments/Survey_Science_and_Geomatics/Documents", "doc_count": 14}]