[{"href": "https://uitmkedah.academia.edu/Departments/ACCONTANCY/Documents", "doc_count": 3}, {"href": "https://uitmkedah.academia.edu/Departments/Academy_of_Language_Studies/Documents", "doc_count": 5}, {"href": "https://uitmkedah.academia.edu/Departments/Administrative_Science_and_Public_Policy_Studies/Documents", "doc_count": 1}, {"href": "https://uitmkedah.academia.edu/Departments/Art_and_Design/Documents", "doc_count": 1}, {"href": "https://uitmkedah.academia.edu/Departments/Banking/Documents", "doc_count": 1}, {"href": "https://uitmkedah.academia.edu/Departments/Business_Management/Documents", "doc_count": 42}, {"href": "https://uitmkedah.academia.edu/Departments/Computer_Science_and_Mathematics/Documents", "doc_count": 5}, {"href": "https://uitmkedah.academia.edu/Departments/Dipac/Documents", "doc_count": 1}, {"href": "https://uitmkedah.academia.edu/Departments/Economics/Documents", "doc_count": 14}, {"href": "https://uitmkedah.academia.edu/Departments/FSPP/Documents", "doc_count": 1}, {"href": "https://uitmkedah.academia.edu/Departments/Faculty_Science_Computer_and_Mathematic/Documents", "doc_count": 3}, {"href": "https://uitmkedah.academia.edu/Departments/Faculty_of_Administrative_Science_and_Policy_Studies/Documents", "doc_count": 6}, {"href": "https://uitmkedah.academia.edu/Departments/Faculty_of_Computer_and_Mathematical_Sciences/Documents", "doc_count": 11}, {"href": "https://uitmkedah.academia.edu/Departments/Faculty_of_business_administration/Documents", "doc_count": 21}, {"href": "https://uitmkedah.academia.edu/Departments/Fakulti_Lukis_Seni_Reka_Grafik/Documents", "doc_count": 1}, {"href": "https://uitmkedah.academia.edu/Departments/Fakulti_Pengurusan_Dan_Perniagaan/Documents", "doc_count": 1}, {"href": "https://uitmkedah.academia.edu/Departments/Information_Management/Documents", "doc_count": 13}, {"href": "https://uitmkedah.academia.edu/Departments/Islamic_Banking/Documents", "doc_count": 1}, {"href": "https://uitmkedah.academia.edu/Departments/Law/Documents", "doc_count": 15}, {"href": "https://uitmkedah.academia.edu/Departments/SCIENCE_POLICY/Documents", "doc_count": 63}, {"href": "https://uitmkedah.academia.edu/Departments/Sains_Komputer_Dan_Matematik/Documents", "doc_count": 1}, {"href": "https://uitmkedah.academia.edu/Departments/Sungai_Petani/Documents", "doc_count": 1}, {"href": "https://uitmkedah.academia.edu/Departments/Syarie/Documents", "doc_count": 1}]