[{"href": "https://uitmsarawak.academia.edu/Departments/Academy_of_Language_Studies/Documents", "doc_count": 3}, {"href": "https://uitmsarawak.academia.edu/Departments/Accounting/Documents", "doc_count": 1}, {"href": "https://uitmsarawak.academia.edu/Departments/Applied_Science/Documents", "doc_count": 3}, {"href": "https://uitmsarawak.academia.edu/Departments/Building/Documents", "doc_count": 1}, {"href": "https://uitmsarawak.academia.edu/Departments/Business_Management/Documents", "doc_count": 30}, {"href": "https://uitmsarawak.academia.edu/Departments/Bussiness/Documents", "doc_count": 1}, {"href": "https://uitmsarawak.academia.edu/Departments/Chemical_Engineering/Documents", "doc_count": 1}, {"href": "https://uitmsarawak.academia.edu/Departments/Faculty_Business/Documents", "doc_count": 1}, {"href": "https://uitmsarawak.academia.edu/Departments/Faculty_of_Administrative_Science_and_Policy_Studies/Documents", "doc_count": 30}, {"href": "https://uitmsarawak.academia.edu/Departments/Faculty_of_Civil_Engineering/Documents", "doc_count": 1}, {"href": "https://uitmsarawak.academia.edu/Departments/Faculty_of_Electrical_and_Electronics_Engineering/Documents", "doc_count": 12}, {"href": "https://uitmsarawak.academia.edu/Departments/Faculty_of_Plantation_and_Agrotechnology/Documents", "doc_count": 1}, {"href": "https://uitmsarawak.academia.edu/Departments/Network/Documents", "doc_count": 1}, {"href": "https://uitmsarawak.academia.edu/Departments/Office_Management/Documents", "doc_count": 1}, {"href": "https://uitmsarawak.academia.edu/Departments/Technical/Documents", "doc_count": 1}]