[{"href": "https://usim.academia.edu/Departments/ACREDA/Documents", "doc_count": 25}, {"href": "https://usim.academia.edu/Departments/ASIAN_CENTER_FOR_RESEARCH_ON_DRUG_ABUSE_ACREDA_/Documents", "doc_count": 25}, {"href": "https://usim.academia.edu/Departments/ASSISTANT/Documents", "doc_count": 2}, {"href": "https://usim.academia.edu/Departments/Accounting/Documents", "doc_count": 49}, {"href": "https://usim.academia.edu/Departments/Ahmad/Documents", "doc_count": 1}, {"href": "https://usim.academia.edu/Departments/Akademi_Islam/Documents", "doc_count": 3}, {"href": "https://usim.academia.edu/Departments/Akida_and_Relgion_Studies/Documents", "doc_count": 1}, {"href": "https://usim.academia.edu/Departments/Al_Quran_and_Al_Hadith/Documents", "doc_count": 2}, {"href": "https://usim.academia.edu/Departments/Alquran_Sunah/Documents", "doc_count": 3}, {"href": "https://usim.academia.edu/Departments/Arabic/Documents", "doc_count": 53}, {"href": "https://usim.academia.edu/Departments/Arabic_Language/Documents", "doc_count": 1}, {"href": "https://usim.academia.edu/Departments/Architecture/Documents", "doc_count": 4}, {"href": "https://usim.academia.edu/Departments/Architecture_Program_Faculty_of_Science_and_Technology_USIM/Documents", "doc_count": 11}, {"href": "https://usim.academia.edu/Departments/Bahagian_Hal_Ehwal_Pelajar/Documents", "doc_count": 4}, {"href": "https://usim.academia.edu/Departments/Basic_Medical_Science_2/Documents", "doc_count": 15}, {"href": "https://usim.academia.edu/Departments/Basic_Medical_Sciences_I/Documents", "doc_count": 8}, {"href": "https://usim.academia.edu/Departments/Business_and_management/Documents", "doc_count": 35}, {"href": "https://usim.academia.edu/Departments/Centre_For_Core_Studies/Documents", "doc_count": 122}, {"href": "https://usim.academia.edu/Departments/Centre_for_Distance_Education/Documents", "doc_count": 1}, {"href": "https://usim.academia.edu/Departments/Centre_for_Holistic_Intelligence_CHI_Institut_Sains_Islam/Documents", "doc_count": 4}, {"href": "https://usim.academia.edu/Departments/Communications_Faculty_of_Leadership_and_Management/Documents", "doc_count": 82}, {"href": "https://usim.academia.edu/Departments/Computer_Science/Documents", "doc_count": 33}, {"href": "https://usim.academia.edu/Departments/Counseling_Faculty_of_Leadership_and_Management/Documents", "doc_count": 23}, {"href": "https://usim.academia.edu/Departments/Da_wah_and_Islamic_Management/Documents", "doc_count": 255}, {"href": "https://usim.academia.edu/Departments/Dakwah/Documents", "doc_count": 2}, {"href": "https://usim.academia.edu/Departments/Dakwah_and_Islamic_Management/Documents", "doc_count": 2}, {"href": "https://usim.academia.edu/Departments/Department_of_Communication/Documents", "doc_count": 12}, {"href": "https://usim.academia.edu/Departments/Department_of_Conservative_Dentistry_and_Prosthodontics/Documents", "doc_count": 10}, {"href": "https://usim.academia.edu/Departments/Department_of_Shariah_and_Law/Documents", "doc_count": 4}, {"href": "https://usim.academia.edu/Departments/Dept_of_Communication_Faculty_of_Leadership_and_Manag/Documents", "doc_count": 3}, {"href": "https://usim.academia.edu/Departments/Dept_of_Akidah_Religion_Studies_Faculty_of_Leadership_Management/Documents", "doc_count": 246}, {"href": "https://usim.academia.edu/Departments/Economy_and_Muamalat/Documents", "doc_count": 50}, {"href": "https://usim.academia.edu/Departments/Education/Documents", "doc_count": 20}, {"href": "https://usim.academia.edu/Departments/Education_Major_Language_Studies/Documents", "doc_count": 135}, {"href": "https://usim.academia.edu/Departments/Electronic_Eng/Documents", "doc_count": 2}, {"href": "https://usim.academia.edu/Departments/English_Language/Documents", "doc_count": 15}, {"href": "https://usim.academia.edu/Departments/FACULTY_OF_ECONOMICS_AND_MUAMALAT_UNIVERSITI_SAINS_ISLAM_MALAYSIA/Documents", "doc_count": 253}, {"href": "https://usim.academia.edu/Departments/FACULTY_OF_MAJOR_LANGUAGE_STUDIES_UNIVERSITI_SAINS_ISLAM_MALAYSIA/Documents", "doc_count": 280}, {"href": "https://usim.academia.edu/Departments/FACULTY_OF_MAJOR_LANGUAGES_STUDIES_UNIVERSITI_SAINS_ISLAM_MALAYSIA/Documents", "doc_count": 404}, {"href": "https://usim.academia.edu/Departments/FAKULTI_PENGAJIAN_BAHASA_UTAMA/Documents", "doc_count": 60}, {"href": "https://usim.academia.edu/Departments/FAKULTI_PERUBATAN_DAN_SAINS_KESIHATAN/Documents", "doc_count": 13}, {"href": "https://usim.academia.edu/Departments/FIQH_AND_FATWA/Documents", "doc_count": 1}, {"href": "https://usim.academia.edu/Departments/FOOD_BIOTECHNOLOGY/Documents", "doc_count": 8}, {"href": "https://usim.academia.edu/Departments/FPBU/Documents", "doc_count": 91}, {"href": "https://usim.academia.edu/Departments/FPQS/Documents", "doc_count": 1}, {"href": "https://usim.academia.edu/Departments/FST/Documents", "doc_count": 12}, {"href": "https://usim.academia.edu/Departments/FST_USIM/Documents", "doc_count": 9}, {"href": "https://usim.academia.edu/Departments/Faculty_Science_and_Technology/Documents", "doc_count": 421}, {"href": "https://usim.academia.edu/Departments/Faculty_of_Dentistry/Documents", "doc_count": 44}, {"href": "https://usim.academia.edu/Departments/Faculty_of_Economic_Muamalat/Documents", "doc_count": 83}, {"href": "https://usim.academia.edu/Departments/Faculty_of_Economic_and_Muamalat_Administration/Documents", "doc_count": 4}, {"href": "https://usim.academia.edu/Departments/Faculty_of_Economics_Muamalat/Documents", "doc_count": 42}, {"href": "https://usim.academia.edu/Departments/Faculty_of_Economics_and_Muamalat/Documents", "doc_count": 270}, {"href": "https://usim.academia.edu/Departments/Faculty_of_Economy_Muamalat/Documents", "doc_count": 2}, {"href": "https://usim.academia.edu/Departments/Faculty_of_Economy_and_Muamalat_Administration/Documents", "doc_count": 13}, {"href": "https://usim.academia.edu/Departments/Faculty_of_Engineering_and_Built_Environment/Documents", "doc_count": 35}, {"href": "https://usim.academia.edu/Departments/Faculty_of_Leadership_and_Management/Documents", "doc_count": 473}, {"href": "https://usim.academia.edu/Departments/Faculty_of_Major_Languages_Study/Documents", "doc_count": 39}, {"href": "https://usim.academia.edu/Departments/Faculty_of_Medicine_and_Health_Sciences/Documents", "doc_count": 67}, {"href": "https://usim.academia.edu/Departments/Faculty_of_QURAN_AND_SUNNAH/Documents", "doc_count": 52}, {"href": "https://usim.academia.edu/Departments/Faculty_of_Quranic_and_Sunnah_Studies/Documents", "doc_count": 128}, {"href": "https://usim.academia.edu/Departments/Faculty_of_Science_Technology/Documents", "doc_count": 310}, {"href": "https://usim.academia.edu/Departments/Faculty_of_Syariah_Law/Documents", "doc_count": 9}, {"href": "https://usim.academia.edu/Departments/Faculty_of_Syariah_and_Law/Documents", "doc_count": 400}, {"href": "https://usim.academia.edu/Departments/Faculty_of_Syariah_and_Law_Fiqh_and_Fatwa_/Documents", "doc_count": 27}, {"href": "https://usim.academia.edu/Departments/Fakulti_Ekonomi_Dan_Muamalat/Documents", "doc_count": 56}, {"href": "https://usim.academia.edu/Departments/Fakulti_Kejuruteraan_dan_Alam_Bina/Documents", "doc_count": 5}, {"href": "https://usim.academia.edu/Departments/Fakulti_Kepimpinan_Dan_Pengurusan/Documents", "doc_count": 18}, {"href": "https://usim.academia.edu/Departments/Fakulti_Pengajian_Quran_dan_Sunnah/Documents", "doc_count": 204}, {"href": "https://usim.academia.edu/Departments/Fakulti_Pergigian/Documents", "doc_count": 9}, {"href": "https://usim.academia.edu/Departments/Fakulti_Sains_dan_Teknologi/Documents", "doc_count": 23}, {"href": "https://usim.academia.edu/Departments/Fakulti_Syariah_Dan_Undang/Documents", "doc_count": 19}, {"href": "https://usim.academia.edu/Departments/Fakulti_Syariah_Dan_Undang_undang/Documents", "doc_count": 65}, {"href": "https://usim.academia.edu/Departments/Financial_Mathematics/Documents", "doc_count": 19}, {"href": "https://usim.academia.edu/Departments/Fsu_Usim/Documents", "doc_count": 1}, {"href": "https://usim.academia.edu/Departments/Health/Documents", "doc_count": 4}, {"href": "https://usim.academia.edu/Departments/Human_Resource_leadership_and_management/Documents", "doc_count": 1}, {"href": "https://usim.academia.edu/Departments/Ibnu_Haitham_Centre_for_Islamic_Technology/Documents", "doc_count": 122}, {"href": "https://usim.academia.edu/Departments/Industrial_chemical_technology/Documents", "doc_count": 49}, {"href": "https://usim.academia.edu/Departments/Institute_For_Human_Development_Communication/Documents", "doc_count": 1}, {"href": "https://usim.academia.edu/Departments/Islamic/Documents", "doc_count": 1}, {"href": "https://usim.academia.edu/Departments/Islamic_Science_Institute/Documents", "doc_count": 187}, {"href": "https://usim.academia.edu/Departments/Islamic_Wealth_Management_Institute_IFWMI_/Documents", "doc_count": 26}, {"href": "https://usim.academia.edu/Departments/Kaunseling/Documents", "doc_count": 3}, {"href": "https://usim.academia.edu/Departments/Kepimpinan_Pengurusan/Documents", "doc_count": 1}, {"href": "https://usim.academia.edu/Departments/Kolej_GENIUS_Insan/Documents", "doc_count": 18}, {"href": "https://usim.academia.edu/Departments/Kolej_PERMATA_Insan/Documents", "doc_count": 12}, {"href": "https://usim.academia.edu/Departments/Law/Documents", "doc_count": 1}, {"href": "https://usim.academia.edu/Departments/Leadership_Managment/Documents", "doc_count": 3}, {"href": "https://usim.academia.edu/Departments/Main_Language/Documents", "doc_count": 1}, {"href": "https://usim.academia.edu/Departments/Major_Language_Faculty/Documents", "doc_count": 87}, {"href": "https://usim.academia.edu/Departments/Management_and_Leadership/Documents", "doc_count": 1}, {"href": "https://usim.academia.edu/Departments/Marketing/Documents", "doc_count": 1}, {"href": "https://usim.academia.edu/Departments/Medical_Education/Documents", "doc_count": 4}, {"href": "https://usim.academia.edu/Departments/Miahuatlan/Documents", "doc_count": 1}, {"href": "https://usim.academia.edu/Departments/Nilai/Documents", "doc_count": 1}, {"href": "https://usim.academia.edu/Departments/obstetrics_Gynaecology/Documents", "doc_count": 5}, {"href": "https://usim.academia.edu/Departments/PERMATA_Insan_College/Documents", "doc_count": 116}, {"href": "https://usim.academia.edu/Departments/Pathology/Documents", "doc_count": 3}, {"href": "https://usim.academia.edu/Departments/Pengajian_Bahasa_Utama/Documents", "doc_count": 2}, {"href": "https://usim.academia.edu/Departments/Physics/Documents", "doc_count": 4}, {"href": "https://usim.academia.edu/Departments/Physiology/Documents", "doc_count": 3}, {"href": "https://usim.academia.edu/Departments/Political_Science/Documents", "doc_count": 1}, {"href": "https://usim.academia.edu/Departments/Psychiatry/Documents", "doc_count": 14}, {"href": "https://usim.academia.edu/Departments/Pusat_Pengajian_Teras_PPT_/Documents", "doc_count": 45}, {"href": "https://usim.academia.edu/Departments/Pusat_Tamhidi/Documents", "doc_count": 2}, {"href": "https://usim.academia.edu/Departments/Quran_Dan_Sunnah/Documents", "doc_count": 1}, {"href": "https://usim.academia.edu/Departments/STUDENTS_AFFAIRS_DIVISION/Documents", "doc_count": 1}, {"href": "https://usim.academia.edu/Departments/School_of_Electric_and_Eletronic/Documents", "doc_count": 20}, {"href": "https://usim.academia.edu/Departments/School_of_Housing_Building_and_Planning/Documents", "doc_count": 1}, {"href": "https://usim.academia.edu/Departments/Science_Actuary_and_Risk_Management/Documents", "doc_count": 2}, {"href": "https://usim.academia.edu/Departments/Senior_Lecturer/Documents", "doc_count": 18}, {"href": "https://usim.academia.edu/Departments/Sharia_and_Law/Documents", "doc_count": 1}, {"href": "https://usim.academia.edu/Departments/Sosiology/Documents", "doc_count": 2}, {"href": "https://usim.academia.edu/Departments/Student/Documents", "doc_count": 10}, {"href": "https://usim.academia.edu/Departments/Syariah_Undang_Undang/Documents", "doc_count": 3}, {"href": "https://usim.academia.edu/Departments/Tamhidi_Centre/Documents", "doc_count": 8}, {"href": "https://usim.academia.edu/Departments/Tamhidi_of_Syariah_and_Law/Documents", "doc_count": 6}, {"href": "https://usim.academia.edu/Departments/Tamhifi/Documents", "doc_count": 2}, {"href": "https://usim.academia.edu/Departments/Unit_Program_Generik_Pusat_Pengajian_Siswazah/Documents", "doc_count": 20}, {"href": "https://usim.academia.edu/Departments/Universiti_Sains_Islam_Malaysia/Documents", "doc_count": 1}, {"href": "https://usim.academia.edu/Departments/Usim/Documents", "doc_count": 5}, {"href": "https://usim.academia.edu/Departments/Wastewater_treatment/Documents", "doc_count": 1}, {"href": "https://usim.academia.edu/Departments/69LOL/Documents", "doc_count": 2}]