[{"href": "https://unikl.academia.edu/Departments/Acconting/Documents", "doc_count": 1}, {"href": "https://unikl.academia.edu/Departments/Accounting_Department/Documents", "doc_count": 25}, {"href": "https://unikl.academia.edu/Departments/Administration/Documents", "doc_count": 1}, {"href": "https://unikl.academia.edu/Departments/Aeraspace/Documents", "doc_count": 2}, {"href": "https://unikl.academia.edu/Departments/Aerospace/Documents", "doc_count": 1}, {"href": "https://unikl.academia.edu/Departments/Agro/Documents", "doc_count": 1}, {"href": "https://unikl.academia.edu/Departments/Aircraft_Engineering_Mechanical/Documents", "doc_count": 1}, {"href": "https://unikl.academia.edu/Departments/Anatomy/Documents", "doc_count": 9}, {"href": "https://unikl.academia.edu/Departments/Animation_Department/Documents", "doc_count": 43}, {"href": "https://unikl.academia.edu/Departments/Art/Documents", "doc_count": 1}, {"href": "https://unikl.academia.edu/Departments/Automotive_Engineering/Documents", "doc_count": 1}, {"href": "https://unikl.academia.edu/Departments/Avionics/Documents", "doc_count": 1}, {"href": "https://unikl.academia.edu/Departments/BAET_avionics/Documents", "doc_count": 1}, {"href": "https://unikl.academia.edu/Departments/Bachelor_Business_Administration/Documents", "doc_count": 1}, {"href": "https://unikl.academia.edu/Departments/Bachelor_Industrial_Logistic/Documents", "doc_count": 1}, {"href": "https://unikl.academia.edu/Departments/Bachelor_of_Interactive_Multimedia_Design/Documents", "doc_count": 2}, {"href": "https://unikl.academia.edu/Departments/Bioengineering_Technology/Documents", "doc_count": 2}, {"href": "https://unikl.academia.edu/Departments/Biomedical_Science/Documents", "doc_count": 8}, {"href": "https://unikl.academia.edu/Departments/Bisness/Documents", "doc_count": 2}, {"href": "https://unikl.academia.edu/Departments/British_Malaysian_Institute/Documents", "doc_count": 85}, {"href": "https://unikl.academia.edu/Departments/Business/Documents", "doc_count": 36}, {"href": "https://unikl.academia.edu/Departments/Business_Management/Documents", "doc_count": 63}, {"href": "https://unikl.academia.edu/Departments/CHEMICAL/Documents", "doc_count": 4}, {"href": "https://unikl.academia.edu/Departments/Centre_for_Instructional_Technology_and_Curriculum_Development_CITC_/Documents", "doc_count": 36}, {"href": "https://unikl.academia.edu/Departments/Centre_for_Preparatory_Studies_CPS_/Documents", "doc_count": 36}, {"href": "https://unikl.academia.edu/Departments/Chemical_Engineering/Documents", "doc_count": 29}, {"href": "https://unikl.academia.edu/Departments/Chemical_Engineering_Technology/Documents", "doc_count": 6}, {"href": "https://unikl.academia.edu/Departments/Clinical_Laboratory_Science/Documents", "doc_count": 7}, {"href": "https://unikl.academia.edu/Departments/Communication_Technology_Section/Documents", "doc_count": 1}, {"href": "https://unikl.academia.edu/Departments/Computer_Engineering/Documents", "doc_count": 41}, {"href": "https://unikl.academia.edu/Departments/Computer_Network/Documents", "doc_count": 2}, {"href": "https://unikl.academia.edu/Departments/Creative_Multimedia_Department/Documents", "doc_count": 6}, {"href": "https://unikl.academia.edu/Departments/Creative_Multimedia_and_Animation/Documents", "doc_count": 12}, {"href": "https://unikl.academia.edu/Departments/Cred/Documents", "doc_count": 2}, {"href": "https://unikl.academia.edu/Departments/Design_Engineering_Technology/Documents", "doc_count": 7}, {"href": "https://unikl.academia.edu/Departments/Diploma_in_Multimedia/Documents", "doc_count": 1}, {"href": "https://unikl.academia.edu/Departments/Diploma_in_Ship_Construction_and_Maintanence/Documents", "doc_count": 3}, {"href": "https://unikl.academia.edu/Departments/Education/Documents", "doc_count": 1}, {"href": "https://unikl.academia.edu/Departments/Electrical/Documents", "doc_count": 1}, {"href": "https://unikl.academia.edu/Departments/Electrical_Electronics/Documents", "doc_count": 39}, {"href": "https://unikl.academia.edu/Departments/Electrical_Engineering/Documents", "doc_count": 17}, {"href": "https://unikl.academia.edu/Departments/Electrical_Section/Documents", "doc_count": 1}, {"href": "https://unikl.academia.edu/Departments/Electrical_Electronics_and_Automation/Documents", "doc_count": 3}, {"href": "https://unikl.academia.edu/Departments/Electromechanical/Documents", "doc_count": 1}, {"href": "https://unikl.academia.edu/Departments/Electronic/Documents", "doc_count": 5}, {"href": "https://unikl.academia.edu/Departments/Electronics/Documents", "doc_count": 7}, {"href": "https://unikl.academia.edu/Departments/Engineering/Documents", "doc_count": 5}, {"href": "https://unikl.academia.edu/Departments/Environmental_Health/Documents", "doc_count": 7}, {"href": "https://unikl.academia.edu/Departments/Fabrication_and_Joining/Documents", "doc_count": 9}, {"href": "https://unikl.academia.edu/Departments/Facilities_Maintenance_Engineering/Documents", "doc_count": 39}, {"href": "https://unikl.academia.edu/Departments/Fakulti_Farmasi/Documents", "doc_count": 2}, {"href": "https://unikl.academia.edu/Departments/Food_Engineering_Technology/Documents", "doc_count": 20}, {"href": "https://unikl.academia.edu/Departments/Food_Tech/Documents", "doc_count": 2}, {"href": "https://unikl.academia.edu/Departments/Foundation/Documents", "doc_count": 1}, {"href": "https://unikl.academia.edu/Departments/General_Studies/Documents", "doc_count": 6}, {"href": "https://unikl.academia.edu/Departments/ICOLE_Mechanical_Engineering/Documents", "doc_count": 1}, {"href": "https://unikl.academia.edu/Departments/INDUSTRIAL_LOGISTIC/Documents", "doc_count": 2}, {"href": "https://unikl.academia.edu/Departments/IPROM/Documents", "doc_count": 2}, {"href": "https://unikl.academia.edu/Departments/Industrial_Automation_Section/Documents", "doc_count": 8}, {"href": "https://unikl.academia.edu/Departments/Industrial_Logistics/Documents", "doc_count": 7}, {"href": "https://unikl.academia.edu/Departments/Industrial_Product_Design_Engineering/Documents", "doc_count": 1}, {"href": "https://unikl.academia.edu/Departments/Informatics_and_Analytics/Documents", "doc_count": 9}, {"href": "https://unikl.academia.edu/Departments/Information_Technology/Documents", "doc_count": 24}, {"href": "https://unikl.academia.edu/Departments/Institute_of_Medical_Science_and_Technology/Documents", "doc_count": 3}, {"href": "https://unikl.academia.edu/Departments/Institute_of_Product_Design_and_Manufacturing/Documents", "doc_count": 10}, {"href": "https://unikl.academia.edu/Departments/Instrumentation_and_Control_Engineering/Documents", "doc_count": 18}, {"href": "https://unikl.academia.edu/Departments/Instrumentation_and_Process_Control/Documents", "doc_count": 1}, {"href": "https://unikl.academia.edu/Departments/Islamic_Finance/Documents", "doc_count": 11}, {"href": "https://unikl.academia.edu/Departments/Italian/Documents", "doc_count": 1}, {"href": "https://unikl.academia.edu/Departments/Kedokteran/Documents", "doc_count": 1}, {"href": "https://unikl.academia.edu/Departments/Kuala_Lumpur/Documents", "doc_count": 1}, {"href": "https://unikl.academia.edu/Departments/Language_Studies/Documents", "doc_count": 8}, {"href": "https://unikl.academia.edu/Departments/Logistic/Documents", "doc_count": 1}, {"href": "https://unikl.academia.edu/Departments/MALAYSIA_SPANISH_INSTITUTE/Documents", "doc_count": 11}, {"href": "https://unikl.academia.edu/Departments/MCMT/Documents", "doc_count": 6}, {"href": "https://unikl.academia.edu/Departments/Mahasiswa/Documents", "doc_count": 1}, {"href": "https://unikl.academia.edu/Departments/Malaysia_France_Institute/Documents", "doc_count": 106}, {"href": "https://unikl.academia.edu/Departments/Malaysia_France_Institute_UniKL_MFI_/Documents", "doc_count": 1}, {"href": "https://unikl.academia.edu/Departments/Malaysia_Institute_of_Aviation_Technology/Documents", "doc_count": 11}, {"href": "https://unikl.academia.edu/Departments/Malaysia_Institute_of_Chemical_Bioengineering_Technology/Documents", "doc_count": 2}, {"href": "https://unikl.academia.edu/Departments/Malaysia_Institute_of_Information_Technology_MIIT_/Documents", "doc_count": 426}, {"href": "https://unikl.academia.edu/Departments/Malaysia_Institute_of_Marine_Engineering_Technology/Documents", "doc_count": 83}, {"href": "https://unikl.academia.edu/Departments/Malaysia_Italy_Design_Institute/Documents", "doc_count": 41}, {"href": "https://unikl.academia.edu/Departments/malaysian_institute_of_chemical_and_bioengineering_technology_MICET_/Documents", "doc_count": 235}, {"href": "https://unikl.academia.edu/Departments/Malaysian_Institute_of_Aviation_Technology/Documents", "doc_count": 28}, {"href": "https://unikl.academia.edu/Departments/Malaysian_Institute_of_Industrial_Technology/Documents", "doc_count": 65}, {"href": "https://unikl.academia.edu/Departments/Malaysian_Institute_of_Information_Technology/Documents", "doc_count": 14}, {"href": "https://unikl.academia.edu/Departments/Malaysian_Institute_of_Marine_Engineering_Technology/Documents", "doc_count": 22}, {"href": "https://unikl.academia.edu/Departments/Malaysian_Italy_Design_Institute/Documents", "doc_count": 1}, {"href": "https://unikl.academia.edu/Departments/Management_Entrepreneurship/Documents", "doc_count": 4}, {"href": "https://unikl.academia.edu/Departments/Manufacturing/Documents", "doc_count": 24}, {"href": "https://unikl.academia.edu/Departments/Maritime_Operation/Documents", "doc_count": 9}, {"href": "https://unikl.academia.edu/Departments/Marketing/Documents", "doc_count": 5}, {"href": "https://unikl.academia.edu/Departments/Mechanical_Manufacturing/Documents", "doc_count": 5}, {"href": "https://unikl.academia.edu/Departments/Mechanical_Engineering/Documents", "doc_count": 29}, {"href": "https://unikl.academia.edu/Departments/Mechanical_Engineering_Section/Documents", "doc_count": 1}, {"href": "https://unikl.academia.edu/Departments/Mechanical_Section/Documents", "doc_count": 7}, {"href": "https://unikl.academia.edu/Departments/Mechatronic_Engineering/Documents", "doc_count": 1}, {"href": "https://unikl.academia.edu/Departments/Medical_Electronics/Documents", "doc_count": 1}, {"href": "https://unikl.academia.edu/Departments/Medical_Engineering_Technology/Documents", "doc_count": 13}, {"href": "https://unikl.academia.edu/Departments/Medical_Imaging/Documents", "doc_count": 1}, {"href": "https://unikl.academia.edu/Departments/Medicine/Documents", "doc_count": 41}, {"href": "https://unikl.academia.edu/Departments/Miat/Documents", "doc_count": 1}, {"href": "https://unikl.academia.edu/Departments/Micet/Documents", "doc_count": 1}, {"href": "https://unikl.academia.edu/Departments/Mimet/Documents", "doc_count": 11}, {"href": "https://unikl.academia.edu/Departments/Multimedia/Documents", "doc_count": 1}, {"href": "https://unikl.academia.edu/Departments/Network/Documents", "doc_count": 1}, {"href": "https://unikl.academia.edu/Departments/Orthopaedic/Documents", "doc_count": 1}, {"href": "https://unikl.academia.edu/Departments/PRE_CLINICAL/Documents", "doc_count": 4}, {"href": "https://unikl.academia.edu/Departments/Pelik_Pelik/Documents", "doc_count": 1}, {"href": "https://unikl.academia.edu/Departments/Pharmacy/Documents", "doc_count": 18}, {"href": "https://unikl.academia.edu/Departments/Physiology/Documents", "doc_count": 2}, {"href": "https://unikl.academia.edu/Departments/Physiotherapy/Documents", "doc_count": 2}, {"href": "https://unikl.academia.edu/Departments/Polymer/Documents", "doc_count": 25}, {"href": "https://unikl.academia.edu/Departments/Public_Health/Documents", "doc_count": 2}, {"href": "https://unikl.academia.edu/Departments/Quality_Engineering/Documents", "doc_count": 8}, {"href": "https://unikl.academia.edu/Departments/Research_and_Innovation/Documents", "doc_count": 16}, {"href": "https://unikl.academia.edu/Departments/Royal_College_of_Medicine_Perak/Documents", "doc_count": 3}, {"href": "https://unikl.academia.edu/Departments/Science_and_Chemical_Engineering_process_/Documents", "doc_count": 2}, {"href": "https://unikl.academia.edu/Departments/Software_Engineering/Documents", "doc_count": 12}, {"href": "https://unikl.academia.edu/Departments/Software_Engineering_Information_System/Documents", "doc_count": 21}, {"href": "https://unikl.academia.edu/Departments/Software_Engineering_and_Information_System/Documents", "doc_count": 8}, {"href": "https://unikl.academia.edu/Departments/Student/Documents", "doc_count": 12}, {"href": "https://unikl.academia.edu/Departments/Student_Development/Documents", "doc_count": 1}, {"href": "https://unikl.academia.edu/Departments/Student_Development_Section/Documents", "doc_count": 3}, {"href": "https://unikl.academia.edu/Departments/Student_Development_and_Campus_Lifestyle/Documents", "doc_count": 1}, {"href": "https://unikl.academia.edu/Departments/Student_Services_and_Campus_Lifestyle/Documents", "doc_count": 1}, {"href": "https://unikl.academia.edu/Departments/Students/Documents", "doc_count": 1}, {"href": "https://unikl.academia.edu/Departments/Supply_Chain/Documents", "doc_count": 2}, {"href": "https://unikl.academia.edu/Departments/System_and_Network/Documents", "doc_count": 39}, {"href": "https://unikl.academia.edu/Departments/System_and_Networking/Documents", "doc_count": 5}, {"href": "https://unikl.academia.edu/Departments/Technical_Foundation/Documents", "doc_count": 9}, {"href": "https://unikl.academia.edu/Departments/Telecommunications/Documents", "doc_count": 6}, {"href": "https://unikl.academia.edu/Departments/Tool_and_Die/Documents", "doc_count": 1}, {"href": "https://unikl.academia.edu/Departments/Ubis/Documents", "doc_count": 1}, {"href": "https://unikl.academia.edu/Departments/UniKL_Business_School/Documents", "doc_count": 178}, {"href": "https://unikl.academia.edu/Departments/UniKL_MFI/Documents", "doc_count": 4}, {"href": "https://unikl.academia.edu/Departments/Unikl_Mestech/Documents", "doc_count": 2}, {"href": "https://unikl.academia.edu/Departments/Welding_Engineering/Documents", "doc_count": 3}]