[{"href": "https://teknologimalaysia.academia.edu/Departments/AERONAUTICS/Documents", "doc_count": 4}, {"href": "https://teknologimalaysia.academia.edu/Departments/AIS/Documents", "doc_count": 44}, {"href": "https://teknologimalaysia.academia.edu/Departments/AMTEC/Documents", "doc_count": 27}, {"href": "https://teknologimalaysia.academia.edu/Departments/Academic/Documents", "doc_count": 736}, {"href": "https://teknologimalaysia.academia.edu/Departments/Academic_and_Internationalization/Documents", "doc_count": 13}, {"href": "https://teknologimalaysia.academia.edu/Departments/Academy_of_Islamic_Civilization/Documents", "doc_count": 20}, {"href": "https://teknologimalaysia.academia.edu/Departments/Accountancy/Documents", "doc_count": 2}, {"href": "https://teknologimalaysia.academia.edu/Departments/Accounting/Documents", "doc_count": 8}, {"href": "https://teknologimalaysia.academia.edu/Departments/Accounting_Finance/Documents", "doc_count": 24}, {"href": "https://teknologimalaysia.academia.edu/Departments/Administration/Documents", "doc_count": 1}, {"href": "https://teknologimalaysia.academia.edu/Departments/Advance_Informatics_School/Documents", "doc_count": 71}, {"href": "https://teknologimalaysia.academia.edu/Departments/Advance_Materials_and_Process_Engineering_Laboratory_AMPEN_/Documents", "doc_count": 19}, {"href": "https://teknologimalaysia.academia.edu/Departments/Advanced_Informatics_School/Documents", "doc_count": 294}, {"href": "https://teknologimalaysia.academia.edu/Departments/Advanced_Informatics_School_UTM/Documents", "doc_count": 184}, {"href": "https://teknologimalaysia.academia.edu/Departments/Advanced_Software_Engineering_Universiti_Teknologi/Documents", "doc_count": 32}, {"href": "https://teknologimalaysia.academia.edu/Departments/Advenced_Membrane_Technology_Research_Centre_AMTEC_/Documents", "doc_count": 3}, {"href": "https://teknologimalaysia.academia.edu/Departments/Ahibs/Documents", "doc_count": 29}, {"href": "https://teknologimalaysia.academia.edu/Departments/Ahnar/Documents", "doc_count": 1}, {"href": "https://teknologimalaysia.academia.edu/Departments/Akademi_Tamadun_Islam/Documents", "doc_count": 19}, {"href": "https://teknologimalaysia.academia.edu/Departments/Akademik_Pengajian_Islam/Documents", "doc_count": 3}, {"href": "https://teknologimalaysia.academia.edu/Departments/Alam_Bina/Documents", "doc_count": 5}, {"href": "https://teknologimalaysia.academia.edu/Departments/Alam_Sekitar/Documents", "doc_count": 157}, {"href": "https://teknologimalaysia.academia.edu/Departments/America/Documents", "doc_count": 5}, {"href": "https://teknologimalaysia.academia.edu/Departments/Applied_Mechanics/Documents", "doc_count": 39}, {"href": "https://teknologimalaysia.academia.edu/Departments/Applied_Mechanics_and_Design/Documents", "doc_count": 9}, {"href": "https://teknologimalaysia.academia.edu/Departments/Architecture_Department_Faculty_of_Built_Environment/Documents", "doc_count": 411}, {"href": "https://teknologimalaysia.academia.edu/Departments/Artificial_Intelligence_and_Bioinformatics_Research_Group/Documents", "doc_count": 3}, {"href": "https://teknologimalaysia.academia.edu/Departments/Arts/Documents", "doc_count": 1}, {"href": "https://teknologimalaysia.academia.edu/Departments/Aula/Documents", "doc_count": 1}, {"href": "https://teknologimalaysia.academia.edu/Departments/Automotive/Documents", "doc_count": 6}, {"href": "https://teknologimalaysia.academia.edu/Departments/Automotive_Development_Centre/Documents", "doc_count": 2}, {"href": "https://teknologimalaysia.academia.edu/Departments/Azman_Hashim_International_Business_School/Documents", "doc_count": 223}, {"href": "https://teknologimalaysia.academia.edu/Departments/BIMBINGAN_KAUNSELING/Documents", "doc_count": 2}, {"href": "https://teknologimalaysia.academia.edu/Departments/BIOMEDICAL/Documents", "doc_count": 37}, {"href": "https://teknologimalaysia.academia.edu/Departments/BIOMEDICAL_INSTRUMENTATION_AND_SIGNAL_PROCESSING/Documents", "doc_count": 14}, {"href": "https://teknologimalaysia.academia.edu/Departments/BTMK/Documents", "doc_count": 1}, {"href": "https://teknologimalaysia.academia.edu/Departments/BUILT_ENVIROMENT/Documents", "doc_count": 40}, {"href": "https://teknologimalaysia.academia.edu/Departments/Biology/Documents", "doc_count": 2}, {"href": "https://teknologimalaysia.academia.edu/Departments/Bioprocess_Polymer_Engineering/Documents", "doc_count": 140}, {"href": "https://teknologimalaysia.academia.edu/Departments/Bioresource/Documents", "doc_count": 5}, {"href": "https://teknologimalaysia.academia.edu/Departments/Bioscience/Documents", "doc_count": 2}, {"href": "https://teknologimalaysia.academia.edu/Departments/Biosciences/Documents", "doc_count": 6}, {"href": "https://teknologimalaysia.academia.edu/Departments/Biotechnology/Documents", "doc_count": 3}, {"href": "https://teknologimalaysia.academia.edu/Departments/Biotechnology_Research_Alliance/Documents", "doc_count": 29}, {"href": "https://teknologimalaysia.academia.edu/Departments/Biotechnology_and_Medical_Engineering/Documents", "doc_count": 17}, {"href": "https://teknologimalaysia.academia.edu/Departments/Boat/Documents", "doc_count": 1}, {"href": "https://teknologimalaysia.academia.edu/Departments/Boyaca/Documents", "doc_count": 1}, {"href": "https://teknologimalaysia.academia.edu/Departments/Build_environment/Documents", "doc_count": 65}, {"href": "https://teknologimalaysia.academia.edu/Departments/Business/Documents", "doc_count": 2}, {"href": "https://teknologimalaysia.academia.edu/Departments/Business_Administration/Documents", "doc_count": 63}, {"href": "https://teknologimalaysia.academia.edu/Departments/CFiRST/Documents", "doc_count": 4}, {"href": "https://teknologimalaysia.academia.edu/Departments/CIVIL_ENG_THE_BUILT_ENVIRONMENT/Documents", "doc_count": 14}, {"href": "https://teknologimalaysia.academia.edu/Departments/CMED/Documents", "doc_count": 25}, {"href": "https://teknologimalaysia.academia.edu/Departments/COURSE/Documents", "doc_count": 1}, {"href": "https://teknologimalaysia.academia.edu/Departments/Camputer/Documents", "doc_count": 4}, {"href": "https://teknologimalaysia.academia.edu/Departments/Center_for_Advanced_Islamic_Studies_Science_and_Civilization/Documents", "doc_count": 26}, {"href": "https://teknologimalaysia.academia.edu/Departments/Center_for_Advanced_Studies_on_Islam_Science_and_Civilization_CASIS_/Documents", "doc_count": 59}, {"href": "https://teknologimalaysia.academia.edu/Departments/Center_of_Electrical_Energy_Faculty_of_Electrical_Engineering/Documents", "doc_count": 4}, {"href": "https://teknologimalaysia.academia.edu/Departments/Center_of_Lipid_Engineering_and_Applied_Research/Documents", "doc_count": 1}, {"href": "https://teknologimalaysia.academia.edu/Departments/Centre_for_Advanced_Studies_on_Islam_Science_and_Civilisation_CASIS_/Documents", "doc_count": 156}, {"href": "https://teknologimalaysia.academia.edu/Departments/Centre_for_Artificial_Intelligence_Robotics_CAIRO_/Documents", "doc_count": 32}, {"href": "https://teknologimalaysia.academia.edu/Departments/Centre_for_Engineering_Education/Documents", "doc_count": 178}, {"href": "https://teknologimalaysia.academia.edu/Departments/Centre_for_Environmental_Sustainability_and_Water_Security_IPASA_Research_Institute_of_Sustainable_Environment_RISE_Faculty_of_Engineering/Documents", "doc_count": 99}, {"href": "https://teknologimalaysia.academia.edu/Departments/Centre_for_Real_Estate_Studies/Documents", "doc_count": 86}, {"href": "https://teknologimalaysia.academia.edu/Departments/Centre_for_Real_Estate_Studies_Department_of_Real_Estate_Faculty_of_Geoinformation_and_Real_Estate/Documents", "doc_count": 18}, {"href": "https://teknologimalaysia.academia.edu/Departments/Centre_of_Electrical_Energy_System_CEES_Faculty_of_Electrical_Engineering/Documents", "doc_count": 81}, {"href": "https://teknologimalaysia.academia.edu/Departments/Centre_of_Electrical_Energy_Systems/Documents", "doc_count": 1}, {"href": "https://teknologimalaysia.academia.edu/Departments/Centre_of_Lipid_Engineering_Applied_Research_CLEAR_/Documents", "doc_count": 26}, {"href": "https://teknologimalaysia.academia.edu/Departments/Centre_of_Lipid_Engineering_and_Applied_Research_CLEAR_/Documents", "doc_count": 21}, {"href": "https://teknologimalaysia.academia.edu/Departments/Centre_of_Lipids_Engineering_Applied_Research_CLEAR_/Documents", "doc_count": 3}, {"href": "https://teknologimalaysia.academia.edu/Departments/Centre_of_Tropical_Geoengineering_GEOTROPIK_/Documents", "doc_count": 74}, {"href": "https://teknologimalaysia.academia.edu/Departments/Chemical_Eng/Documents", "doc_count": 82}, {"href": "https://teknologimalaysia.academia.edu/Departments/Chemical_Engineering/Documents", "doc_count": 529}, {"href": "https://teknologimalaysia.academia.edu/Departments/Chemical_Engineering_Depatment_FKK/Documents", "doc_count": 84}, {"href": "https://teknologimalaysia.academia.edu/Departments/Chemistry_Education/Documents", "doc_count": 2}, {"href": "https://teknologimalaysia.academia.edu/Departments/Chemisty/Documents", "doc_count": 7}, {"href": "https://teknologimalaysia.academia.edu/Departments/Civil/Documents", "doc_count": 18}, {"href": "https://teknologimalaysia.academia.edu/Departments/Civil_Environmental_Engineering/Documents", "doc_count": 172}, {"href": "https://teknologimalaysia.academia.edu/Departments/Civil_engineeering/Documents", "doc_count": 78}, {"href": "https://teknologimalaysia.academia.edu/Departments/Civil_engineering_structures_/Documents", "doc_count": 9}, {"href": "https://teknologimalaysia.academia.edu/Departments/Clinical_Studies/Documents", "doc_count": 1}, {"href": "https://teknologimalaysia.academia.edu/Departments/Coastal_and_Offshore_Engineering_Institute/Documents", "doc_count": 2}, {"href": "https://teknologimalaysia.academia.edu/Departments/Communication_engineering/Documents", "doc_count": 3}, {"href": "https://teknologimalaysia.academia.edu/Departments/Computer/Documents", "doc_count": 1}, {"href": "https://teknologimalaysia.academia.edu/Departments/Computer_Graphics_and_Multimedia/Documents", "doc_count": 72}, {"href": "https://teknologimalaysia.academia.edu/Departments/Computer_Scicence/Documents", "doc_count": 5}, {"href": "https://teknologimalaysia.academia.edu/Departments/Computer_Sciece/Documents", "doc_count": 4}, {"href": "https://teknologimalaysia.academia.edu/Departments/Computer_Science_IT_Management_FSKSM_/Documents", "doc_count": 44}, {"href": "https://teknologimalaysia.academia.edu/Departments/Computer_Science_And_It_Management/Documents", "doc_count": 26}, {"href": "https://teknologimalaysia.academia.edu/Departments/Computer_Science_and_Information_Security/Documents", "doc_count": 6}, {"href": "https://teknologimalaysia.academia.edu/Departments/Computer_Science_and_Information_System/Documents", "doc_count": 952}, {"href": "https://teknologimalaysia.academia.edu/Departments/Computer_Sience/Documents", "doc_count": 160}, {"href": "https://teknologimalaysia.academia.edu/Departments/Computer_Systems_and_Communication/Documents", "doc_count": 27}, {"href": "https://teknologimalaysia.academia.edu/Departments/Computer_Systems_and_Network/Documents", "doc_count": 22}, {"href": "https://teknologimalaysia.academia.edu/Departments/Computing_FC_/Documents", "doc_count": 80}, {"href": "https://teknologimalaysia.academia.edu/Departments/Construction_Management/Documents", "doc_count": 27}, {"href": "https://teknologimalaysia.academia.edu/Departments/Construction_Research_Alliance/Documents", "doc_count": 1}, {"href": "https://teknologimalaysia.academia.edu/Departments/Construction_of_Civil_Engineering/Documents", "doc_count": 89}, {"href": "https://teknologimalaysia.academia.edu/Departments/Contable/Documents", "doc_count": 1}, {"href": "https://teknologimalaysia.academia.edu/Departments/Contracts/Documents", "doc_count": 1}, {"href": "https://teknologimalaysia.academia.edu/Departments/Control_and_Instrumentation_Department/Documents", "doc_count": 15}, {"href": "https://teknologimalaysia.academia.edu/Departments/Control_and_Mechatronic_Engineering/Documents", "doc_count": 16}, {"href": "https://teknologimalaysia.academia.edu/Departments/Control_and_Mechatronics_Engineering/Documents", "doc_count": 100}, {"href": "https://teknologimalaysia.academia.edu/Departments/Control_and_instrumentation_engineering/Documents", "doc_count": 18}, {"href": "https://teknologimalaysia.academia.edu/Departments/Control_system_Faculty_of_Electrical_engineering/Documents", "doc_count": 7}, {"href": "https://teknologimalaysia.academia.edu/Departments/Counseling_Psychology/Documents", "doc_count": 1}, {"href": "https://teknologimalaysia.academia.edu/Departments/Counselling_Centre/Documents", "doc_count": 2}, {"href": "https://teknologimalaysia.academia.edu/Departments/Curriculum/Documents", "doc_count": 6}, {"href": "https://teknologimalaysia.academia.edu/Departments/Cybernetics_Research_Alliabce/Documents", "doc_count": 22}, {"href": "https://teknologimalaysia.academia.edu/Departments/DEPARTMENT_OF_MATERIALS_ENGINEERING_FACULTY_OF_MECHANICAL_ENGINEERING/Documents", "doc_count": 133}, {"href": "https://teknologimalaysia.academia.edu/Departments/DEPT_OF_CHEMICAL_ENGINEERING1/Documents", "doc_count": 35}, {"href": "https://teknologimalaysia.academia.edu/Departments/DEPT_OF_ENVIRONMENTAL_ENGINEERING/Documents", "doc_count": 9}, {"href": "https://teknologimalaysia.academia.edu/Departments/DOSH/Documents", "doc_count": 2}, {"href": "https://teknologimalaysia.academia.edu/Departments/Data_Analytics/Documents", "doc_count": 1}, {"href": "https://teknologimalaysia.academia.edu/Departments/DepFaculty_of_Mechanical_engineeringartment_of_Materials_Manufacturing_and_Industrial_Engineering_/Documents", "doc_count": 2}, {"href": "https://teknologimalaysia.academia.edu/Departments/Departmant_of_Mechanical_Engineering/Documents", "doc_count": 78}, {"href": "https://teknologimalaysia.academia.edu/Departments/Department_Hydraulic_Hydrology_Faculty_of_Civil_Engineering/Documents", "doc_count": 39}, {"href": "https://teknologimalaysia.academia.edu/Departments/Department_Hydraulics_Hydrology/Documents", "doc_count": 1}, {"href": "https://teknologimalaysia.academia.edu/Departments/Department_Of_Business_Adminstration/Documents", "doc_count": 198}, {"href": "https://teknologimalaysia.academia.edu/Departments/Department_Of_Management/Documents", "doc_count": 232}, {"href": "https://teknologimalaysia.academia.edu/Departments/Department_of_Accounting_and_Finance/Documents", "doc_count": 180}, {"href": "https://teknologimalaysia.academia.edu/Departments/Department_of_Aeronautical_Engineering/Documents", "doc_count": 106}, {"href": "https://teknologimalaysia.academia.edu/Departments/Department_of_Aeronautics_Automotive_and_Ocean_Engineering_Faculty_of_Mechanical_Engineering_/Documents", "doc_count": 163}, {"href": "https://teknologimalaysia.academia.edu/Departments/Department_of_Architecture/Documents", "doc_count": 88}, {"href": "https://teknologimalaysia.academia.edu/Departments/Department_of_Architecture_Faculty_of_Built_Environment/Documents", "doc_count": 21}, {"href": "https://teknologimalaysia.academia.edu/Departments/Department_of_Bioprocess_Engineering_Faculty_of_Chemical_Engineering/Documents", "doc_count": 284}, {"href": "https://teknologimalaysia.academia.edu/Departments/Department_of_Bioprocess_engineering/Documents", "doc_count": 99}, {"href": "https://teknologimalaysia.academia.edu/Departments/Department_of_Built_Environment/Documents", "doc_count": 25}, {"href": "https://teknologimalaysia.academia.edu/Departments/Department_of_Chemistry/Documents", "doc_count": 653}, {"href": "https://teknologimalaysia.academia.edu/Departments/Department_of_Chemistry_Faculty_of_Science/Documents", "doc_count": 199}, {"href": "https://teknologimalaysia.academia.edu/Departments/Department_of_Communication_Engineering_Faculty_of_Electrical_Engineering/Documents", "doc_count": 137}, {"href": "https://teknologimalaysia.academia.edu/Departments/Department_of_Computer_Graphics_and_Multmedia_Faculty_of_Computer_Science_and_Information_System/Documents", "doc_count": 12}, {"href": "https://teknologimalaysia.academia.edu/Departments/Department_of_Computer_Science_Information_Teknologi/Documents", "doc_count": 4}, {"href": "https://teknologimalaysia.academia.edu/Departments/Department_of_Computer_Science_Faculty_of_Computing/Documents", "doc_count": 122}, {"href": "https://teknologimalaysia.academia.edu/Departments/Department_of_Computer_System_Communication/Documents", "doc_count": 19}, {"href": "https://teknologimalaysia.academia.edu/Departments/Department_of_Computer_System_Communications/Documents", "doc_count": 60}, {"href": "https://teknologimalaysia.academia.edu/Departments/Department_of_Computer_and_Communications_Systems_Faculty_of_Computer_Science_and_Information_Systems/Documents", "doc_count": 13}, {"href": "https://teknologimalaysia.academia.edu/Departments/Department_of_Educational_Foundation_Faculty_of_Education/Documents", "doc_count": 288}, {"href": "https://teknologimalaysia.academia.edu/Departments/Department_of_Educational_Multimedia_Faculty_of_Education/Documents", "doc_count": 199}, {"href": "https://teknologimalaysia.academia.edu/Departments/Department_of_Educational_Sciences_Mathematics_and_Creative_Multimedia_Faculty_of_Education/Documents", "doc_count": 2}, {"href": "https://teknologimalaysia.academia.edu/Departments/Department_of_Educations/Documents", "doc_count": 31}, {"href": "https://teknologimalaysia.academia.edu/Departments/Department_of_Energy_Conversion_Faculty_of_Electrical_Engineering/Documents", "doc_count": 22}, {"href": "https://teknologimalaysia.academia.edu/Departments/Department_of_Environmental_Engineering_Faculty_of_Civil_Engineering/Documents", "doc_count": 34}, {"href": "https://teknologimalaysia.academia.edu/Departments/Department_of_Foundations_of_Education/Documents", "doc_count": 4}, {"href": "https://teknologimalaysia.academia.edu/Departments/Department_of_Fundamental_Education/Documents", "doc_count": 29}, {"href": "https://teknologimalaysia.academia.edu/Departments/Department_of_Geomatic_Engineering/Documents", "doc_count": 287}, {"href": "https://teknologimalaysia.academia.edu/Departments/Department_of_Geotechnics_Transportation/Documents", "doc_count": 113}, {"href": "https://teknologimalaysia.academia.edu/Departments/Department_of_Geotechnics_and_Transporation_Faculty_of_Civil_Engineering/Documents", "doc_count": 34}, {"href": "https://teknologimalaysia.academia.edu/Departments/Department_of_HRD/Documents", "doc_count": 16}, {"href": "https://teknologimalaysia.academia.edu/Departments/Department_of_Highway_Transportation_Engineering_Faculty_of_Civil_Engineering/Documents", "doc_count": 50}, {"href": "https://teknologimalaysia.academia.edu/Departments/Department_of_Human_Resource_Development/Documents", "doc_count": 106}, {"href": "https://teknologimalaysia.academia.edu/Departments/Department_of_Hydraul_and_Hydrology_Faculty_of_Civil_Engineering/Documents", "doc_count": 120}, {"href": "https://teknologimalaysia.academia.edu/Departments/Department_of_Hydraulics_and_Hydrology_Faculty_of_Civil_Enginering/Documents", "doc_count": 24}, {"href": "https://teknologimalaysia.academia.edu/Departments/Department_of_Land_Administration/Documents", "doc_count": 56}, {"href": "https://teknologimalaysia.academia.edu/Departments/Department_of_Landscape_Architecture/Documents", "doc_count": 70}, {"href": "https://teknologimalaysia.academia.edu/Departments/Department_of_Landscape_Architecture_Faculty_of_Built_Environment/Documents", "doc_count": 70}, {"href": "https://teknologimalaysia.academia.edu/Departments/Department_of_Management_and_Administration_Education/Documents", "doc_count": 13}, {"href": "https://teknologimalaysia.academia.edu/Departments/Department_of_Material_Manufacturing_Industrial_Engineering_F/Documents", "doc_count": 65}, {"href": "https://teknologimalaysia.academia.edu/Departments/Department_of_Materials_Engineering_Faculty_of_Mechanical_Engineering_/Documents", "doc_count": 71}, {"href": "https://teknologimalaysia.academia.edu/Departments/Department_of_Materials_Manufacturing_and_Industrial_Engineering/Documents", "doc_count": 190}, {"href": "https://teknologimalaysia.academia.edu/Departments/Department_of_Mathematical_Sciences/Documents", "doc_count": 741}, {"href": "https://teknologimalaysia.academia.edu/Departments/Department_of_Mechatronics_Robotics/Documents", "doc_count": 5}, {"href": "https://teknologimalaysia.academia.edu/Departments/Department_of_Mechatronics_and_Automatic_Control/Documents", "doc_count": 31}, {"href": "https://teknologimalaysia.academia.edu/Departments/Department_of_Microelectronics_and_Computer_Engineering/Documents", "doc_count": 130}, {"href": "https://teknologimalaysia.academia.edu/Departments/Department_of_Petroleum_Engineering/Documents", "doc_count": 62}, {"href": "https://teknologimalaysia.academia.edu/Departments/Department_of_Physics/Documents", "doc_count": 522}, {"href": "https://teknologimalaysia.academia.edu/Departments/Department_of_Power_Systems_Faculty_of_Electrical_Engineering/Documents", "doc_count": 70}, {"href": "https://teknologimalaysia.academia.edu/Departments/Department_of_Property_Management_Faculty_of_Geoinformation_and_Real_Estate/Documents", "doc_count": 45}, {"href": "https://teknologimalaysia.academia.edu/Departments/Department_of_Quantity_Surveying/Documents", "doc_count": 121}, {"href": "https://teknologimalaysia.academia.edu/Departments/Department_of_Quantity_Surveying_Faculty_of_Built_Environment/Documents", "doc_count": 28}, {"href": "https://teknologimalaysia.academia.edu/Departments/Department_of_Quantity_Surveying_Faculty_of_Built_Environment_and_Surveying/Documents", "doc_count": 15}, {"href": "https://teknologimalaysia.academia.edu/Departments/Department_of_Real_Estate_Management/Documents", "doc_count": 35}, {"href": "https://teknologimalaysia.academia.edu/Departments/Department_of_Real_Estate_Faculty_of_Geoinformation_and_Real_Estate/Documents", "doc_count": 50}, {"href": "https://teknologimalaysia.academia.edu/Departments/Department_of_Renewable_Energy_Engineering/Documents", "doc_count": 7}, {"href": "https://teknologimalaysia.academia.edu/Departments/Department_of_Social_Education/Documents", "doc_count": 8}, {"href": "https://teknologimalaysia.academia.edu/Departments/Department_of_Structure_Materials_Faculty_of_Civil_Engineering/Documents", "doc_count": 204}, {"href": "https://teknologimalaysia.academia.edu/Departments/Department_of_Structure_and_Materials/Documents", "doc_count": 9}, {"href": "https://teknologimalaysia.academia.edu/Departments/Department_of_Structure_and_Materials_Faculty_of_Civil_Engineering/Documents", "doc_count": 185}, {"href": "https://teknologimalaysia.academia.edu/Departments/Department_of_Structures_and_Material/Documents", "doc_count": 80}, {"href": "https://teknologimalaysia.academia.edu/Departments/Department_of_Thermo_Fluids/Documents", "doc_count": 13}, {"href": "https://teknologimalaysia.academia.edu/Departments/Department_of_Transport_Logistics_and_Operations_Management/Documents", "doc_count": 1}, {"href": "https://teknologimalaysia.academia.edu/Departments/Department_of_Urban_and_Regional_Planning/Documents", "doc_count": 530}, {"href": "https://teknologimalaysia.academia.edu/Departments/Department_of_Urban_and_Regional_Planning_Faculty_of_Built_Environment_/Documents", "doc_count": 37}, {"href": "https://teknologimalaysia.academia.edu/Departments/Department_of_Water_and_Environmental_Engineering_School_of_Civil_Engineering/Documents", "doc_count": 32}, {"href": "https://teknologimalaysia.academia.edu/Departments/Department_of_educational_multimedia/Documents", "doc_count": 11}, {"href": "https://teknologimalaysia.academia.edu/Departments/Department_of_modelling_and_industrial_computing/Documents", "doc_count": 28}, {"href": "https://teknologimalaysia.academia.edu/Departments/Departments_of_Materials_Engineering/Documents", "doc_count": 28}, {"href": "https://teknologimalaysia.academia.edu/Departments/Depatment_of_Mathematics/Documents", "doc_count": 7}, {"href": "https://teknologimalaysia.academia.edu/Departments/Dept_Of_Hydraulics_And_Hydrology/Documents", "doc_count": 1}, {"href": "https://teknologimalaysia.academia.edu/Departments/Dept_of_Architecture/Documents", "doc_count": 5}, {"href": "https://teknologimalaysia.academia.edu/Departments/Dept_of_Geomatics/Documents", "doc_count": 107}, {"href": "https://teknologimalaysia.academia.edu/Departments/Dept_of_Landscape_Architecture/Documents", "doc_count": 45}, {"href": "https://teknologimalaysia.academia.edu/Departments/Dept_of_Quantity_Surveying/Documents", "doc_count": 44}, {"href": "https://teknologimalaysia.academia.edu/Departments/Dept_of_Science/Documents", "doc_count": 31}, {"href": "https://teknologimalaysia.academia.edu/Departments/Dept_of_Technical_and_Engineering_Education/Documents", "doc_count": 95}, {"href": "https://teknologimalaysia.academia.edu/Departments/Dept_of_physics/Documents", "doc_count": 5}, {"href": "https://teknologimalaysia.academia.edu/Departments/Dept_of_Aeronautical_Automotive_and_Oceanic_Engineering/Documents", "doc_count": 7}, {"href": "https://teknologimalaysia.academia.edu/Departments/Dept_of_Communication_Engineering_Faculty_of_Electrical_Engineeineering/Documents", "doc_count": 145}, {"href": "https://teknologimalaysia.academia.edu/Departments/Dept_of_Materials_Manufacturing_Industrial_Engineering/Documents", "doc_count": 145}, {"href": "https://teknologimalaysia.academia.edu/Departments/Dept_of_Mathematics/Documents", "doc_count": 14}, {"href": "https://teknologimalaysia.academia.edu/Departments/Dept_of_Modern_Languages/Documents", "doc_count": 13}, {"href": "https://teknologimalaysia.academia.edu/Departments/Dept_of_Property_Management/Documents", "doc_count": 19}, {"href": "https://teknologimalaysia.academia.edu/Departments/Dept_of_Quantity_Surveying1/Documents", "doc_count": 1}, {"href": "https://teknologimalaysia.academia.edu/Departments/Deputy_Vice_Chancellor_Research_Innovation_Office/Documents", "doc_count": 39}, {"href": "https://teknologimalaysia.academia.edu/Departments/Design/Documents", "doc_count": 11}, {"href": "https://teknologimalaysia.academia.edu/Departments/Design_department_Faculty_of_Mechanical_Engineering/Documents", "doc_count": 2}, {"href": "https://teknologimalaysia.academia.edu/Departments/Development_of_education/Documents", "doc_count": 27}, {"href": "https://teknologimalaysia.academia.edu/Departments/Diploma/Documents", "doc_count": 1}, {"href": "https://teknologimalaysia.academia.edu/Departments/Diploma_in_Computer_Science_Multimedia_/Documents", "doc_count": 1}, {"href": "https://teknologimalaysia.academia.edu/Departments/Director_UTM_Big_Data_Centre/Documents", "doc_count": 153}, {"href": "https://teknologimalaysia.academia.edu/Departments/Dynamic_System_and_Control_Faculty_of_Mechanical_Engineering/Documents", "doc_count": 90}, {"href": "https://teknologimalaysia.academia.edu/Departments/ECONOMIE/Documents", "doc_count": 3}, {"href": "https://teknologimalaysia.academia.edu/Departments/Early_Childhood_Education/Documents", "doc_count": 1}, {"href": "https://teknologimalaysia.academia.edu/Departments/Economics/Documents", "doc_count": 2}, {"href": "https://teknologimalaysia.academia.edu/Departments/Econs/Documents", "doc_count": 3}, {"href": "https://teknologimalaysia.academia.edu/Departments/Ecuador/Documents", "doc_count": 1}, {"href": "https://teknologimalaysia.academia.edu/Departments/Edosh/Documents", "doc_count": 1}, {"href": "https://teknologimalaysia.academia.edu/Departments/Educacion/Documents", "doc_count": 3}, {"href": "https://teknologimalaysia.academia.edu/Departments/Education_Living_Skill/Documents", "doc_count": 6}, {"href": "https://teknologimalaysia.academia.edu/Departments/Education_and_Devlopment/Documents", "doc_count": 1}, {"href": "https://teknologimalaysia.academia.edu/Departments/Education_and_Social_Sciences/Documents", "doc_count": 71}, {"href": "https://teknologimalaysia.academia.edu/Departments/Educational_Psychology_Faculty_of_Education/Documents", "doc_count": 20}, {"href": "https://teknologimalaysia.academia.edu/Departments/Educational_Science_Mathematics_Creative_Multimedia/Documents", "doc_count": 15}, {"href": "https://teknologimalaysia.academia.edu/Departments/Educational_Sciences_Mathematics_and_Multimedia_Creative/Documents", "doc_count": 8}, {"href": "https://teknologimalaysia.academia.edu/Departments/Educational_Technology/Documents", "doc_count": 54}, {"href": "https://teknologimalaysia.academia.edu/Departments/Elctrical_Power/Documents", "doc_count": 9}, {"href": "https://teknologimalaysia.academia.edu/Departments/Electrical/Documents", "doc_count": 1}, {"href": "https://teknologimalaysia.academia.edu/Departments/Electrical_Engineering/Documents", "doc_count": 353}, {"href": "https://teknologimalaysia.academia.edu/Departments/Electrical_Power_engineering/Documents", "doc_count": 34}, {"href": "https://teknologimalaysia.academia.edu/Departments/Electrical_and_Computer_Engineering/Documents", "doc_count": 5}, {"href": "https://teknologimalaysia.academia.edu/Departments/Electrical_%E2%80%93_Mechatronis_Automatic_Control/Documents", "doc_count": 27}, {"href": "https://teknologimalaysia.academia.edu/Departments/Electronic_System_Engineering/Documents", "doc_count": 5}, {"href": "https://teknologimalaysia.academia.edu/Departments/Electronic_and_Computer_Engineering_Faculty_of_Electrical_Engineering/Documents", "doc_count": 41}, {"href": "https://teknologimalaysia.academia.edu/Departments/Electronica/Documents", "doc_count": 1}, {"href": "https://teknologimalaysia.academia.edu/Departments/Electronics_Engineering/Documents", "doc_count": 70}, {"href": "https://teknologimalaysia.academia.edu/Departments/Electronics_System_Engineering/Documents", "doc_count": 25}, {"href": "https://teknologimalaysia.academia.edu/Departments/Electronics_and_Computer_Engineering/Documents", "doc_count": 47}, {"href": "https://teknologimalaysia.academia.edu/Departments/Encon/Documents", "doc_count": 1}, {"href": "https://teknologimalaysia.academia.edu/Departments/Energy_Conversion/Documents", "doc_count": 8}, {"href": "https://teknologimalaysia.academia.edu/Departments/Engineer/Documents", "doc_count": 1}, {"href": "https://teknologimalaysia.academia.edu/Departments/Engineering/Documents", "doc_count": 16}, {"href": "https://teknologimalaysia.academia.edu/Departments/Engineering_business_management/Documents", "doc_count": 1}, {"href": "https://teknologimalaysia.academia.edu/Departments/Enginer/Documents", "doc_count": 2}, {"href": "https://teknologimalaysia.academia.edu/Departments/English/Documents", "doc_count": 36}, {"href": "https://teknologimalaysia.academia.edu/Departments/English_Language/Documents", "doc_count": 10}, {"href": "https://teknologimalaysia.academia.edu/Departments/Entrepneurship_and_Bussiness/Documents", "doc_count": 10}, {"href": "https://teknologimalaysia.academia.edu/Departments/Environmental_Engineering/Documents", "doc_count": 28}, {"href": "https://teknologimalaysia.academia.edu/Departments/Environmental_Engineering_and_Green_Technology/Documents", "doc_count": 172}, {"href": "https://teknologimalaysia.academia.edu/Departments/Environmental_Engineering_FKKKSA/Documents", "doc_count": 1}, {"href": "https://teknologimalaysia.academia.edu/Departments/Environmental_engineering_fac_of_civil_engineering/Documents", "doc_count": 9}, {"href": "https://teknologimalaysia.academia.edu/Departments/FACULITY_OF_GIOINFORMATION/Documents", "doc_count": 2}, {"href": "https://teknologimalaysia.academia.edu/Departments/FACULTY_BIOSCIENCE_AND_MEDICAL_ENGINEERING_FBME_/Documents", "doc_count": 54}, {"href": "https://teknologimalaysia.academia.edu/Departments/FACULTY_OF_MECHANICAL_ENGINEERING_MARINE_TECHNOLOGY_/Documents", "doc_count": 189}, {"href": "https://teknologimalaysia.academia.edu/Departments/FACULTY_OF_MECHANICAL_ENGINEERING_NAVAL_ARCHITECTURE_AND_OFFSHORE_ENGINEERING/Documents", "doc_count": 5}, {"href": "https://teknologimalaysia.academia.edu/Departments/FAKULTI_KEJURUTERAAN_ELEKTRIK/Documents", "doc_count": 45}, {"href": "https://teknologimalaysia.academia.edu/Departments/FCIM/Documents", "doc_count": 3}, {"href": "https://teknologimalaysia.academia.edu/Departments/FGHT/Documents", "doc_count": 17}, {"href": "https://teknologimalaysia.academia.edu/Departments/FGHT_Geoinformatic/Documents", "doc_count": 37}, {"href": "https://teknologimalaysia.academia.edu/Departments/FGHT_Property_Management/Documents", "doc_count": 3}, {"href": "https://teknologimalaysia.academia.edu/Departments/FKBSK/Documents", "doc_count": 19}, {"href": "https://teknologimalaysia.academia.edu/Departments/FKE/Documents", "doc_count": 128}, {"href": "https://teknologimalaysia.academia.edu/Departments/FKE_Energy_Conversion/Documents", "doc_count": 32}, {"href": "https://teknologimalaysia.academia.edu/Departments/FKM/Documents", "doc_count": 77}, {"href": "https://teknologimalaysia.academia.edu/Departments/FKSG/Documents", "doc_count": 2}, {"href": "https://teknologimalaysia.academia.edu/Departments/FM_faculty_of_Management_/Documents", "doc_count": 116}, {"href": "https://teknologimalaysia.academia.edu/Departments/FPPSM_MANGEMENT_AND_HUMAN_RESOURCE_/Documents", "doc_count": 52}, {"href": "https://teknologimalaysia.academia.edu/Departments/FPREE/Documents", "doc_count": 1}, {"href": "https://teknologimalaysia.academia.edu/Departments/FSKSM/Documents", "doc_count": 35}, {"href": "https://teknologimalaysia.academia.edu/Departments/FSSK/Documents", "doc_count": 2}, {"href": "https://teknologimalaysia.academia.edu/Departments/Fabu/Documents", "doc_count": 6}, {"href": "https://teknologimalaysia.academia.edu/Departments/Faculity_of_computing/Documents", "doc_count": 11}, {"href": "https://teknologimalaysia.academia.edu/Departments/Facullty_of_Built_Environment/Documents", "doc_count": 44}, {"href": "https://teknologimalaysia.academia.edu/Departments/Facult_of_chemical_engineering/Documents", "doc_count": 90}, {"href": "https://teknologimalaysia.academia.edu/Departments/Facultad_de_Ciencias_Matematicas_Fisicas_y_Quimicas/Documents", "doc_count": 2}, {"href": "https://teknologimalaysia.academia.edu/Departments/Faculty_Computer_Science/Documents", "doc_count": 216}, {"href": "https://teknologimalaysia.academia.edu/Departments/Faculty_Of_Built_Environment_Surveying/Documents", "doc_count": 1}, {"href": "https://teknologimalaysia.academia.edu/Departments/Faculty_Of_Islamic_Civilization/Documents", "doc_count": 191}, {"href": "https://teknologimalaysia.academia.edu/Departments/Faculty_of_Biomedical_Engineering/Documents", "doc_count": 120}, {"href": "https://teknologimalaysia.academia.edu/Departments/Faculty_of_Biomedical_Engineering_and_Health_Science/Documents", "doc_count": 189}, {"href": "https://teknologimalaysia.academia.edu/Departments/Faculty_of_Bioscience_and_Bioengineering/Documents", "doc_count": 383}, {"href": "https://teknologimalaysia.academia.edu/Departments/Faculty_of_Bioscience_and_Medical_Engineering/Documents", "doc_count": 7}, {"href": "https://teknologimalaysia.academia.edu/Departments/Faculty_of_Biosciences_Medical_Engineering/Documents", "doc_count": 265}, {"href": "https://teknologimalaysia.academia.edu/Departments/Faculty_of_Biosciences_and_Bioengineering/Documents", "doc_count": 32}, {"href": "https://teknologimalaysia.academia.edu/Departments/Faculty_of_Biosciences_and_Medical_Engineering/Documents", "doc_count": 511}, {"href": "https://teknologimalaysia.academia.edu/Departments/Faculty_of_Built_Environmemt/Documents", "doc_count": 4}, {"href": "https://teknologimalaysia.academia.edu/Departments/Faculty_of_Built_Environment/Documents", "doc_count": 144}, {"href": "https://teknologimalaysia.academia.edu/Departments/Faculty_of_Built_Environment_and_Surveying/Documents", "doc_count": 45}, {"href": "https://teknologimalaysia.academia.edu/Departments/Faculty_of_Chemical_and_Energy_Engineering/Documents", "doc_count": 301}, {"href": "https://teknologimalaysia.academia.edu/Departments/Faculty_of_Chemical_and_Natural_Resources_Engineering/Documents", "doc_count": 232}, {"href": "https://teknologimalaysia.academia.edu/Departments/Faculty_of_Civil_Engineering/Documents", "doc_count": 1594}, {"href": "https://teknologimalaysia.academia.edu/Departments/Faculty_of_Computing/Documents", "doc_count": 601}, {"href": "https://teknologimalaysia.academia.edu/Departments/Faculty_of_Computing_Computer_science/Documents", "doc_count": 18}, {"href": "https://teknologimalaysia.academia.edu/Departments/Faculty_of_Computing_Universiti_Teknologi_Mlaysia/Documents", "doc_count": 30}, {"href": "https://teknologimalaysia.academia.edu/Departments/Faculty_of_Education/Documents", "doc_count": 1136}, {"href": "https://teknologimalaysia.academia.edu/Departments/Faculty_of_Education_FP_/Documents", "doc_count": 138}, {"href": "https://teknologimalaysia.academia.edu/Departments/Faculty_of_Education_UTM/Documents", "doc_count": 5}, {"href": "https://teknologimalaysia.academia.edu/Departments/Faculty_of_Electrical_Engineering/Documents", "doc_count": 1057}, {"href": "https://teknologimalaysia.academia.edu/Departments/Faculty_of_Electrical_Engineering_Telecommunication_/Documents", "doc_count": 43}, {"href": "https://teknologimalaysia.academia.edu/Departments/Faculty_of_Geo_Information_Science_and_Engineering/Documents", "doc_count": 100}, {"href": "https://teknologimalaysia.academia.edu/Departments/Faculty_of_Geo_Information_and_Real_Estate/Documents", "doc_count": 143}, {"href": "https://teknologimalaysia.academia.edu/Departments/Faculty_of_Geoinformation_Real_Estate/Documents", "doc_count": 8}, {"href": "https://teknologimalaysia.academia.edu/Departments/Faculty_of_Geoinformation_and_Development/Documents", "doc_count": 1}, {"href": "https://teknologimalaysia.academia.edu/Departments/Faculty_of_Geoinformation_and_Real_Estate/Documents", "doc_count": 183}, {"href": "https://teknologimalaysia.academia.edu/Departments/Faculty_of_Geoinformation_and_Real_Estate_Universiti_Teknologi_Malaysia/Documents", "doc_count": 54}, {"href": "https://teknologimalaysia.academia.edu/Departments/Faculty_of_Geoinformation_and_Science/Documents", "doc_count": 3}, {"href": "https://teknologimalaysia.academia.edu/Departments/Faculty_of_Management_and_Human_Resource_Development/Documents", "doc_count": 470}, {"href": "https://teknologimalaysia.academia.edu/Departments/Faculty_of_Management_and_Human_Resource_Management/Documents", "doc_count": 34}, {"href": "https://teknologimalaysia.academia.edu/Departments/Faculty_of_Management_Department_of_Business_Administration/Documents", "doc_count": 35}, {"href": "https://teknologimalaysia.academia.edu/Departments/Faculty_of_Management_Depeartment_of_Business_Administration/Documents", "doc_count": 30}, {"href": "https://teknologimalaysia.academia.edu/Departments/Faculty_of_Mech_Eng_/Documents", "doc_count": 52}, {"href": "https://teknologimalaysia.academia.edu/Departments/Faculty_of_Mechanical_Eng_/Documents", "doc_count": 36}, {"href": "https://teknologimalaysia.academia.edu/Departments/Faculty_of_Mechanical_Engineering/Documents", "doc_count": 965}, {"href": "https://teknologimalaysia.academia.edu/Departments/Faculty_of_Mexchanical_Engineering/Documents", "doc_count": 8}, {"href": "https://teknologimalaysia.academia.edu/Departments/Faculty_of_Petroleum_Renewable_Energy_Engineering/Documents", "doc_count": 23}, {"href": "https://teknologimalaysia.academia.edu/Departments/Faculty_of_Petroleum_Engineering_and_Renewable_Energy/Documents", "doc_count": 11}, {"href": "https://teknologimalaysia.academia.edu/Departments/Faculty_of_Petroleum_and_Renewable_Energy_Engineering/Documents", "doc_count": 256}, {"href": "https://teknologimalaysia.academia.edu/Departments/Faculty_of_Petroleum_and_Renewable_Energy_Engineering_/Documents", "doc_count": 3}, {"href": "https://teknologimalaysia.academia.edu/Departments/Faculty_of_Science/Documents", "doc_count": 237}, {"href": "https://teknologimalaysia.academia.edu/Departments/Faculty_of_Social_Science_and_Humanities/Documents", "doc_count": 36}, {"href": "https://teknologimalaysia.academia.edu/Departments/Faculty_of_Social_Science_and_Humanity/Documents", "doc_count": 1}, {"href": "https://teknologimalaysia.academia.edu/Departments/Faculty_of_building_environment/Documents", "doc_count": 2}, {"href": "https://teknologimalaysia.academia.edu/Departments/Fakulti_Alam_Bina/Documents", "doc_count": 39}, {"href": "https://teknologimalaysia.academia.edu/Departments/Fakulti_Alam_Bina_Dan_Ukur/Documents", "doc_count": 2}, {"href": "https://teknologimalaysia.academia.edu/Departments/Fakulti_Elektrik/Documents", "doc_count": 1}, {"href": "https://teknologimalaysia.academia.edu/Departments/Fakulti_Geoinformasi_dan_Real_Estate/Documents", "doc_count": 10}, {"href": "https://teknologimalaysia.academia.edu/Departments/Fakulti_Kejuruteraan_Awam/Documents", "doc_count": 25}, {"href": "https://teknologimalaysia.academia.edu/Departments/Fakulti_Kejuruteraan_Dan_Sains_Geoinformasi/Documents", "doc_count": 6}, {"href": "https://teknologimalaysia.academia.edu/Departments/Fakulti_Kejuruteraan_Kimia/Documents", "doc_count": 21}, {"href": "https://teknologimalaysia.academia.edu/Departments/Fakulti_Kejuruteraan_Mekanikal/Documents", "doc_count": 69}, {"href": "https://teknologimalaysia.academia.edu/Departments/Fakulti_Kejuruteraan_Petroleum/Documents", "doc_count": 2}, {"href": "https://teknologimalaysia.academia.edu/Departments/Fakulti_Kejuteraan_Biosains_dan_Kejuteraan_Perubatan/Documents", "doc_count": 14}, {"href": "https://teknologimalaysia.academia.edu/Departments/Fakulti_Komputeran/Documents", "doc_count": 2}, {"href": "https://teknologimalaysia.academia.edu/Departments/Fakulti_Pendidikan/Documents", "doc_count": 72}, {"href": "https://teknologimalaysia.academia.edu/Departments/Fakulti_Pengajian_Islam/Documents", "doc_count": 1}, {"href": "https://teknologimalaysia.academia.edu/Departments/Fakulti_Pengurusan/Documents", "doc_count": 7}, {"href": "https://teknologimalaysia.academia.edu/Departments/Fakulti_Pengurusan_dan_Pembangunan_Sumber_Manusia/Documents", "doc_count": 3}, {"href": "https://teknologimalaysia.academia.edu/Departments/Fakulti_Sains/Documents", "doc_count": 31}, {"href": "https://teknologimalaysia.academia.edu/Departments/Fakulti_Sains_Computer_Dan_Sistem_Maklumat/Documents", "doc_count": 6}, {"href": "https://teknologimalaysia.academia.edu/Departments/Fakulti_Sains_Sosial_Dan_Kemanusiaan/Documents", "doc_count": 12}, {"href": "https://teknologimalaysia.academia.edu/Departments/Fakulti_Tamadun_Islam/Documents", "doc_count": 313}, {"href": "https://teknologimalaysia.academia.edu/Departments/Fakulti_Teknologi_Dan_Informatik_Razak/Documents", "doc_count": 1}, {"href": "https://teknologimalaysia.academia.edu/Departments/Fakulti_of_Chemical_Engineering_and_Natural_Resources/Documents", "doc_count": 11}, {"href": "https://teknologimalaysia.academia.edu/Departments/Falcuty_of_Education/Documents", "doc_count": 1}, {"href": "https://teknologimalaysia.academia.edu/Departments/Fhoto/Documents", "doc_count": 1}, {"href": "https://teknologimalaysia.academia.edu/Departments/Financiero/Documents", "doc_count": 1}, {"href": "https://teknologimalaysia.academia.edu/Departments/Fppsm/Documents", "doc_count": 7}, {"href": "https://teknologimalaysia.academia.edu/Departments/Ftir/Documents", "doc_count": 1}, {"href": "https://teknologimalaysia.academia.edu/Departments/Gas_Engineering_Department/Documents", "doc_count": 75}, {"href": "https://teknologimalaysia.academia.edu/Departments/Geoinfomatik/Documents", "doc_count": 1}, {"href": "https://teknologimalaysia.academia.edu/Departments/Geoinformatics/Documents", "doc_count": 1}, {"href": "https://teknologimalaysia.academia.edu/Departments/Geoinformation/Documents", "doc_count": 158}, {"href": "https://teknologimalaysia.academia.edu/Departments/Geoinformation_and_Real_State/Documents", "doc_count": 13}, {"href": "https://teknologimalaysia.academia.edu/Departments/Geology/Documents", "doc_count": 1}, {"href": "https://teknologimalaysia.academia.edu/Departments/Geomatics/Documents", "doc_count": 1}, {"href": "https://teknologimalaysia.academia.edu/Departments/Geospatial_Research_in_Spatial_Planning_GRiSP_Department_of_Urban_and_Regional_Planning/Documents", "doc_count": 12}, {"href": "https://teknologimalaysia.academia.edu/Departments/Geotechnics_Transportaton/Documents", "doc_count": 134}, {"href": "https://teknologimalaysia.academia.edu/Departments/Geotechnics_and_Transportation/Documents", "doc_count": 52}, {"href": "https://teknologimalaysia.academia.edu/Departments/Gheraphics/Documents", "doc_count": 22}, {"href": "https://teknologimalaysia.academia.edu/Departments/HR_admin/Documents", "doc_count": 1}, {"href": "https://teknologimalaysia.academia.edu/Departments/Health_and_science/Documents", "doc_count": 2}, {"href": "https://teknologimalaysia.academia.edu/Departments/Huhu/Documents", "doc_count": 1}, {"href": "https://teknologimalaysia.academia.edu/Departments/Human_Capital_Management_Registrar_Office/Documents", "doc_count": 1}, {"href": "https://teknologimalaysia.academia.edu/Departments/Human_Resources/Documents", "doc_count": 1}, {"href": "https://teknologimalaysia.academia.edu/Departments/Human_Resourse/Documents", "doc_count": 1}, {"href": "https://teknologimalaysia.academia.edu/Departments/Hydraulics_and_Hydrology/Documents", "doc_count": 7}, {"href": "https://teknologimalaysia.academia.edu/Departments/IBS/Documents", "doc_count": 21}, {"href": "https://teknologimalaysia.academia.edu/Departments/ICT_Media_Department/Documents", "doc_count": 4}, {"href": "https://teknologimalaysia.academia.edu/Departments/IJN_UTM_Cardiovascular_Engineering_Centre/Documents", "doc_count": 4}, {"href": "https://teknologimalaysia.academia.edu/Departments/INSTEG/Documents", "doc_count": 28}, {"href": "https://teknologimalaysia.academia.edu/Departments/IPASA/Documents", "doc_count": 2}, {"href": "https://teknologimalaysia.academia.edu/Departments/IVAT_FKE/Documents", "doc_count": 11}, {"href": "https://teknologimalaysia.academia.edu/Departments/Ibnu_Sina_Institute_for_Fundamental_Science_Studies/Documents", "doc_count": 34}, {"href": "https://teknologimalaysia.academia.edu/Departments/Industrial_Biotechnology/Documents", "doc_count": 47}, {"href": "https://teknologimalaysia.academia.edu/Departments/Industrial_Computing_and_Modelling/Documents", "doc_count": 21}, {"href": "https://teknologimalaysia.academia.edu/Departments/Industrial_Design/Documents", "doc_count": 1}, {"href": "https://teknologimalaysia.academia.edu/Departments/Industrial_Engineering/Documents", "doc_count": 25}, {"href": "https://teknologimalaysia.academia.edu/Departments/Infocomm_Research_Alliance/Documents", "doc_count": 9}, {"href": "https://teknologimalaysia.academia.edu/Departments/Informatic/Documents", "doc_count": 31}, {"href": "https://teknologimalaysia.academia.edu/Departments/Information_System/Documents", "doc_count": 41}, {"href": "https://teknologimalaysia.academia.edu/Departments/Information_Systems/Documents", "doc_count": 598}, {"href": "https://teknologimalaysia.academia.edu/Departments/Ingenieria/Documents", "doc_count": 2}, {"href": "https://teknologimalaysia.academia.edu/Departments/Innovation_Commercialisation_Centre/Documents", "doc_count": 21}, {"href": "https://teknologimalaysia.academia.edu/Departments/Institut_Voltan_dan_Arus_Tinggi/Documents", "doc_count": 2}, {"href": "https://teknologimalaysia.academia.edu/Departments/Institute_Sultan_Iskandar_of_Urban_Habitat_and_Highrise_Architecture_Department_Faculty_of_Built_Environment/Documents", "doc_count": 19}, {"href": "https://teknologimalaysia.academia.edu/Departments/Institute_of_Bioproduct_Development/Documents", "doc_count": 270}, {"href": "https://teknologimalaysia.academia.edu/Departments/Institute_of_Environmental_and_Water_Resource_Management/Documents", "doc_count": 109}, {"href": "https://teknologimalaysia.academia.edu/Departments/Institute_of_Environmental_and_Water_Resources_Management/Documents", "doc_count": 41}, {"href": "https://teknologimalaysia.academia.edu/Departments/Institute_of_Future_Energy_IFE_/Documents", "doc_count": 89}, {"href": "https://teknologimalaysia.academia.edu/Departments/Institute_of_Geospatial_Science_Technology/Documents", "doc_count": 21}, {"href": "https://teknologimalaysia.academia.edu/Departments/Institute_of_Geospatial_Science_Technology_INSTeG_Geospatial_Science_Technology_INSTeG_/Documents", "doc_count": 312}, {"href": "https://teknologimalaysia.academia.edu/Departments/Institute_of_High_Voltage_High_Current_IVAT_/Documents", "doc_count": 66}, {"href": "https://teknologimalaysia.academia.edu/Departments/Institute_of_High_Voltage_and_High_Current/Documents", "doc_count": 72}, {"href": "https://teknologimalaysia.academia.edu/Departments/Instiute_of_Noise_and_Vibration/Documents", "doc_count": 29}, {"href": "https://teknologimalaysia.academia.edu/Departments/Internatioanl_Business_School/Documents", "doc_count": 2}, {"href": "https://teknologimalaysia.academia.edu/Departments/International_Business_School/Documents", "doc_count": 247}, {"href": "https://teknologimalaysia.academia.edu/Departments/Islamic_Centre/Documents", "doc_count": 12}, {"href": "https://teknologimalaysia.academia.edu/Departments/Islamic_Civilisation/Documents", "doc_count": 78}, {"href": "https://teknologimalaysia.academia.edu/Departments/Islamic_CivilizTion/Documents", "doc_count": 1}, {"href": "https://teknologimalaysia.academia.edu/Departments/JAPIM/Documents", "doc_count": 2}, {"href": "https://teknologimalaysia.academia.edu/Departments/JPTK/Documents", "doc_count": 2}, {"href": "https://teknologimalaysia.academia.edu/Departments/Jabatan_Alam_Bina_Program_Pengajian_Diploma_UTMSPACE_UTMIC/Documents", "doc_count": 2}, {"href": "https://teknologimalaysia.academia.edu/Departments/Jabatan_Asas_Pendidikan/Documents", "doc_count": 12}, {"href": "https://teknologimalaysia.academia.edu/Departments/Jabatan_Bahasa_Inggeris/Documents", "doc_count": 2}, {"href": "https://teknologimalaysia.academia.edu/Departments/Jabatan_Harta_Tanah/Documents", "doc_count": 1}, {"href": "https://teknologimalaysia.academia.edu/Departments/Jabatan_Kejuruteraan_Kimia/Documents", "doc_count": 4}, {"href": "https://teknologimalaysia.academia.edu/Departments/Jabatan_Pembangunan_Sumber_Manusia/Documents", "doc_count": 24}, {"href": "https://teknologimalaysia.academia.edu/Departments/Jabatan_Pendidikan/Documents", "doc_count": 9}, {"href": "https://teknologimalaysia.academia.edu/Departments/Jabatan_Pengajian_Melayu/Documents", "doc_count": 4}, {"href": "https://teknologimalaysia.academia.edu/Departments/Jabatan_Sains_Komputer_UTMSPACE_Kuala_Lumpur/Documents", "doc_count": 3}, {"href": "https://teknologimalaysia.academia.edu/Departments/Jabatan_Sistem_Maklumat/Documents", "doc_count": 26}, {"href": "https://teknologimalaysia.academia.edu/Departments/Kajian_Sosial/Documents", "doc_count": 1}, {"href": "https://teknologimalaysia.academia.edu/Departments/Land_Administration_and_Development/Documents", "doc_count": 1}, {"href": "https://teknologimalaysia.academia.edu/Departments/Land_Development_and_Management/Documents", "doc_count": 1}, {"href": "https://teknologimalaysia.academia.edu/Departments/Land_Surveying/Documents", "doc_count": 1}, {"href": "https://teknologimalaysia.academia.edu/Departments/Landscape_Architecture/Documents", "doc_count": 2}, {"href": "https://teknologimalaysia.academia.edu/Departments/Landscape_Architecture_Department_Faculty_of_Built_Environment/Documents", "doc_count": 31}, {"href": "https://teknologimalaysia.academia.edu/Departments/Language_Academy/Documents", "doc_count": 667}, {"href": "https://teknologimalaysia.academia.edu/Departments/Language_Academy_UTM/Documents", "doc_count": 56}, {"href": "https://teknologimalaysia.academia.edu/Departments/Law/Documents", "doc_count": 1}, {"href": "https://teknologimalaysia.academia.edu/Departments/Law_and_Management/Documents", "doc_count": 3}, {"href": "https://teknologimalaysia.academia.edu/Departments/Lightwave_Communication_Research_Group/Documents", "doc_count": 5}, {"href": "https://teknologimalaysia.academia.edu/Departments/Local/Documents", "doc_count": 1}, {"href": "https://teknologimalaysia.academia.edu/Departments/MALAYSIA_JAPAN_INTERNATIONAL_INSTITUTE_OF_TECHNOLOGOGY/Documents", "doc_count": 92}, {"href": "https://teknologimalaysia.academia.edu/Departments/MARINE_TECHNOLOGY/Documents", "doc_count": 15}, {"href": "https://teknologimalaysia.academia.edu/Departments/MASTER_OF_EDUCATION/Documents", "doc_count": 1}, {"href": "https://teknologimalaysia.academia.edu/Departments/MBA_marketing/Documents", "doc_count": 10}, {"href": "https://teknologimalaysia.academia.edu/Departments/MECHANICAL_MARINE_TECHNOLOGY_/Documents", "doc_count": 7}, {"href": "https://teknologimalaysia.academia.edu/Departments/MEDITEG/Documents", "doc_count": 14}, {"href": "https://teknologimalaysia.academia.edu/Departments/MIT_UTM_sustainable_city_program/Documents", "doc_count": 87}, {"href": "https://teknologimalaysia.academia.edu/Departments/MJIIT/Documents", "doc_count": 27}, {"href": "https://teknologimalaysia.academia.edu/Departments/Malaysia/Documents", "doc_count": 10}, {"href": "https://teknologimalaysia.academia.edu/Departments/Malaysia_Japan_International_Institute_of_Technology/Documents", "doc_count": 50}, {"href": "https://teknologimalaysia.academia.edu/Departments/Malaysia_Japan_International_Institute_of_Technology_MJIIT_/Documents", "doc_count": 783}, {"href": "https://teknologimalaysia.academia.edu/Departments/Malaysia_Japan_International_Istitute_of_Technology/Documents", "doc_count": 146}, {"href": "https://teknologimalaysia.academia.edu/Departments/Malaysian_Japan_International_Institute_Technology/Documents", "doc_count": 11}, {"href": "https://teknologimalaysia.academia.edu/Departments/Management_Department_Faculty_of_Management_and_HRD/Documents", "doc_count": 90}, {"href": "https://teknologimalaysia.academia.edu/Departments/Management_of_Marketing/Documents", "doc_count": 2}, {"href": "https://teknologimalaysia.academia.edu/Departments/Management_of_Technology/Documents", "doc_count": 1}, {"href": "https://teknologimalaysia.academia.edu/Departments/Management_of_Technology_Finance_/Documents", "doc_count": 1}, {"href": "https://teknologimalaysia.academia.edu/Departments/Manager/Documents", "doc_count": 1}, {"href": "https://teknologimalaysia.academia.edu/Departments/Manufacturing_and_Industrial_Engineering/Documents", "doc_count": 46}, {"href": "https://teknologimalaysia.academia.edu/Departments/Marine_Technology_Centre_MTC_Transportation_Research_Alliance_UTM/Documents", "doc_count": 6}, {"href": "https://teknologimalaysia.academia.edu/Departments/Marketing/Documents", "doc_count": 3}, {"href": "https://teknologimalaysia.academia.edu/Departments/Material_manufacturing_and_industrial_engineering/Documents", "doc_count": 59}, {"href": "https://teknologimalaysia.academia.edu/Departments/Materials_Engineering/Documents", "doc_count": 4}, {"href": "https://teknologimalaysia.academia.edu/Departments/Mathematics/Documents", "doc_count": 70}, {"href": "https://teknologimalaysia.academia.edu/Departments/Mathematics_Education/Documents", "doc_count": 1}, {"href": "https://teknologimalaysia.academia.edu/Departments/Mathematics_Faculty_of_Science/Documents", "doc_count": 245}, {"href": "https://teknologimalaysia.academia.edu/Departments/Maths/Documents", "doc_count": 1}, {"href": "https://teknologimalaysia.academia.edu/Departments/Matto/Documents", "doc_count": 1}, {"href": "https://teknologimalaysia.academia.edu/Departments/Mechanical/Documents", "doc_count": 2}, {"href": "https://teknologimalaysia.academia.edu/Departments/Mechanical_Emgineering/Documents", "doc_count": 54}, {"href": "https://teknologimalaysia.academia.edu/Departments/Mechanical_Engineering/Documents", "doc_count": 878}, {"href": "https://teknologimalaysia.academia.edu/Departments/Mechanical_Engineering_Marine_Technology/Documents", "doc_count": 2}, {"href": "https://teknologimalaysia.academia.edu/Departments/Mechanical_Enginnering/Documents", "doc_count": 12}, {"href": "https://teknologimalaysia.academia.edu/Departments/Mechanical_Precision_Engineering_Department/Documents", "doc_count": 8}, {"href": "https://teknologimalaysia.academia.edu/Departments/Mechanical_Presicion_Engineering_MJIIT/Documents", "doc_count": 101}, {"href": "https://teknologimalaysia.academia.edu/Departments/Mechanical_ngineering/Documents", "doc_count": 7}, {"href": "https://teknologimalaysia.academia.edu/Departments/Mechanical_Aeronautical_Engineering/Documents", "doc_count": 3}, {"href": "https://teknologimalaysia.academia.edu/Departments/Mechanical_Industry/Documents", "doc_count": 4}, {"href": "https://teknologimalaysia.academia.edu/Departments/Medecin/Documents", "doc_count": 2}, {"href": "https://teknologimalaysia.academia.edu/Departments/Mekanikal_Engineering/Documents", "doc_count": 2}, {"href": "https://teknologimalaysia.academia.edu/Departments/Mice/Documents", "doc_count": 1}, {"href": "https://teknologimalaysia.academia.edu/Departments/Ministry_of_Education/Documents", "doc_count": 3}, {"href": "https://teknologimalaysia.academia.edu/Departments/Ministry_of_defence/Documents", "doc_count": 4}, {"href": "https://teknologimalaysia.academia.edu/Departments/Modeling_and_Industrial_Computing/Documents", "doc_count": 241}, {"href": "https://teknologimalaysia.academia.edu/Departments/Moral/Documents", "doc_count": 1}, {"href": "https://teknologimalaysia.academia.edu/Departments/Mtim_Mjiit/Documents", "doc_count": 5}, {"href": "https://teknologimalaysia.academia.edu/Departments/MyLinE_Language_Academy/Documents", "doc_count": 47}, {"href": "https://teknologimalaysia.academia.edu/Departments/Neurology/Documents", "doc_count": 1}, {"href": "https://teknologimalaysia.academia.edu/Departments/None/Documents", "doc_count": 1}, {"href": "https://teknologimalaysia.academia.edu/Departments/Nuclear_Engineering/Documents", "doc_count": 44}, {"href": "https://teknologimalaysia.academia.edu/Departments/Nuclear_Engineering/Documents", "doc_count": 1}, {"href": "https://teknologimalaysia.academia.edu/Departments/Nursing/Documents", "doc_count": 1}, {"href": "https://teknologimalaysia.academia.edu/Departments/OTEC/Documents", "doc_count": 5}, {"href": "https://teknologimalaysia.academia.edu/Departments/Office_of_Asset_Development/Documents", "doc_count": 4}, {"href": "https://teknologimalaysia.academia.edu/Departments/Office_of_Corporate_Affairs/Documents", "doc_count": 1}, {"href": "https://teknologimalaysia.academia.edu/Departments/Operation/Documents", "doc_count": 1}, {"href": "https://teknologimalaysia.academia.edu/Departments/Oshe/Documents", "doc_count": 1}, {"href": "https://teknologimalaysia.academia.edu/Departments/PEJABAT_HARTA_BINA/Documents", "doc_count": 4}, {"href": "https://teknologimalaysia.academia.edu/Departments/PERDANA_School_of_Science_Technology_Innovation_Policy/Documents", "doc_count": 65}, {"href": "https://teknologimalaysia.academia.edu/Departments/PHYSICS_DEPT_/Documents", "doc_count": 389}, {"href": "https://teknologimalaysia.academia.edu/Departments/PPD_Space/Documents", "doc_count": 1}, {"href": "https://teknologimalaysia.academia.edu/Departments/Pardana_school/Documents", "doc_count": 3}, {"href": "https://teknologimalaysia.academia.edu/Departments/Pedagogia/Documents", "doc_count": 1}, {"href": "https://teknologimalaysia.academia.edu/Departments/Pejabat_Hal_Ehwal_Pelajar/Documents", "doc_count": 1}, {"href": "https://teknologimalaysia.academia.edu/Departments/Pemulihan/Documents", "doc_count": 1}, {"href": "https://teknologimalaysia.academia.edu/Departments/Pendidikan/Documents", "doc_count": 5}, {"href": "https://teknologimalaysia.academia.edu/Departments/Pendidikan_Matematik/Documents", "doc_count": 3}, {"href": "https://teknologimalaysia.academia.edu/Departments/Pengajian_Melayu/Documents", "doc_count": 1}, {"href": "https://teknologimalaysia.academia.edu/Departments/Pengurusan_Teknologi/Documents", "doc_count": 1}, {"href": "https://teknologimalaysia.academia.edu/Departments/Pentadbiran_Dan_Pembangunan_Tanah/Documents", "doc_count": 1}, {"href": "https://teknologimalaysia.academia.edu/Departments/Perdana_school_of_STI_Policy/Documents", "doc_count": 12}, {"href": "https://teknologimalaysia.academia.edu/Departments/Perpustakaan_Sultanah_Zanariah/Documents", "doc_count": 2}, {"href": "https://teknologimalaysia.academia.edu/Departments/Pfree/Documents", "doc_count": 6}, {"href": "https://teknologimalaysia.academia.edu/Departments/Philosophy_Advanced_Studies_in_Islam/Documents", "doc_count": 1}, {"href": "https://teknologimalaysia.academia.edu/Departments/Polymer_engineering/Documents", "doc_count": 275}, {"href": "https://teknologimalaysia.academia.edu/Departments/Post_Graduate_Studies_/Documents", "doc_count": 2}, {"href": "https://teknologimalaysia.academia.edu/Departments/Postgraduate_Studies/Documents", "doc_count": 2}, {"href": "https://teknologimalaysia.academia.edu/Departments/Power/Documents", "doc_count": 1}, {"href": "https://teknologimalaysia.academia.edu/Departments/Power_Electronics_and_Drives_Research_Group/Documents", "doc_count": 166}, {"href": "https://teknologimalaysia.academia.edu/Departments/Power_System/Documents", "doc_count": 1}, {"href": "https://teknologimalaysia.academia.edu/Departments/Ppmu/Documents", "doc_count": 1}, {"href": "https://teknologimalaysia.academia.edu/Departments/Process_System_Engineering_Center_PROSPECT_/Documents", "doc_count": 12}, {"href": "https://teknologimalaysia.academia.edu/Departments/Professional_Engineering_Management/Documents", "doc_count": 78}, {"href": "https://teknologimalaysia.academia.edu/Departments/Proiectarea/Documents", "doc_count": 1}, {"href": "https://teknologimalaysia.academia.edu/Departments/Property_Management/Documents", "doc_count": 1}, {"href": "https://teknologimalaysia.academia.edu/Departments/Psychology/Documents", "doc_count": 1}, {"href": "https://teknologimalaysia.academia.edu/Departments/Psychology_and_Human_Resource_Development/Documents", "doc_count": 1}, {"href": "https://teknologimalaysia.academia.edu/Departments/Quantity_Surveying_Department_Faculty_of_Built_Environment/Documents", "doc_count": 5}, {"href": "https://teknologimalaysia.academia.edu/Departments/Radio_Communication_Engineering/Documents", "doc_count": 14}, {"href": "https://teknologimalaysia.academia.edu/Departments/Razak_Faculty_of_Technology_and_Informatics/Documents", "doc_count": 361}, {"href": "https://teknologimalaysia.academia.edu/Departments/Razak_School_of_Engineering/Documents", "doc_count": 2}, {"href": "https://teknologimalaysia.academia.edu/Departments/Razak_School_of_Engineering_Advanced_Technology/Documents", "doc_count": 430}, {"href": "https://teknologimalaysia.academia.edu/Departments/Razak_School_of_Engineering_Advanced_Technology_Department_of_Civil_Engineering/Documents", "doc_count": 20}, {"href": "https://teknologimalaysia.academia.edu/Departments/Razak_school_of_engineering_and_advanced_technology/Documents", "doc_count": 4}, {"href": "https://teknologimalaysia.academia.edu/Departments/Razak_school_of_wngineering_abd_advance_technology/Documents", "doc_count": 6}, {"href": "https://teknologimalaysia.academia.edu/Departments/Real_Estate_Geoinformation/Documents", "doc_count": 4}, {"href": "https://teknologimalaysia.academia.edu/Departments/Real_Estate_Management/Documents", "doc_count": 19}, {"href": "https://teknologimalaysia.academia.edu/Departments/Remote_Sensing/Documents", "doc_count": 80}, {"href": "https://teknologimalaysia.academia.edu/Departments/SAFETY_HEALTH_AND_ENVIRONMENT/Documents", "doc_count": 2}, {"href": "https://teknologimalaysia.academia.edu/Departments/SDGD/Documents", "doc_count": 1}, {"href": "https://teknologimalaysia.academia.edu/Departments/SEKOLAH/Documents", "doc_count": 2}, {"href": "https://teknologimalaysia.academia.edu/Departments/SISTEMAS/Documents", "doc_count": 5}, {"href": "https://teknologimalaysia.academia.edu/Departments/SPACE/Documents", "doc_count": 9}, {"href": "https://teknologimalaysia.academia.edu/Departments/Sains_Komputer/Documents", "doc_count": 2}, {"href": "https://teknologimalaysia.academia.edu/Departments/School/Documents", "doc_count": 1}, {"href": "https://teknologimalaysia.academia.edu/Departments/School_of_Biomedical_Engineering_Health_Sciences/Documents", "doc_count": 2}, {"href": "https://teknologimalaysia.academia.edu/Departments/School_of_Biomedical_Engineering_and_Health_Sciences/Documents", "doc_count": 9}, {"href": "https://teknologimalaysia.academia.edu/Departments/School_of_Biosciences_Faculty_of_Science/Documents", "doc_count": 29}, {"href": "https://teknologimalaysia.academia.edu/Departments/School_of_Chemical_Energy_Engineering/Documents", "doc_count": 145}, {"href": "https://teknologimalaysia.academia.edu/Departments/School_of_Chemistry_and_Energy_Engineering/Documents", "doc_count": 4}, {"href": "https://teknologimalaysia.academia.edu/Departments/School_of_Civil_Engineering_Faculty_of_Engineering/Documents", "doc_count": 21}, {"href": "https://teknologimalaysia.academia.edu/Departments/School_of_Computer_Sciences/Documents", "doc_count": 1}, {"href": "https://teknologimalaysia.academia.edu/Departments/School_of_Computing_Faculty_of_Engineering/Documents", "doc_count": 60}, {"href": "https://teknologimalaysia.academia.edu/Departments/School_of_Education_Faculty_of_Social_Sciences_and_Humanities/Documents", "doc_count": 59}, {"href": "https://teknologimalaysia.academia.edu/Departments/School_of_Education_Languages_and_Communication/Documents", "doc_count": 1}, {"href": "https://teknologimalaysia.academia.edu/Departments/School_of_Graduate_Studies/Documents", "doc_count": 28}, {"href": "https://teknologimalaysia.academia.edu/Departments/School_of_Human_Resource_Development_Psychology/Documents", "doc_count": 5}, {"href": "https://teknologimalaysia.academia.edu/Departments/School_of_Human_Resource_and_Psychology/Documents", "doc_count": 8}, {"href": "https://teknologimalaysia.academia.edu/Departments/School_of_Professional_Continuing_Education_Educ/Documents", "doc_count": 14}, {"href": "https://teknologimalaysia.academia.edu/Departments/School_of_Professional_and_Continuing_Education/Documents", "doc_count": 33}, {"href": "https://teknologimalaysia.academia.edu/Departments/Science_Education/Documents", "doc_count": 5}, {"href": "https://teknologimalaysia.academia.edu/Departments/Science_Management_and_Design/Documents", "doc_count": 3}, {"href": "https://teknologimalaysia.academia.edu/Departments/Science_and_Mathematics_Education/Documents", "doc_count": 14}, {"href": "https://teknologimalaysia.academia.edu/Departments/Science_Management_and_Design1/Documents", "doc_count": 8}, {"href": "https://teknologimalaysia.academia.edu/Departments/Secretaria/Documents", "doc_count": 3}, {"href": "https://teknologimalaysia.academia.edu/Departments/Sekolah_Pendidikan_Fakulti_Sains_Sosial_dan_Kemanusiaan/Documents", "doc_count": 1}, {"href": "https://teknologimalaysia.academia.edu/Departments/Self_Department/Documents", "doc_count": 1}, {"href": "https://teknologimalaysia.academia.edu/Departments/Senibina/Documents", "doc_count": 1}, {"href": "https://teknologimalaysia.academia.edu/Departments/Shah_Alam/Documents", "doc_count": 1}, {"href": "https://teknologimalaysia.academia.edu/Departments/Social_science/Documents", "doc_count": 4}, {"href": "https://teknologimalaysia.academia.edu/Departments/Soft_Computing/Documents", "doc_count": 30}, {"href": "https://teknologimalaysia.academia.edu/Departments/Software_Engineering/Documents", "doc_count": 301}, {"href": "https://teknologimalaysia.academia.edu/Departments/Solid_Mechanics_and_Design/Documents", "doc_count": 98}, {"href": "https://teknologimalaysia.academia.edu/Departments/Soport/Documents", "doc_count": 1}, {"href": "https://teknologimalaysia.academia.edu/Departments/Sosiologi/Documents", "doc_count": 1}, {"href": "https://teknologimalaysia.academia.edu/Departments/Special_Education/Documents", "doc_count": 1}, {"href": "https://teknologimalaysia.academia.edu/Departments/Sports_Science/Documents", "doc_count": 28}, {"href": "https://teknologimalaysia.academia.edu/Departments/Stdent/Documents", "doc_count": 2}, {"href": "https://teknologimalaysia.academia.edu/Departments/Strategic_Studies/Documents", "doc_count": 2}, {"href": "https://teknologimalaysia.academia.edu/Departments/Structures_And_Materials/Documents", "doc_count": 47}, {"href": "https://teknologimalaysia.academia.edu/Departments/Student/Documents", "doc_count": 3}, {"href": "https://teknologimalaysia.academia.edu/Departments/Super/Documents", "doc_count": 1}, {"href": "https://teknologimalaysia.academia.edu/Departments/Sustainability/Documents", "doc_count": 1}, {"href": "https://teknologimalaysia.academia.edu/Departments/TESL/Documents", "doc_count": 29}, {"href": "https://teknologimalaysia.academia.edu/Departments/TVET/Documents", "doc_count": 10}, {"href": "https://teknologimalaysia.academia.edu/Departments/Technic_and_Vocational/Documents", "doc_count": 1}, {"href": "https://teknologimalaysia.academia.edu/Departments/Technical_and_End_gineering_Education/Documents", "doc_count": 1}, {"href": "https://teknologimalaysia.academia.edu/Departments/Technical_and_Engineering_Education/Documents", "doc_count": 30}, {"href": "https://teknologimalaysia.academia.edu/Departments/Technoloy_Management/Documents", "doc_count": 2}, {"href": "https://teknologimalaysia.academia.edu/Departments/Tehnic/Documents", "doc_count": 1}, {"href": "https://teknologimalaysia.academia.edu/Departments/Telecommunication_Software_and_System_TeSS_Research_Group/Documents", "doc_count": 39}, {"href": "https://teknologimalaysia.academia.edu/Departments/Telecommunications_Engineering/Documents", "doc_count": 4}, {"href": "https://teknologimalaysia.academia.edu/Departments/Thermo_Fluid/Documents", "doc_count": 93}, {"href": "https://teknologimalaysia.academia.edu/Departments/Thermofluid/Documents", "doc_count": 23}, {"href": "https://teknologimalaysia.academia.edu/Departments/Tics/Documents", "doc_count": 2}, {"href": "https://teknologimalaysia.academia.edu/Departments/Topo/Documents", "doc_count": 1}, {"href": "https://teknologimalaysia.academia.edu/Departments/Tourism/Documents", "doc_count": 2}, {"href": "https://teknologimalaysia.academia.edu/Departments/Tourism_Planning/Documents", "doc_count": 1}, {"href": "https://teknologimalaysia.academia.edu/Departments/Town_Planning/Documents", "doc_count": 1}, {"href": "https://teknologimalaysia.academia.edu/Departments/Transportation_Department/Documents", "doc_count": 2}, {"href": "https://teknologimalaysia.academia.edu/Departments/Tunnel/Documents", "doc_count": 1}, {"href": "https://teknologimalaysia.academia.edu/Departments/UNIVERSITY_INDUSTRY_RESEARCH_LABORATORY/Documents", "doc_count": 1}, {"href": "https://teknologimalaysia.academia.edu/Departments/URUS_TADBIR/Documents", "doc_count": 1}, {"href": "https://teknologimalaysia.academia.edu/Departments/UTM_AIS/Documents", "doc_count": 19}, {"href": "https://teknologimalaysia.academia.edu/Departments/UTM_Centre_for_Industrial_Applied_Mathematics_UTM_CIAM_/Documents", "doc_count": 5}, {"href": "https://teknologimalaysia.academia.edu/Departments/UTM_Library/Documents", "doc_count": 22}, {"href": "https://teknologimalaysia.academia.edu/Departments/UTM_Perdana_School_of_Science_Technology_Innovation_Policy/Documents", "doc_count": 83}, {"href": "https://teknologimalaysia.academia.edu/Departments/UTM_Press/Documents", "doc_count": 2}, {"href": "https://teknologimalaysia.academia.edu/Departments/UTM_RAZAK_School_of_Engineering_and_Advanced_Technology/Documents", "doc_count": 613}, {"href": "https://teknologimalaysia.academia.edu/Departments/UTM_Razak_School/Documents", "doc_count": 39}, {"href": "https://teknologimalaysia.academia.edu/Departments/UTM_AIS1/Documents", "doc_count": 5}, {"href": "https://teknologimalaysia.academia.edu/Departments/UTM_MIMOS_COE_in_Telecommunication_Technology_and_Dept_of_Communication_Engineering_Faculty_of_Electrical_Engineeineering/Documents", "doc_count": 177}, {"href": "https://teknologimalaysia.academia.edu/Departments/Ukur_tnh/Documents", "doc_count": 1}, {"href": "https://teknologimalaysia.academia.edu/Departments/Univercidads/Documents", "doc_count": 1}, {"href": "https://teknologimalaysia.academia.edu/Departments/Universidad_Tecnica_De_Manabi/Documents", "doc_count": 2}, {"href": "https://teknologimalaysia.academia.edu/Departments/Universitas_Negeri_Makassar/Documents", "doc_count": 2}, {"href": "https://teknologimalaysia.academia.edu/Departments/Urban_Design/Documents", "doc_count": 20}, {"href": "https://teknologimalaysia.academia.edu/Departments/Urban_and_Regional_Planning/Documents", "doc_count": 219}, {"href": "https://teknologimalaysia.academia.edu/Departments/Usahawan/Documents", "doc_count": 1}, {"href": "https://teknologimalaysia.academia.edu/Departments/Utm_Space/Documents", "doc_count": 3}, {"href": "https://teknologimalaysia.academia.edu/Departments/Wireless_Communication_Center/Documents", "doc_count": 1}, {"href": "https://teknologimalaysia.academia.edu/Departments/Wireless_Communication_Centre_WCC_/Documents", "doc_count": 3}]