[{"href": "https://usm.academia.edu/Departments/AKAUN/Documents", "doc_count": 1}, {"href": "https://usm.academia.edu/Departments/ANESTHESIOLOGY/Documents", "doc_count": 7}, {"href": "https://usm.academia.edu/Departments/Academic/Documents", "doc_count": 2}, {"href": "https://usm.academia.edu/Departments/Acconting/Documents", "doc_count": 5}, {"href": "https://usm.academia.edu/Departments/Accounting/Documents", "doc_count": 35}, {"href": "https://usm.academia.edu/Departments/Accounts_Recovery/Documents", "doc_count": 1}, {"href": "https://usm.academia.edu/Departments/Admin/Documents", "doc_count": 7}, {"href": "https://usm.academia.edu/Departments/Advance_Medical_Dental_Institute/Documents", "doc_count": 3}, {"href": "https://usm.academia.edu/Departments/Advanced_Medical_Dental_Institute_AMDI_/Documents", "doc_count": 27}, {"href": "https://usm.academia.edu/Departments/Advanced_Medical_and_Dental_Institute/Documents", "doc_count": 210}, {"href": "https://usm.academia.edu/Departments/Aerospace/Documents", "doc_count": 25}, {"href": "https://usm.academia.edu/Departments/Agrobiology/Documents", "doc_count": 34}, {"href": "https://usm.academia.edu/Departments/Akademik/Documents", "doc_count": 2}, {"href": "https://usm.academia.edu/Departments/Alumni/Documents", "doc_count": 1}, {"href": "https://usm.academia.edu/Departments/Anaesthesia/Documents", "doc_count": 16}, {"href": "https://usm.academia.edu/Departments/Analytical_Biochemistry_Research_Centre/Documents", "doc_count": 17}, {"href": "https://usm.academia.edu/Departments/Anatomy/Documents", "doc_count": 13}, {"href": "https://usm.academia.edu/Departments/Another/Documents", "doc_count": 1}, {"href": "https://usm.academia.edu/Departments/Anthopology_and_Sociology/Documents", "doc_count": 33}, {"href": "https://usm.academia.edu/Departments/Applied_Physics/Documents", "doc_count": 2}, {"href": "https://usm.academia.edu/Departments/Applied_Science/Documents", "doc_count": 1}, {"href": "https://usm.academia.edu/Departments/Applied_Statistics/Documents", "doc_count": 1}, {"href": "https://usm.academia.edu/Departments/Archaeology/Documents", "doc_count": 43}, {"href": "https://usm.academia.edu/Departments/Archaology/Documents", "doc_count": 1}, {"href": "https://usm.academia.edu/Departments/Architecture/Documents", "doc_count": 56}, {"href": "https://usm.academia.edu/Departments/Architecture_Plannibg/Documents", "doc_count": 2}, {"href": "https://usm.academia.edu/Departments/Architecture_Planning/Documents", "doc_count": 7}, {"href": "https://usm.academia.edu/Departments/Archtect/Documents", "doc_count": 1}, {"href": "https://usm.academia.edu/Departments/BUSINEE/Documents", "doc_count": 1}, {"href": "https://usm.academia.edu/Departments/BUSINESS_EXCELLENCE/Documents", "doc_count": 1}, {"href": "https://usm.academia.edu/Departments/Biology_aquatic/Documents", "doc_count": 5}, {"href": "https://usm.academia.edu/Departments/Biomaterial_and_sciences_cluster/Documents", "doc_count": 10}, {"href": "https://usm.academia.edu/Departments/Bioprocess_Technology/Documents", "doc_count": 85}, {"href": "https://usm.academia.edu/Departments/Bioresource/Documents", "doc_count": 41}, {"href": "https://usm.academia.edu/Departments/Bioresource_Technology_School_of_Industrial_Technology/Documents", "doc_count": 22}, {"href": "https://usm.academia.edu/Departments/Bioresource_Paper_and_Coating/Documents", "doc_count": 33}, {"href": "https://usm.academia.edu/Departments/Broadcasting/Documents", "doc_count": 1}, {"href": "https://usm.academia.edu/Departments/Building_Technology/Documents", "doc_count": 28}, {"href": "https://usm.academia.edu/Departments/Business/Documents", "doc_count": 3}, {"href": "https://usm.academia.edu/Departments/Business_Administration/Documents", "doc_count": 8}, {"href": "https://usm.academia.edu/Departments/Business_Management/Documents", "doc_count": 27}, {"href": "https://usm.academia.edu/Departments/CEDEC/Documents", "doc_count": 20}, {"href": "https://usm.academia.edu/Departments/CGSS/Documents", "doc_count": 9}, {"href": "https://usm.academia.edu/Departments/CITM/Documents", "doc_count": 10}, {"href": "https://usm.academia.edu/Departments/COMPUTER_SCIENCES/Documents", "doc_count": 129}, {"href": "https://usm.academia.edu/Departments/Center_for_Global_Sustainability_Studies/Documents", "doc_count": 20}, {"href": "https://usm.academia.edu/Departments/Center_for_Instructional_Technology_Multimedia/Documents", "doc_count": 115}, {"href": "https://usm.academia.edu/Departments/Center_for_Marine_and_Coastal_Studies/Documents", "doc_count": 26}, {"href": "https://usm.academia.edu/Departments/Center_for_Neuroscience_Services_and_Research/Documents", "doc_count": 14}, {"href": "https://usm.academia.edu/Departments/Center_for_Policy_Research/Documents", "doc_count": 16}, {"href": "https://usm.academia.edu/Departments/Center_of_Instructional_Design/Documents", "doc_count": 2}, {"href": "https://usm.academia.edu/Departments/Centre_For_Research_on_Women_and_Gender/Documents", "doc_count": 82}, {"href": "https://usm.academia.edu/Departments/Centre_for_Advanced_Analytical_Toxicology_Services/Documents", "doc_count": 1}, {"href": "https://usm.academia.edu/Departments/Centre_for_Archaeology_Research_Malaysia/Documents", "doc_count": 19}, {"href": "https://usm.academia.edu/Departments/Centre_for_Drug_Research/Documents", "doc_count": 72}, {"href": "https://usm.academia.edu/Departments/Centre_for_Global_Archaeological_Research/Documents", "doc_count": 91}, {"href": "https://usm.academia.edu/Departments/Centre_for_Global_Sustainable_Studies/Documents", "doc_count": 88}, {"href": "https://usm.academia.edu/Departments/Centre_for_Instructional_Technology_and_Multimedia/Documents", "doc_count": 16}, {"href": "https://usm.academia.edu/Departments/Centre_for_Islamic_Development_Management_Studies_ISDEV_/Documents", "doc_count": 201}, {"href": "https://usm.academia.edu/Departments/Centre_for_Islamic_Development_Management_Studies_ISDEV_School_of_Social_Sciences_Universiti_Sains_Malaysia/Documents", "doc_count": 56}, {"href": "https://usm.academia.edu/Departments/Centre_for_Islamic_Development_Management_Studies_ISDEV_Universiti_Sains_Malaysia/Documents", "doc_count": 134}, {"href": "https://usm.academia.edu/Departments/Centre_for_Marine_Coastal_Studies/Documents", "doc_count": 47}, {"href": "https://usm.academia.edu/Departments/Centre_for_Marine_and_Coastal_Studies_CEMACS_/Documents", "doc_count": 13}, {"href": "https://usm.academia.edu/Departments/Centre_for_Policy_Research_and_International_Studies_CenPRIS_/Documents", "doc_count": 19}, {"href": "https://usm.academia.edu/Departments/Centre_of_Islamic_Development_Management/Documents", "doc_count": 13}, {"href": "https://usm.academia.edu/Departments/Chemical_Engineering/Documents", "doc_count": 58}, {"href": "https://usm.academia.edu/Departments/Chemical_Pathology/Documents", "doc_count": 26}, {"href": "https://usm.academia.edu/Departments/Chemistry/Documents", "doc_count": 28}, {"href": "https://usm.academia.edu/Departments/Chest/Documents", "doc_count": 1}, {"href": "https://usm.academia.edu/Departments/Child_Psychology_and_education/Documents", "doc_count": 16}, {"href": "https://usm.academia.edu/Departments/Civil/Documents", "doc_count": 8}, {"href": "https://usm.academia.edu/Departments/Clinical_Pharmacy/Documents", "doc_count": 33}, {"href": "https://usm.academia.edu/Departments/Cluster_of_Oncological_Sciences/Documents", "doc_count": 6}, {"href": "https://usm.academia.edu/Departments/Communication_Art/Documents", "doc_count": 2}, {"href": "https://usm.academia.edu/Departments/Community_Medicine/Documents", "doc_count": 50}, {"href": "https://usm.academia.edu/Departments/Computer/Documents", "doc_count": 5}, {"href": "https://usm.academia.edu/Departments/Computer_Sceince/Documents", "doc_count": 1}, {"href": "https://usm.academia.edu/Departments/Construction_Management/Documents", "doc_count": 2}, {"href": "https://usm.academia.edu/Departments/Ctr_for_Instructional_Technology_and_Multimedia/Documents", "doc_count": 1}, {"href": "https://usm.academia.edu/Departments/Dentistry/Documents", "doc_count": 2}, {"href": "https://usm.academia.edu/Departments/Deparment_of_Pharmaceutical_Sciences/Documents", "doc_count": 62}, {"href": "https://usm.academia.edu/Departments/Department_Emergency_and_Trauma/Documents", "doc_count": 3}, {"href": "https://usm.academia.edu/Departments/Department_of_Anthropology_And_Sociology_School_of_Social_Sciences/Documents", "doc_count": 16}, {"href": "https://usm.academia.edu/Departments/Department_of_Drama_and_Theatre/Documents", "doc_count": 29}, {"href": "https://usm.academia.edu/Departments/Department_of_Nutrition_Sciences/Documents", "doc_count": 1}, {"href": "https://usm.academia.edu/Departments/Department_of_Political_Science_School_of_Distance_Education/Documents", "doc_count": 14}, {"href": "https://usm.academia.edu/Departments/Department_of_Political_Science_School_of_Social_Sciences/Documents", "doc_count": 33}, {"href": "https://usm.academia.edu/Departments/Department_of_Psychology_School_of_Educational_Studies/Documents", "doc_count": 34}, {"href": "https://usm.academia.edu/Departments/Department_of_Sains_Matematik/Documents", "doc_count": 4}, {"href": "https://usm.academia.edu/Departments/Department_of_exercise_and_sport_sciences/Documents", "doc_count": 4}, {"href": "https://usm.academia.edu/Departments/Dept_of_Chemical_Pathology_School_of_Medical_Sciences_16150_Kubang_Kerian_Kelantan_Malaysia/Documents", "doc_count": 81}, {"href": "https://usm.academia.edu/Departments/Dept_of_Community_Medicine/Documents", "doc_count": 31}, {"href": "https://usm.academia.edu/Departments/Dept_of_Medical_Microbiology_Parasitology_School_of_Medical_Sciences_16150_Kubang_Kerian_Kelantan_Malaysia/Documents", "doc_count": 67}, {"href": "https://usm.academia.edu/Departments/Dept_of_Psychiatry/Documents", "doc_count": 84}, {"href": "https://usm.academia.edu/Departments/Design_Dept_Product_Design/Documents", "doc_count": 12}, {"href": "https://usm.academia.edu/Departments/Development_Planning_and_Management/Documents", "doc_count": 16}, {"href": "https://usm.academia.edu/Departments/Development_Planning_and_Management_Section_School_of_Social_Sciences/Documents", "doc_count": 4}, {"href": "https://usm.academia.edu/Departments/dikdas_IPA/Documents", "doc_count": 1}, {"href": "https://usm.academia.edu/Departments/Discipline_of_Clinical_Pharmacy/Documents", "doc_count": 101}, {"href": "https://usm.academia.edu/Departments/Discipline_of_Social_and_Administrative_Pharmacy/Documents", "doc_count": 49}, {"href": "https://usm.academia.edu/Departments/Doktor/Documents", "doc_count": 1}, {"href": "https://usm.academia.edu/Departments/Drama_Theatre_Department/Documents", "doc_count": 5}, {"href": "https://usm.academia.edu/Departments/Economi/Documents", "doc_count": 1}, {"href": "https://usm.academia.edu/Departments/Economic_Department/Documents", "doc_count": 27}, {"href": "https://usm.academia.edu/Departments/Economics/Documents", "doc_count": 245}, {"href": "https://usm.academia.edu/Departments/Economy/Documents", "doc_count": 1}, {"href": "https://usm.academia.edu/Departments/Edu/Documents", "doc_count": 141}, {"href": "https://usm.academia.edu/Departments/Education_Art/Documents", "doc_count": 6}, {"href": "https://usm.academia.edu/Departments/Education_Management/Documents", "doc_count": 2}, {"href": "https://usm.academia.edu/Departments/Educational_Management/Documents", "doc_count": 1}, {"href": "https://usm.academia.edu/Departments/Educational_technology/Documents", "doc_count": 27}, {"href": "https://usm.academia.edu/Departments/Ekologi/Documents", "doc_count": 2}, {"href": "https://usm.academia.edu/Departments/Electric_and_Electronic_Engineering/Documents", "doc_count": 1}, {"href": "https://usm.academia.edu/Departments/Electric_and_Electronical/Documents", "doc_count": 4}, {"href": "https://usm.academia.edu/Departments/Electrical/Documents", "doc_count": 1}, {"href": "https://usm.academia.edu/Departments/Electrical_Electronic/Documents", "doc_count": 2}, {"href": "https://usm.academia.edu/Departments/Electrical_Engineering/Documents", "doc_count": 2}, {"href": "https://usm.academia.edu/Departments/Electrical_and_Electronic_Engineering/Documents", "doc_count": 220}, {"href": "https://usm.academia.edu/Departments/Electrical_and_Electronics_Engineering/Documents", "doc_count": 70}, {"href": "https://usm.academia.edu/Departments/Electronics/Documents", "doc_count": 5}, {"href": "https://usm.academia.edu/Departments/Emergency_Medicine/Documents", "doc_count": 40}, {"href": "https://usm.academia.edu/Departments/Enforcement/Documents", "doc_count": 1}, {"href": "https://usm.academia.edu/Departments/Engineering/Documents", "doc_count": 5}, {"href": "https://usm.academia.edu/Departments/English/Documents", "doc_count": 6}, {"href": "https://usm.academia.edu/Departments/English_Language/Documents", "doc_count": 1}, {"href": "https://usm.academia.edu/Departments/English_Language_Studies_Section/Documents", "doc_count": 6}, {"href": "https://usm.academia.edu/Departments/English_Language_Studies_Section_School_of_Humanities/Documents", "doc_count": 9}, {"href": "https://usm.academia.edu/Departments/English_Language_Studies_School_of_Humanities/Documents", "doc_count": 47}, {"href": "https://usm.academia.edu/Departments/English_Language_and_Literature_Studies_School_of_Humanities/Documents", "doc_count": 85}, {"href": "https://usm.academia.edu/Departments/English_and_Political_Science/Documents", "doc_count": 3}, {"href": "https://usm.academia.edu/Departments/English_for_Professionals/Documents", "doc_count": 6}, {"href": "https://usm.academia.edu/Departments/English_langauge_Studies_School_of_Humanities/Documents", "doc_count": 80}, {"href": "https://usm.academia.edu/Departments/Environmental_Biology/Documents", "doc_count": 1}, {"href": "https://usm.academia.edu/Departments/Environmental_Engineering/Documents", "doc_count": 22}, {"href": "https://usm.academia.edu/Departments/Environmental_Tech/Documents", "doc_count": 5}, {"href": "https://usm.academia.edu/Departments/Environmental_Technology/Documents", "doc_count": 3}, {"href": "https://usm.academia.edu/Departments/Environmental_Technology_School_of_Industrial_Technology/Documents", "doc_count": 96}, {"href": "https://usm.academia.edu/Departments/Ethic_Moral_Religious_Education/Documents", "doc_count": 1}, {"href": "https://usm.academia.edu/Departments/Exercise_Sports_Science/Documents", "doc_count": 87}, {"href": "https://usm.academia.edu/Departments/Exercise_and_Sports_Science_School_of_Health_Sciences_/Documents", "doc_count": 80}, {"href": "https://usm.academia.edu/Departments/FINANCE/Documents", "doc_count": 30}, {"href": "https://usm.academia.edu/Departments/Facility/Documents", "doc_count": 1}, {"href": "https://usm.academia.edu/Departments/Facility_Management/Documents", "doc_count": 1}, {"href": "https://usm.academia.edu/Departments/Facultate/Documents", "doc_count": 1}, {"href": "https://usm.academia.edu/Departments/Faculty_of_Arts_and_Social_Science/Documents", "doc_count": 2}, {"href": "https://usm.academia.edu/Departments/Fakulti_Bahasa_Utama/Documents", "doc_count": 1}, {"href": "https://usm.academia.edu/Departments/Fakulti_Pendidikan/Documents", "doc_count": 3}, {"href": "https://usm.academia.edu/Departments/Fakulti_Sains_Sosial/Documents", "doc_count": 1}, {"href": "https://usm.academia.edu/Departments/Fakulti_komunikasi/Documents", "doc_count": 1}, {"href": "https://usm.academia.edu/Departments/Family_Medicine/Documents", "doc_count": 37}, {"href": "https://usm.academia.edu/Departments/Farmakologi/Documents", "doc_count": 6}, {"href": "https://usm.academia.edu/Departments/Fine_Art/Documents", "doc_count": 22}, {"href": "https://usm.academia.edu/Departments/Fizik/Documents", "doc_count": 92}, {"href": "https://usm.academia.edu/Departments/Food/Documents", "doc_count": 5}, {"href": "https://usm.academia.edu/Departments/Food_Technology/Documents", "doc_count": 52}, {"href": "https://usm.academia.edu/Departments/Food_Technology_Division_FTD_/Documents", "doc_count": 181}, {"href": "https://usm.academia.edu/Departments/Food_Technology_School_of_Industrial_Technology/Documents", "doc_count": 4}, {"href": "https://usm.academia.edu/Departments/Foodtech/Documents", "doc_count": 7}, {"href": "https://usm.academia.edu/Departments/Foreign_Languages_ENGLISH_FRENCH/Documents", "doc_count": 1}, {"href": "https://usm.academia.edu/Departments/Forensic_Science/Documents", "doc_count": 27}, {"href": "https://usm.academia.edu/Departments/Forest/Documents", "doc_count": 1}, {"href": "https://usm.academia.edu/Departments/GSB/Documents", "doc_count": 22}, {"href": "https://usm.academia.edu/Departments/General_Surgery/Documents", "doc_count": 12}, {"href": "https://usm.academia.edu/Departments/Geo_Information_science/Documents", "doc_count": 8}, {"href": "https://usm.academia.edu/Departments/Geo_resources_engineering/Documents", "doc_count": 1}, {"href": "https://usm.academia.edu/Departments/Geography/Documents", "doc_count": 17}, {"href": "https://usm.academia.edu/Departments/Geography_Section_School_of_Humanities/Documents", "doc_count": 222}, {"href": "https://usm.academia.edu/Departments/Geophysics/Documents", "doc_count": 10}, {"href": "https://usm.academia.edu/Departments/Geophysicst/Documents", "doc_count": 10}, {"href": "https://usm.academia.edu/Departments/Goverment_Sector/Documents", "doc_count": 1}, {"href": "https://usm.academia.edu/Departments/Graduate_School_of_Business/Documents", "doc_count": 409}, {"href": "https://usm.academia.edu/Departments/Graduates/Documents", "doc_count": 3}, {"href": "https://usm.academia.edu/Departments/Graphic_Communication_Design_Department/Documents", "doc_count": 13}, {"href": "https://usm.academia.edu/Departments/Graphic_Design_Communication/Documents", "doc_count": 13}, {"href": "https://usm.academia.edu/Departments/Guru/Documents", "doc_count": 2}, {"href": "https://usm.academia.edu/Departments/HOUSING_BUILDING_AND_PLANNING/Documents", "doc_count": 172}, {"href": "https://usm.academia.edu/Departments/Haematology/Documents", "doc_count": 147}, {"href": "https://usm.academia.edu/Departments/Hematology_and_Transfusion/Documents", "doc_count": 30}, {"href": "https://usm.academia.edu/Departments/History/Documents", "doc_count": 6}, {"href": "https://usm.academia.edu/Departments/History_Section_School_of_Humanities/Documents", "doc_count": 9}, {"href": "https://usm.academia.edu/Departments/Hosing_Building_and_Planning/Documents", "doc_count": 8}, {"href": "https://usm.academia.edu/Departments/Housing_Building_and_Planning/Documents", "doc_count": 1}, {"href": "https://usm.academia.edu/Departments/Housing_Building_and_Plannig/Documents", "doc_count": 3}, {"href": "https://usm.academia.edu/Departments/Human_Genome_Centre/Documents", "doc_count": 329}, {"href": "https://usm.academia.edu/Departments/Human_Identification_Unit/Documents", "doc_count": 2}, {"href": "https://usm.academia.edu/Departments/Human_Resource/Documents", "doc_count": 3}, {"href": "https://usm.academia.edu/Departments/Human_Resources/Documents", "doc_count": 1}, {"href": "https://usm.academia.edu/Departments/INFORMM/Documents", "doc_count": 72}, {"href": "https://usm.academia.edu/Departments/IPDA/Documents", "doc_count": 1}, {"href": "https://usm.academia.edu/Departments/IPPT/Documents", "doc_count": 12}, {"href": "https://usm.academia.edu/Departments/IPharm/Documents", "doc_count": 1}, {"href": "https://usm.academia.edu/Departments/ISDEV/Documents", "doc_count": 59}, {"href": "https://usm.academia.edu/Departments/Ijazah/Documents", "doc_count": 1}, {"href": "https://usm.academia.edu/Departments/Ilmu_Kemanusiaan/Documents", "doc_count": 1}, {"href": "https://usm.academia.edu/Departments/Ilmu_Pendidikan/Documents", "doc_count": 4}, {"href": "https://usm.academia.edu/Departments/Inductrial_Technology/Documents", "doc_count": 17}, {"href": "https://usm.academia.edu/Departments/Industrial_Design/Documents", "doc_count": 12}, {"href": "https://usm.academia.edu/Departments/Industrial_Design_Materials/Documents", "doc_count": 17}, {"href": "https://usm.academia.edu/Departments/Industrial_Engineering/Documents", "doc_count": 114}, {"href": "https://usm.academia.edu/Departments/Information_Tech/Documents", "doc_count": 6}, {"href": "https://usm.academia.edu/Departments/Institut_Penyelidikan_pendidikan_TInggi_Negara/Documents", "doc_count": 19}, {"href": "https://usm.academia.edu/Departments/Institute_for_Research_in_Molecular_Medicine/Documents", "doc_count": 105}, {"href": "https://usm.academia.edu/Departments/Institute_of_Nano_Optoelectronic_Research_and_Technology_INOR_/Documents", "doc_count": 158}, {"href": "https://usm.academia.edu/Departments/Institute_of_Pharmaceuticals_and_Nutraceuticals_Malaysia/Documents", "doc_count": 5}, {"href": "https://usm.academia.edu/Departments/Institute_of_Postgraduate_Studies/Documents", "doc_count": 5}, {"href": "https://usm.academia.edu/Departments/Instructional_Technology/Documents", "doc_count": 2}, {"href": "https://usm.academia.edu/Departments/Integrated_Marketing_Communications/Documents", "doc_count": 1}, {"href": "https://usm.academia.edu/Departments/Integrative_Medicine/Documents", "doc_count": 29}, {"href": "https://usm.academia.edu/Departments/Interior_Architecture/Documents", "doc_count": 54}, {"href": "https://usm.academia.edu/Departments/Interior_Design/Documents", "doc_count": 137}, {"href": "https://usm.academia.edu/Departments/International_Relations/Documents", "doc_count": 2}, {"href": "https://usm.academia.edu/Departments/International_Student_Unit_ISU_/Documents", "doc_count": 5}, {"href": "https://usm.academia.edu/Departments/Islamic_Knowledge/Documents", "doc_count": 16}, {"href": "https://usm.academia.edu/Departments/Jabatan_Ilmu_Pendidikan/Documents", "doc_count": 4}, {"href": "https://usm.academia.edu/Departments/Jabatan_Pembangunan/Documents", "doc_count": 23}, {"href": "https://usm.academia.edu/Departments/Jabatan_Perubatan_Masyarakat/Documents", "doc_count": 11}, {"href": "https://usm.academia.edu/Departments/Joules/Documents", "doc_count": 2}, {"href": "https://usm.academia.edu/Departments/KANITA/Documents", "doc_count": 2}, {"href": "https://usm.academia.edu/Departments/KEJURUTERAAN/Documents", "doc_count": 9}, {"href": "https://usm.academia.edu/Departments/KEMENTERIAN_PELAJARAN/Documents", "doc_count": 1}, {"href": "https://usm.academia.edu/Departments/KUBS/Documents", "doc_count": 1}, {"href": "https://usm.academia.edu/Departments/Kaunseling/Documents", "doc_count": 2}, {"href": "https://usm.academia.edu/Departments/Kelas/Documents", "doc_count": 1}, {"href": "https://usm.academia.edu/Departments/Kementerian_Pelajaran_Malaysia/Documents", "doc_count": 2}, {"href": "https://usm.academia.edu/Departments/Kesusasteraan/Documents", "doc_count": 7}, {"href": "https://usm.academia.edu/Departments/Kimia/Documents", "doc_count": 1}, {"href": "https://usm.academia.edu/Departments/Komputer_Sains/Documents", "doc_count": 2}, {"href": "https://usm.academia.edu/Departments/Languages_and_Translation/Documents", "doc_count": 6}, {"href": "https://usm.academia.edu/Departments/Law/Documents", "doc_count": 1}, {"href": "https://usm.academia.edu/Departments/Lectriture/Documents", "doc_count": 1}, {"href": "https://usm.academia.edu/Departments/Legal/Documents", "doc_count": 1}, {"href": "https://usm.academia.edu/Departments/Library/Documents", "doc_count": 48}, {"href": "https://usm.academia.edu/Departments/Lifestyle_Sciece_Cluster_Advanced_Medical_and_Dental_Institute/Documents", "doc_count": 26}, {"href": "https://usm.academia.edu/Departments/Lima/Documents", "doc_count": 1}, {"href": "https://usm.academia.edu/Departments/Limba_Romana/Documents", "doc_count": 2}, {"href": "https://usm.academia.edu/Departments/Linguistics/Documents", "doc_count": 16}, {"href": "https://usm.academia.edu/Departments/Literacy_Studies/Documents", "doc_count": 8}, {"href": "https://usm.academia.edu/Departments/Literature_studies_school_of_humanities/Documents", "doc_count": 11}, {"href": "https://usm.academia.edu/Departments/Long_Distance_Program/Documents", "doc_count": 1}, {"href": "https://usm.academia.edu/Departments/MUTIMEDIA/Documents", "doc_count": 3}, {"href": "https://usm.academia.edu/Departments/Malasia/Documents", "doc_count": 1}, {"href": "https://usm.academia.edu/Departments/Malay_Literature_Ang_Geography/Documents", "doc_count": 3}, {"href": "https://usm.academia.edu/Departments/Malay_Translation_and_Interpretation_School_of_Humanities/Documents", "doc_count": 21}, {"href": "https://usm.academia.edu/Departments/Malaysia/Documents", "doc_count": 25}, {"href": "https://usm.academia.edu/Departments/Manageman/Documents", "doc_count": 1}, {"href": "https://usm.academia.edu/Departments/Management/Documents", "doc_count": 248}, {"href": "https://usm.academia.edu/Departments/Management_Politic/Documents", "doc_count": 2}, {"href": "https://usm.academia.edu/Departments/Management_Sciences_Accounting_Unit_/Documents", "doc_count": 2}, {"href": "https://usm.academia.edu/Departments/Managemn/Documents", "doc_count": 1}, {"href": "https://usm.academia.edu/Departments/Manufacturing_Engineering/Documents", "doc_count": 1}, {"href": "https://usm.academia.edu/Departments/Manufacturing_engineering_with_management/Documents", "doc_count": 1}, {"href": "https://usm.academia.edu/Departments/Marine_Ecology/Documents", "doc_count": 83}, {"href": "https://usm.academia.edu/Departments/Marketing/Documents", "doc_count": 4}, {"href": "https://usm.academia.edu/Departments/Mass_Communication/Documents", "doc_count": 3}, {"href": "https://usm.academia.edu/Departments/Masscom/Documents", "doc_count": 1}, {"href": "https://usm.academia.edu/Departments/Matematiks/Documents", "doc_count": 1}, {"href": "https://usm.academia.edu/Departments/Material/Documents", "doc_count": 1}, {"href": "https://usm.academia.edu/Departments/Material_Mineral_Resources_Engineering/Documents", "doc_count": 4}, {"href": "https://usm.academia.edu/Departments/Material_Engineering/Documents", "doc_count": 1}, {"href": "https://usm.academia.edu/Departments/Materials_Engineering/Documents", "doc_count": 6}, {"href": "https://usm.academia.edu/Departments/Materials_and_Mineral_Resources/Documents", "doc_count": 31}, {"href": "https://usm.academia.edu/Departments/Materials_and_Mineral_Resources_Eng_/Documents", "doc_count": 62}, {"href": "https://usm.academia.edu/Departments/Mathemarics/Documents", "doc_count": 5}, {"href": "https://usm.academia.edu/Departments/Mathematical_Science/Documents", "doc_count": 2}, {"href": "https://usm.academia.edu/Departments/Mathematics/Documents", "doc_count": 51}, {"href": "https://usm.academia.edu/Departments/Mathematics_Section_School_of_Distance_Education/Documents", "doc_count": 18}, {"href": "https://usm.academia.edu/Departments/Mechanical/Documents", "doc_count": 38}, {"href": "https://usm.academia.edu/Departments/Mechatronics_Engineering/Documents", "doc_count": 1}, {"href": "https://usm.academia.edu/Departments/Media_and_culture/Documents", "doc_count": 3}, {"href": "https://usm.academia.edu/Departments/Medical_Education_Department/Documents", "doc_count": 28}, {"href": "https://usm.academia.edu/Departments/Medical_Microbiology_and_Parasitology/Documents", "doc_count": 53}, {"href": "https://usm.academia.edu/Departments/Medical_Research/Documents", "doc_count": 1}, {"href": "https://usm.academia.edu/Departments/Medicine/Documents", "doc_count": 46}, {"href": "https://usm.academia.edu/Departments/Micro_Financ/Documents", "doc_count": 1}, {"href": "https://usm.academia.edu/Departments/Mineral_Resources_Engineering/Documents", "doc_count": 8}, {"href": "https://usm.academia.edu/Departments/Music/Documents", "doc_count": 38}, {"href": "https://usm.academia.edu/Departments/Muskie_School/Documents", "doc_count": 1}, {"href": "https://usm.academia.edu/Departments/NAv6/Documents", "doc_count": 110}, {"href": "https://usm.academia.edu/Departments/NURSING_STUDENT/Documents", "doc_count": 2}, {"href": "https://usm.academia.edu/Departments/NUTRITION_PROGRAM/Documents", "doc_count": 15}, {"href": "https://usm.academia.edu/Departments/Nano_Optoelectronics_Research_Laboratory/Documents", "doc_count": 18}, {"href": "https://usm.academia.edu/Departments/National_Advanced_IPv6_Center/Documents", "doc_count": 1}, {"href": "https://usm.academia.edu/Departments/National_Advanced_IPv6_Center_of_Excellence/Documents", "doc_count": 29}, {"href": "https://usm.academia.edu/Departments/National_Advanced_IPv6_Centre_NAv6_/Documents", "doc_count": 29}, {"href": "https://usm.academia.edu/Departments/National_Higher_Education_Research_Institute/Documents", "doc_count": 43}, {"href": "https://usm.academia.edu/Departments/National_Poison_Centre/Documents", "doc_count": 46}, {"href": "https://usm.academia.edu/Departments/Neuroscience/Documents", "doc_count": 15}, {"href": "https://usm.academia.edu/Departments/Neurosciences/Documents", "doc_count": 241}, {"href": "https://usm.academia.edu/Departments/Neurosurgery/Documents", "doc_count": 1}, {"href": "https://usm.academia.edu/Departments/New_Media_Design_and_Technology/Documents", "doc_count": 1}, {"href": "https://usm.academia.edu/Departments/None/Documents", "doc_count": 1}, {"href": "https://usm.academia.edu/Departments/Nuclear_Medicine/Documents", "doc_count": 9}, {"href": "https://usm.academia.edu/Departments/Nursing/Documents", "doc_count": 3}, {"href": "https://usm.academia.edu/Departments/Nutrition/Documents", "doc_count": 83}, {"href": "https://usm.academia.edu/Departments/Obstetrics_And_Gynaecology/Documents", "doc_count": 44}, {"href": "https://usm.academia.edu/Departments/Occupational_Safety_Health_Unit/Documents", "doc_count": 1}, {"href": "https://usm.academia.edu/Departments/Oncological_and_Radiological_Sciences_Cluster_Advanced_Medical_and_Dental_Institute/Documents", "doc_count": 2}, {"href": "https://usm.academia.edu/Departments/Oncology/Documents", "doc_count": 3}, {"href": "https://usm.academia.edu/Departments/Operations/Documents", "doc_count": 32}, {"href": "https://usm.academia.edu/Departments/Ophthalmology/Documents", "doc_count": 188}, {"href": "https://usm.academia.edu/Departments/Oral_Maxillofacial_Surgery/Documents", "doc_count": 24}, {"href": "https://usm.academia.edu/Departments/Organizational_Behaviour/Documents", "doc_count": 2}, {"href": "https://usm.academia.edu/Departments/Orthopaedic/Documents", "doc_count": 22}, {"href": "https://usm.academia.edu/Departments/Orthopaedics/Documents", "doc_count": 7}, {"href": "https://usm.academia.edu/Departments/PJJ_sains_kemasyarakatan/Documents", "doc_count": 2}, {"href": "https://usm.academia.edu/Departments/PPIP/Documents", "doc_count": 19}, {"href": "https://usm.academia.edu/Departments/PPKT/Documents", "doc_count": 1}, {"href": "https://usm.academia.edu/Departments/PPSK/Documents", "doc_count": 14}, {"href": "https://usm.academia.edu/Departments/PPSP/Documents", "doc_count": 1}, {"href": "https://usm.academia.edu/Departments/PSYCHIATRY/Documents", "doc_count": 172}, {"href": "https://usm.academia.edu/Departments/PUSAT_PENGAJIAN_JARAK_JAUH/Documents", "doc_count": 1}, {"href": "https://usm.academia.edu/Departments/Paediatrics/Documents", "doc_count": 121}, {"href": "https://usm.academia.edu/Departments/Parasitology_and_Entomology/Documents", "doc_count": 1}, {"href": "https://usm.academia.edu/Departments/Pathology_Department/Documents", "doc_count": 183}, {"href": "https://usm.academia.edu/Departments/Pathology_Department_School_of_Medical_Science/Documents", "doc_count": 9}, {"href": "https://usm.academia.edu/Departments/Peace_studies/Documents", "doc_count": 8}, {"href": "https://usm.academia.edu/Departments/Penang/Documents", "doc_count": 2}, {"href": "https://usm.academia.edu/Departments/Pendidikan/Documents", "doc_count": 2}, {"href": "https://usm.academia.edu/Departments/Pendidikan_Jarak_Jauh/Documents", "doc_count": 7}, {"href": "https://usm.academia.edu/Departments/Pengajian_Bahahsa_Melayu/Documents", "doc_count": 1}, {"href": "https://usm.academia.edu/Departments/Pengurusan_Organisasi/Documents", "doc_count": 1}, {"href": "https://usm.academia.edu/Departments/Pengurusan_Pendidikan/Documents", "doc_count": 1}, {"href": "https://usm.academia.edu/Departments/Performing_Arts/Documents", "doc_count": 7}, {"href": "https://usm.academia.edu/Departments/Periodontics/Documents", "doc_count": 4}, {"href": "https://usm.academia.edu/Departments/PhD_Candidate/Documents", "doc_count": 22}, {"href": "https://usm.academia.edu/Departments/Pharmaceutical_Chemistry/Documents", "doc_count": 6}, {"href": "https://usm.academia.edu/Departments/Pharmacology/Documents", "doc_count": 264}, {"href": "https://usm.academia.edu/Departments/Pharmacy/Documents", "doc_count": 49}, {"href": "https://usm.academia.edu/Departments/Pharmacy_School_Clinical_Pharmacy/Documents", "doc_count": 24}, {"href": "https://usm.academia.edu/Departments/Philosophy_and_Civilization_Section_School_of_Humanities/Documents", "doc_count": 86}, {"href": "https://usm.academia.edu/Departments/Philosophy_andCivilization/Documents", "doc_count": 9}, {"href": "https://usm.academia.edu/Departments/Physic/Documents", "doc_count": 36}, {"href": "https://usm.academia.edu/Departments/Physics_Department_School_of_Distance_Education/Documents", "doc_count": 11}, {"href": "https://usm.academia.edu/Departments/Physiology/Documents", "doc_count": 74}, {"href": "https://usm.academia.edu/Departments/Pipp/Documents", "doc_count": 1}, {"href": "https://usm.academia.edu/Departments/Pjj_pengurusan/Documents", "doc_count": 1}, {"href": "https://usm.academia.edu/Departments/Planning/Documents", "doc_count": 2}, {"href": "https://usm.academia.edu/Departments/Plastic_and_Reconstructive/Documents", "doc_count": 5}, {"href": "https://usm.academia.edu/Departments/Polar_USM/Documents", "doc_count": 14}, {"href": "https://usm.academia.edu/Departments/Political_Science/Documents", "doc_count": 23}, {"href": "https://usm.academia.edu/Departments/Polymer/Documents", "doc_count": 1}, {"href": "https://usm.academia.edu/Departments/Polymer_Engineering/Documents", "doc_count": 2}, {"href": "https://usm.academia.edu/Departments/Ppgusm/Documents", "doc_count": 1}, {"href": "https://usm.academia.edu/Departments/Ppik/Documents", "doc_count": 2}, {"href": "https://usm.academia.edu/Departments/Ppti/Documents", "doc_count": 2}, {"href": "https://usm.academia.edu/Departments/Prosth/Documents", "doc_count": 1}, {"href": "https://usm.academia.edu/Departments/Psikology/Documents", "doc_count": 3}, {"href": "https://usm.academia.edu/Departments/Psychology/Documents", "doc_count": 1}, {"href": "https://usm.academia.edu/Departments/Public_Health/Documents", "doc_count": 2}, {"href": "https://usm.academia.edu/Departments/Pure_Chemistry/Documents", "doc_count": 11}, {"href": "https://usm.academia.edu/Departments/Pusat_Islam/Documents", "doc_count": 2}, {"href": "https://usm.academia.edu/Departments/Pusat_Kajian_Pengurusan_Pembangunan_Islam/Documents", "doc_count": 7}, {"href": "https://usm.academia.edu/Departments/Pusat_Pengajian_Ilmu_Kemanusiaan/Documents", "doc_count": 46}, {"href": "https://usm.academia.edu/Departments/Pusat_Pengajian_Ilmu_Pendidikan/Documents", "doc_count": 58}, {"href": "https://usm.academia.edu/Departments/Pusat_Pengajian_Kejuruteraan_Bahan_dan_Sumber_Mineral/Documents", "doc_count": 16}, {"href": "https://usm.academia.edu/Departments/Pusat_Pengajian_Kejuruteraan_Elektrik_dan_Elektronik/Documents", "doc_count": 67}, {"href": "https://usm.academia.edu/Departments/Pusat_Pengajian_Pendidikan_Jarak_Jauh/Documents", "doc_count": 4}, {"href": "https://usm.academia.edu/Departments/Pusat_Pengajian_Pengurusan/Documents", "doc_count": 5}, {"href": "https://usm.academia.edu/Departments/Pusat_Pengajian_Sains_Kesihatan/Documents", "doc_count": 32}, {"href": "https://usm.academia.edu/Departments/Pusat_Pengajian_Sains_Kimia/Documents", "doc_count": 6}, {"href": "https://usm.academia.edu/Departments/Pusat_Pengajian_Teknologi_Industri/Documents", "doc_count": 52}, {"href": "https://usm.academia.edu/Departments/Pusat_Penyelidikan_Arkeologi_Global/Documents", "doc_count": 17}, {"href": "https://usm.academia.edu/Departments/Pusat_Penyelidikan_dadah_dan_Ubat_Ubatan/Documents", "doc_count": 6}, {"href": "https://usm.academia.edu/Departments/Pusat_Racun_Negara/Documents", "doc_count": 137}, {"href": "https://usm.academia.edu/Departments/Pusat_pengajian_Sains_kemasyarakatan/Documents", "doc_count": 1}, {"href": "https://usm.academia.edu/Departments/Quantity_Surveying/Documents", "doc_count": 28}, {"href": "https://usm.academia.edu/Departments/REDAC/Documents", "doc_count": 44}, {"href": "https://usm.academia.edu/Departments/Radiology/Documents", "doc_count": 124}, {"href": "https://usm.academia.edu/Departments/Reconstructive_Sciences/Documents", "doc_count": 5}, {"href": "https://usm.academia.edu/Departments/Restorative_Dentistry/Documents", "doc_count": 31}, {"href": "https://usm.academia.edu/Departments/River_Engineering_and_Urban_Drainage_Research_Centre/Documents", "doc_count": 14}, {"href": "https://usm.academia.edu/Departments/River_Engineering_and_Urban_Drainage_Research_Centre_REDAC_/Documents", "doc_count": 535}, {"href": "https://usm.academia.edu/Departments/SAINS_KEMASYARAKATAN/Documents", "doc_count": 13}, {"href": "https://usm.academia.edu/Departments/SCNOOL_OF_CHEMICAL_SCIENCES/Documents", "doc_count": 117}, {"href": "https://usm.academia.edu/Departments/SK_Sri_Laksamana/Documents", "doc_count": 3}, {"href": "https://usm.academia.edu/Departments/STUDENT/Documents", "doc_count": 38}, {"href": "https://usm.academia.edu/Departments/SURGERY/Documents", "doc_count": 60}, {"href": "https://usm.academia.edu/Departments/Sains/Documents", "doc_count": 1}, {"href": "https://usm.academia.edu/Departments/Sains_Fizik/Documents", "doc_count": 1}, {"href": "https://usm.academia.edu/Departments/Sains_Kajihayat/Documents", "doc_count": 10}, {"href": "https://usm.academia.edu/Departments/Sains_Kesihatan/Documents", "doc_count": 7}, {"href": "https://usm.academia.edu/Departments/Sains_Politik/Documents", "doc_count": 5}, {"href": "https://usm.academia.edu/Departments/Sains_Sosial/Documents", "doc_count": 9}, {"href": "https://usm.academia.edu/Departments/Sains_Sukan/Documents", "doc_count": 1}, {"href": "https://usm.academia.edu/Departments/Salam/Documents", "doc_count": 1}, {"href": "https://usm.academia.edu/Departments/Sarawak_General_Hospital/Documents", "doc_count": 15}, {"href": "https://usm.academia.edu/Departments/Sastera/Documents", "doc_count": 1}, {"href": "https://usm.academia.edu/Departments/Sastera_Dengan_Pendidikan/Documents", "doc_count": 1}, {"href": "https://usm.academia.edu/Departments/Sch_of_Distance_Education/Documents", "doc_count": 186}, {"href": "https://usm.academia.edu/Departments/Sch_of_Housing_Building_Planning/Documents", "doc_count": 6}, {"href": "https://usm.academia.edu/Departments/Scholl_of_Technology_Industry/Documents", "doc_count": 4}, {"href": "https://usm.academia.edu/Departments/School_Of_Education/Documents", "doc_count": 154}, {"href": "https://usm.academia.edu/Departments/School_Of_The_Arts/Documents", "doc_count": 65}, {"href": "https://usm.academia.edu/Departments/School_of_Aerospace_Engineering/Documents", "doc_count": 56}, {"href": "https://usm.academia.edu/Departments/School_of_Arts/Documents", "doc_count": 8}, {"href": "https://usm.academia.edu/Departments/School_of_Biological_Science/Documents", "doc_count": 30}, {"href": "https://usm.academia.edu/Departments/School_of_Biological_Sciences/Documents", "doc_count": 1603}, {"href": "https://usm.academia.edu/Departments/School_of_Biology/Documents", "doc_count": 26}, {"href": "https://usm.academia.edu/Departments/School_of_Business_and_Economics/Documents", "doc_count": 3}, {"href": "https://usm.academia.edu/Departments/School_of_Chemical/Documents", "doc_count": 3}, {"href": "https://usm.academia.edu/Departments/School_of_Chemical_Engineering/Documents", "doc_count": 652}, {"href": "https://usm.academia.edu/Departments/School_of_Chemical_sciences/Documents", "doc_count": 396}, {"href": "https://usm.academia.edu/Departments/School_of_Chemically_Sciences/Documents", "doc_count": 17}, {"href": "https://usm.academia.edu/Departments/School_of_Civil_Engineeri/Documents", "doc_count": 1}, {"href": "https://usm.academia.edu/Departments/School_of_Civil_Engineering/Documents", "doc_count": 932}, {"href": "https://usm.academia.edu/Departments/School_of_Civil_Engineering_/Documents", "doc_count": 15}, {"href": "https://usm.academia.edu/Departments/School_of_Communication/Documents", "doc_count": 313}, {"href": "https://usm.academia.edu/Departments/School_of_Computer_Science/Documents", "doc_count": 340}, {"href": "https://usm.academia.edu/Departments/School_of_Computer_Sciences/Documents", "doc_count": 660}, {"href": "https://usm.academia.edu/Departments/School_of_Dental_Science/Documents", "doc_count": 117}, {"href": "https://usm.academia.edu/Departments/School_of_Dental_Sciences_USM/Documents", "doc_count": 139}, {"href": "https://usm.academia.edu/Departments/School_of_Distamce_Education/Documents", "doc_count": 5}, {"href": "https://usm.academia.edu/Departments/School_of_Distance/Documents", "doc_count": 3}, {"href": "https://usm.academia.edu/Departments/School_of_Distance_Education/Documents", "doc_count": 875}, {"href": "https://usm.academia.edu/Departments/School_of_Distance_Education_Biology_Section_/Documents", "doc_count": 13}, {"href": "https://usm.academia.edu/Departments/School_of_Educational_Studies/Documents", "doc_count": 784}, {"href": "https://usm.academia.edu/Departments/School_of_Educational_Studies_Universiti_Sains_Malaysia/Documents", "doc_count": 42}, {"href": "https://usm.academia.edu/Departments/School_of_Electric_Electronics_Engineering/Documents", "doc_count": 1}, {"href": "https://usm.academia.edu/Departments/School_of_Electric_and_Electronic/Documents", "doc_count": 7}, {"href": "https://usm.academia.edu/Departments/School_of_Electrical_Electronic_Engineering/Documents", "doc_count": 141}, {"href": "https://usm.academia.edu/Departments/School_of_Electrical_Electronics_Engineering/Documents", "doc_count": 11}, {"href": "https://usm.academia.edu/Departments/School_of_Electrical_and_Electronics/Documents", "doc_count": 73}, {"href": "https://usm.academia.edu/Departments/School_of_Health_Science/Documents", "doc_count": 11}, {"href": "https://usm.academia.edu/Departments/School_of_Health_Sciences/Documents", "doc_count": 84}, {"href": "https://usm.academia.edu/Departments/School_of_Health_Sciences_Health_Campus_Usm_Kelantan/Documents", "doc_count": 214}, {"href": "https://usm.academia.edu/Departments/School_of_Housing_Building_and_Planning1/Documents", "doc_count": 163}, {"href": "https://usm.academia.edu/Departments/School_of_Housing_Building_Planning/Documents", "doc_count": 21}, {"href": "https://usm.academia.edu/Departments/School_of_Housing_Building_and_Planning2/Documents", "doc_count": 910}, {"href": "https://usm.academia.edu/Departments/School_of_Humanities/Documents", "doc_count": 378}, {"href": "https://usm.academia.edu/Departments/School_of_Humanities_English_Language_Studies/Documents", "doc_count": 14}, {"href": "https://usm.academia.edu/Departments/School_of_Industrial_Technology/Documents", "doc_count": 922}, {"href": "https://usm.academia.edu/Departments/School_of_Languages/Documents", "doc_count": 1}, {"href": "https://usm.academia.edu/Departments/School_of_Languages_Literacies_Translation/Documents", "doc_count": 183}, {"href": "https://usm.academia.edu/Departments/School_of_Languages_Literacies_and_Translation/Documents", "doc_count": 135}, {"href": "https://usm.academia.edu/Departments/School_of_Languages_Literacies_and_Ttranslation/Documents", "doc_count": 46}, {"href": "https://usm.academia.edu/Departments/School_of_Languages_Literacies_and_Translation1/Documents", "doc_count": 12}, {"href": "https://usm.academia.edu/Departments/School_of_Management/Documents", "doc_count": 550}, {"href": "https://usm.academia.edu/Departments/School_of_Management_finance_section/Documents", "doc_count": 48}, {"href": "https://usm.academia.edu/Departments/School_of_Materials_Mineral_Resources_Engineering/Documents", "doc_count": 59}, {"href": "https://usm.academia.edu/Departments/School_of_Materials_and_Mineral_Resources_Engineeing/Documents", "doc_count": 2}, {"href": "https://usm.academia.edu/Departments/School_of_Materials_and_Mineral_Resources_Engineering/Documents", "doc_count": 238}, {"href": "https://usm.academia.edu/Departments/School_of_Materials_and_Minerals_Resources_Engineering/Documents", "doc_count": 2}, {"href": "https://usm.academia.edu/Departments/School_of_Mathematical_Sciences/Documents", "doc_count": 327}, {"href": "https://usm.academia.edu/Departments/School_of_Mechanical_Engineering/Documents", "doc_count": 216}, {"href": "https://usm.academia.edu/Departments/School_of_Mechanical_and_Manufacturing_Engineering/Documents", "doc_count": 1}, {"href": "https://usm.academia.edu/Departments/School_of_Medical_Science/Documents", "doc_count": 1}, {"href": "https://usm.academia.edu/Departments/School_of_Medical_Sciences/Documents", "doc_count": 149}, {"href": "https://usm.academia.edu/Departments/School_of_Medical_Sciences_Department_of_Neurosciences/Documents", "doc_count": 7}, {"href": "https://usm.academia.edu/Departments/School_of_Pharmaceutical_Science/Documents", "doc_count": 2}, {"href": "https://usm.academia.edu/Departments/School_of_Pharmaceutical_Sciences/Documents", "doc_count": 324}, {"href": "https://usm.academia.edu/Departments/School_of_Physics/Documents", "doc_count": 625}, {"href": "https://usm.academia.edu/Departments/School_of_Physics_Geophysics_Group_/Documents", "doc_count": 155}, {"href": "https://usm.academia.edu/Departments/School_of_Planning_Housing_and_Building/Documents", "doc_count": 14}, {"href": "https://usm.academia.edu/Departments/School_of_Social_Science/Documents", "doc_count": 52}, {"href": "https://usm.academia.edu/Departments/School_of_Social_Sciences/Documents", "doc_count": 556}, {"href": "https://usm.academia.edu/Departments/School_of_Sociology_and_Anthropology/Documents", "doc_count": 1}, {"href": "https://usm.academia.edu/Departments/School_of_electronic_and_electric_engineering/Documents", "doc_count": 67}, {"href": "https://usm.academia.edu/Departments/School_of_the_Arts_Fine_Arts_/Documents", "doc_count": 160}, {"href": "https://usm.academia.edu/Departments/School_of_the_art/Documents", "doc_count": 5}, {"href": "https://usm.academia.edu/Departments/School_pf_Materials_and_Mineral_Resources_Engineering/Documents", "doc_count": 1}, {"href": "https://usm.academia.edu/Departments/Schoolof_Communication/Documents", "doc_count": 26}, {"href": "https://usm.academia.edu/Departments/Science/Documents", "doc_count": 1}, {"href": "https://usm.academia.edu/Departments/Science_Biology/Documents", "doc_count": 26}, {"href": "https://usm.academia.edu/Departments/Science_Education/Documents", "doc_count": 1}, {"href": "https://usm.academia.edu/Departments/Science_and_Environmental_Journalism/Documents", "doc_count": 2}, {"href": "https://usm.academia.edu/Departments/Section_of_Islamic_Studies_School_of_Humanities/Documents", "doc_count": 52}, {"href": "https://usm.academia.edu/Departments/Security/Documents", "doc_count": 2}, {"href": "https://usm.academia.edu/Departments/Sejarah/Documents", "doc_count": 4}, {"href": "https://usm.academia.edu/Departments/Sekolah/Documents", "doc_count": 1}, {"href": "https://usm.academia.edu/Departments/Seru/Documents", "doc_count": 1}, {"href": "https://usm.academia.edu/Departments/Shool_of_Health_Sciences/Documents", "doc_count": 1}, {"href": "https://usm.academia.edu/Departments/SoLLaT/Documents", "doc_count": 11}, {"href": "https://usm.academia.edu/Departments/Sosial_Science/Documents", "doc_count": 44}, {"href": "https://usm.academia.edu/Departments/Special_Educatio/Documents", "doc_count": 1}, {"href": "https://usm.academia.edu/Departments/Sports_Science_Unit/Documents", "doc_count": 53}, {"href": "https://usm.academia.edu/Departments/Student_Pjj/Documents", "doc_count": 6}, {"href": "https://usm.academia.edu/Departments/Students/Documents", "doc_count": 2}, {"href": "https://usm.academia.edu/Departments/Study/Documents", "doc_count": 1}, {"href": "https://usm.academia.edu/Departments/Sukan/Documents", "doc_count": 1}, {"href": "https://usm.academia.edu/Departments/syariah_fiqh_dan_perundangan_Islam_/Documents", "doc_count": 10}, {"href": "https://usm.academia.edu/Departments/TEACHER/Documents", "doc_count": 3}, {"href": "https://usm.academia.edu/Departments/TESOL/Documents", "doc_count": 34}, {"href": "https://usm.academia.edu/Departments/Technology_Industry/Documents", "doc_count": 1}, {"href": "https://usm.academia.edu/Departments/Teknik/Documents", "doc_count": 3}, {"href": "https://usm.academia.edu/Departments/Th%C3%A1m_t%E1%BB%AD_t%C6%B0_T%E1%BA%ADn_T%C3%A2m/Documents", "doc_count": 1}, {"href": "https://usm.academia.edu/Departments/Tourism/Documents", "doc_count": 1}, {"href": "https://usm.academia.edu/Departments/Tourism_dive_tourism_sport_tourism_homestay_/Documents", "doc_count": 8}, {"href": "https://usm.academia.edu/Departments/Tourism_buisness_and_Marketing/Documents", "doc_count": 1}, {"href": "https://usm.academia.edu/Departments/Translation/Documents", "doc_count": 1}, {"href": "https://usm.academia.edu/Departments/Translation_Interpreting/Documents", "doc_count": 2}, {"href": "https://usm.academia.edu/Departments/Translation_and_Interpretation_School_of_Humanities/Documents", "doc_count": 23}, {"href": "https://usm.academia.edu/Departments/Translation_and_Interpreting/Documents", "doc_count": 5}, {"href": "https://usm.academia.edu/Departments/URBAN_AND_REGIONAL_PLANNING/Documents", "doc_count": 2}, {"href": "https://usm.academia.edu/Departments/Unit_Rawatan_Rapi/Documents", "doc_count": 1}, {"href": "https://usm.academia.edu/Departments/Universiti_Sains_Malaysia_Centre_for_Instructional_Technology_and_Multimedia/Documents", "doc_count": 115}, {"href": "https://usm.academia.edu/Departments/Vector_Control_and_Research_Unit/Documents", "doc_count": 1}, {"href": "https://usm.academia.edu/Departments/Women_s_Development_Research_Centre/Documents", "doc_count": 100}, {"href": "https://usm.academia.edu/Departments/Women_s_Development_Research_Centre_KANITA/Documents", "doc_count": 81}, {"href": "https://usm.academia.edu/Departments/Women_s_Health_Development_Unit/Documents", "doc_count": 38}]