[{"href": "https://utar.academia.edu/Departments/ACCOUNTING/Documents", "doc_count": 78}, {"href": "https://utar.academia.edu/Departments/Accounting_and_Business/Documents", "doc_count": 2}, {"href": "https://utar.academia.edu/Departments/Admin/Documents", "doc_count": 1}, {"href": "https://utar.academia.edu/Departments/Advanced_Diploma_in_Public_Relations/Documents", "doc_count": 1}, {"href": "https://utar.academia.edu/Departments/Architecture/Documents", "doc_count": 4}, {"href": "https://utar.academia.edu/Departments/Art/Documents", "doc_count": 2}, {"href": "https://utar.academia.edu/Departments/Art_and_Social_Science/Documents", "doc_count": 39}, {"href": "https://utar.academia.edu/Departments/bachelor_of_Arts_Hons_English_Education/Documents", "doc_count": 1}, {"href": "https://utar.academia.edu/Departments/Bachelor_Of_Arts_Hons_English_Language/Documents", "doc_count": 1}, {"href": "https://utar.academia.edu/Departments/Bachelor_of_Accounting/Documents", "doc_count": 15}, {"href": "https://utar.academia.edu/Departments/Bachelor_of_Building_and_Property_Management/Documents", "doc_count": 5}, {"href": "https://utar.academia.edu/Departments/Bachelor_of_Business_Administration/Documents", "doc_count": 2}, {"href": "https://utar.academia.edu/Departments/Bachelor_of_Communication_Hons_Public_Relations/Documents", "doc_count": 1}, {"href": "https://utar.academia.edu/Departments/Bachelor_of_Education/Documents", "doc_count": 4}, {"href": "https://utar.academia.edu/Departments/Bachelor_of_Engineering/Documents", "doc_count": 1}, {"href": "https://utar.academia.edu/Departments/Bachelor_of_International_Business/Documents", "doc_count": 1}, {"href": "https://utar.academia.edu/Departments/Bachelor_of_Marketing/Documents", "doc_count": 2}, {"href": "https://utar.academia.edu/Departments/Bachelor_of_Science_hons_Chemistry/Documents", "doc_count": 4}, {"href": "https://utar.academia.edu/Departments/Banking_and_Finance/Documents", "doc_count": 8}, {"href": "https://utar.academia.edu/Departments/Belt_and_Road_Strategic_Research_Centre/Documents", "doc_count": 6}, {"href": "https://utar.academia.edu/Departments/Bio_Inorganic_Chemistry/Documents", "doc_count": 1}, {"href": "https://utar.academia.edu/Departments/Biological_Science/Documents", "doc_count": 120}, {"href": "https://utar.academia.edu/Departments/Biomedical_Science/Documents", "doc_count": 40}, {"href": "https://utar.academia.edu/Departments/Broadcasting/Documents", "doc_count": 1}, {"href": "https://utar.academia.edu/Departments/Business_School/Documents", "doc_count": 9}, {"href": "https://utar.academia.edu/Departments/Business_and_Administration/Documents", "doc_count": 3}, {"href": "https://utar.academia.edu/Departments/CHEMICAL_ENGINEERING/Documents", "doc_count": 32}, {"href": "https://utar.academia.edu/Departments/Centre_for_Foundation_Studies/Documents", "doc_count": 10}, {"href": "https://utar.academia.edu/Departments/Chemical_Enginenering/Documents", "doc_count": 2}, {"href": "https://utar.academia.edu/Departments/Chemical_Science/Documents", "doc_count": 76}, {"href": "https://utar.academia.edu/Departments/Chemical_and_Environmental_Engineering/Documents", "doc_count": 12}, {"href": "https://utar.academia.edu/Departments/Chemistry/Documents", "doc_count": 19}, {"href": "https://utar.academia.edu/Departments/Chinese_Studies/Documents", "doc_count": 1}, {"href": "https://utar.academia.edu/Departments/Civil_Engineering/Documents", "doc_count": 34}, {"href": "https://utar.academia.edu/Departments/Clinical_Sciences/Documents", "doc_count": 16}, {"href": "https://utar.academia.edu/Departments/Computer_Science/Documents", "doc_count": 42}, {"href": "https://utar.academia.edu/Departments/Construction_Management/Documents", "doc_count": 16}, {"href": "https://utar.academia.edu/Departments/DCCT/Documents", "doc_count": 14}, {"href": "https://utar.academia.edu/Departments/DEPARTMENT_OF_ARCHITECTURE_AND_SUSTAINABLE_DESIGN/Documents", "doc_count": 9}, {"href": "https://utar.academia.edu/Departments/DIECS/Documents", "doc_count": 17}, {"href": "https://utar.academia.edu/Departments/DPMS/Documents", "doc_count": 2}, {"href": "https://utar.academia.edu/Departments/DPY_and_DJR/Documents", "doc_count": 6}, {"href": "https://utar.academia.edu/Departments/Department_of_Accountancy/Documents", "doc_count": 5}, {"href": "https://utar.academia.edu/Departments/Department_of_Advertising/Documents", "doc_count": 2}, {"href": "https://utar.academia.edu/Departments/Department_of_Agriculture_and_Food_Science/Documents", "doc_count": 3}, {"href": "https://utar.academia.edu/Departments/Department_of_Allied_Health_Science/Documents", "doc_count": 4}, {"href": "https://utar.academia.edu/Departments/Department_of_Built_Environment/Documents", "doc_count": 1}, {"href": "https://utar.academia.edu/Departments/Department_of_Chemical_Engineering_Lee_Kong_Chian_Faculty_of_Engineering_and_Science/Documents", "doc_count": 29}, {"href": "https://utar.academia.edu/Departments/Department_of_Commerce_Accountancy/Documents", "doc_count": 7}, {"href": "https://utar.academia.edu/Departments/Department_of_Electrical_and_Electronics/Documents", "doc_count": 93}, {"href": "https://utar.academia.edu/Departments/Department_of_Engineering_and_Sicence/Documents", "doc_count": 1}, {"href": "https://utar.academia.edu/Departments/Department_of_Entrepreneurship_Supply_Chain_Management/Documents", "doc_count": 5}, {"href": "https://utar.academia.edu/Departments/Department_of_Information_Systems/Documents", "doc_count": 19}, {"href": "https://utar.academia.edu/Departments/Department_of_Journalism/Documents", "doc_count": 39}, {"href": "https://utar.academia.edu/Departments/Department_of_Language_and_Linguistics/Documents", "doc_count": 38}, {"href": "https://utar.academia.edu/Departments/Department_of_Languages_and_Linguistics/Documents", "doc_count": 5}, {"href": "https://utar.academia.edu/Departments/Department_of_Mathematical_and_Actuarial_Sciences/Documents", "doc_count": 4}, {"href": "https://utar.academia.edu/Departments/Department_of_Mechanical_Engineering/Documents", "doc_count": 8}, {"href": "https://utar.academia.edu/Departments/Department_of_Mechanical_and_Material_Engineering/Documents", "doc_count": 8}, {"href": "https://utar.academia.edu/Departments/Department_of_Mechatronics_and_Biomedical_Engineering/Documents", "doc_count": 25}, {"href": "https://utar.academia.edu/Departments/Department_of_Physical_and_Mathematical_Science/Documents", "doc_count": 20}, {"href": "https://utar.academia.edu/Departments/Department_of_Psychology_and_Counseling/Documents", "doc_count": 90}, {"href": "https://utar.academia.edu/Departments/Department_of_Public_Relation/Documents", "doc_count": 12}, {"href": "https://utar.academia.edu/Departments/Department_of_Pyschology_and_Counselling/Documents", "doc_count": 4}, {"href": "https://utar.academia.edu/Departments/Department_of_Surveying/Documents", "doc_count": 7}, {"href": "https://utar.academia.edu/Departments/Department_of_health_and_population_medicine/Documents", "doc_count": 9}, {"href": "https://utar.academia.edu/Departments/Department_of_mechanical_and_materials_engineering/Documents", "doc_count": 16}, {"href": "https://utar.academia.edu/Departments/Department_of_petrochemical_engineering/Documents", "doc_count": 2}, {"href": "https://utar.academia.edu/Departments/Departmernt_of_Modern_Lnagugaes/Documents", "doc_count": 4}, {"href": "https://utar.academia.edu/Departments/E_E_Engineering/Documents", "doc_count": 51}, {"href": "https://utar.academia.edu/Departments/Early_Childhood_Studies/Documents", "doc_count": 1}, {"href": "https://utar.academia.edu/Departments/Economics/Documents", "doc_count": 106}, {"href": "https://utar.academia.edu/Departments/Electrical_and_Electronic_Engineering/Documents", "doc_count": 105}, {"href": "https://utar.academia.edu/Departments/Electronic_Engineering/Documents", "doc_count": 76}, {"href": "https://utar.academia.edu/Departments/Entrepreneurship/Documents", "doc_count": 37}, {"href": "https://utar.academia.edu/Departments/Environmental_Engineering/Documents", "doc_count": 11}, {"href": "https://utar.academia.edu/Departments/FAS/Documents", "doc_count": 4}, {"href": "https://utar.academia.edu/Departments/FAS_PY/Documents", "doc_count": 1}, {"href": "https://utar.academia.edu/Departments/FBF/Documents", "doc_count": 32}, {"href": "https://utar.academia.edu/Departments/FEGT/Documents", "doc_count": 10}, {"href": "https://utar.academia.edu/Departments/FES/Documents", "doc_count": 10}, {"href": "https://utar.academia.edu/Departments/FICT/Documents", "doc_count": 3}, {"href": "https://utar.academia.edu/Departments/Facultu_of_Banking_and_Finance/Documents", "doc_count": 2}, {"href": "https://utar.academia.edu/Departments/Faculty_Business_and_Finance/Documents", "doc_count": 351}, {"href": "https://utar.academia.edu/Departments/Faculty_of_Accountancy_and_Management/Documents", "doc_count": 92}, {"href": "https://utar.academia.edu/Departments/Faculty_of_Accounting_and_Management/Documents", "doc_count": 1}, {"href": "https://utar.academia.edu/Departments/Faculty_of_Art_and_scoail_science/Documents", "doc_count": 8}, {"href": "https://utar.academia.edu/Departments/Faculty_of_Arts_and_Social_Science/Documents", "doc_count": 188}, {"href": "https://utar.academia.edu/Departments/Faculty_of_Arts_and_Social_Sciences/Documents", "doc_count": 24}, {"href": "https://utar.academia.edu/Departments/Faculty_of_Business_FOB_/Documents", "doc_count": 1}, {"href": "https://utar.academia.edu/Departments/Faculty_of_Business_and_Finanace/Documents", "doc_count": 9}, {"href": "https://utar.academia.edu/Departments/Faculty_of_Creative_Industries/Documents", "doc_count": 52}, {"href": "https://utar.academia.edu/Departments/Faculty_of_Engineering_And_Green_Technology/Documents", "doc_count": 6}, {"href": "https://utar.academia.edu/Departments/Faculty_of_Engineering_and_Science/Documents", "doc_count": 155}, {"href": "https://utar.academia.edu/Departments/Faculty_of_Engineering_and_Scinece/Documents", "doc_count": 2}, {"href": "https://utar.academia.edu/Departments/Faculty_of_Information_and_Communication_Technology/Documents", "doc_count": 115}, {"href": "https://utar.academia.edu/Departments/Faculty_of_Medical_and_Health_Sciences/Documents", "doc_count": 22}, {"href": "https://utar.academia.edu/Departments/Faculty_of_Medicine_Health_Sciences/Documents", "doc_count": 4}, {"href": "https://utar.academia.edu/Departments/Faculty_of_Medicine_and_Health_Sciences/Documents", "doc_count": 46}, {"href": "https://utar.academia.edu/Departments/Faculty_of_Medicine_and_Health_Sciences_FMHS_/Documents", "doc_count": 24}, {"href": "https://utar.academia.edu/Departments/Faculty_of_Science/Documents", "doc_count": 62}, {"href": "https://utar.academia.edu/Departments/Faculty_of_Science_and_Engineering/Documents", "doc_count": 6}, {"href": "https://utar.academia.edu/Departments/Faculty_of_Social_Science_Psychology/Documents", "doc_count": 2}, {"href": "https://utar.academia.edu/Departments/Faculty_of_creative_industry/Documents", "doc_count": 4}, {"href": "https://utar.academia.edu/Departments/Fafafa/Documents", "doc_count": 1}, {"href": "https://utar.academia.edu/Departments/Fafb/Documents", "doc_count": 2}, {"href": "https://utar.academia.edu/Departments/Falculty_of_Business_and_Finance/Documents", "doc_count": 1}, {"href": "https://utar.academia.edu/Departments/Falculty_of_Engineering/Documents", "doc_count": 1}, {"href": "https://utar.academia.edu/Departments/Fam/Documents", "doc_count": 17}, {"href": "https://utar.academia.edu/Departments/Fas_Ed/Documents", "doc_count": 1}, {"href": "https://utar.academia.edu/Departments/Fcci/Documents", "doc_count": 1}, {"href": "https://utar.academia.edu/Departments/Fci/Documents", "doc_count": 1}, {"href": "https://utar.academia.edu/Departments/Finance/Documents", "doc_count": 4}, {"href": "https://utar.academia.edu/Departments/Financial_Economic/Documents", "doc_count": 1}, {"href": "https://utar.academia.edu/Departments/Focs/Documents", "doc_count": 1}, {"href": "https://utar.academia.edu/Departments/Foundation_in_Art/Documents", "doc_count": 5}, {"href": "https://utar.academia.edu/Departments/Foundation_in_Science/Documents", "doc_count": 1}, {"href": "https://utar.academia.edu/Departments/General_Studies/Documents", "doc_count": 67}, {"href": "https://utar.academia.edu/Departments/HOUSING_BUILDING_AND_PLANNING/Documents", "doc_count": 7}, {"href": "https://utar.academia.edu/Departments/IT_department/Documents", "doc_count": 1}, {"href": "https://utar.academia.edu/Departments/Insititute_of_Chinese_Studies/Documents", "doc_count": 33}, {"href": "https://utar.academia.edu/Departments/Institute_of_Postgraduate_Studies_Research/Documents", "doc_count": 1}, {"href": "https://utar.academia.edu/Departments/International_Business/Documents", "doc_count": 56}, {"href": "https://utar.academia.edu/Departments/Kampar_Campus/Documents", "doc_count": 1}, {"href": "https://utar.academia.edu/Departments/Laboratory_Management_and_Safety_Administration/Documents", "doc_count": 1}, {"href": "https://utar.academia.edu/Departments/Law/Documents", "doc_count": 2}, {"href": "https://utar.academia.edu/Departments/Lee_Kong_Chian_Faculty_of_Engineering_and_Science/Documents", "doc_count": 58}, {"href": "https://utar.academia.edu/Departments/Lkc_Fes/Documents", "doc_count": 14}, {"href": "https://utar.academia.edu/Departments/Lkcfes/Documents", "doc_count": 1}, {"href": "https://utar.academia.edu/Departments/Lksdes/Documents", "doc_count": 5}, {"href": "https://utar.academia.edu/Departments/Management/Documents", "doc_count": 12}, {"href": "https://utar.academia.edu/Departments/Marketing_Department/Documents", "doc_count": 5}, {"href": "https://utar.academia.edu/Departments/Mass_Communication/Documents", "doc_count": 50}, {"href": "https://utar.academia.edu/Departments/Mathematics_and_Actuarial_Science/Documents", "doc_count": 1}, {"href": "https://utar.academia.edu/Departments/Media/Documents", "doc_count": 25}, {"href": "https://utar.academia.edu/Departments/NOTHING/Documents", "doc_count": 1}, {"href": "https://utar.academia.edu/Departments/No_Deparment/Documents", "doc_count": 1}, {"href": "https://utar.academia.edu/Departments/Ophthalmology/Documents", "doc_count": 8}, {"href": "https://utar.academia.edu/Departments/Orthopaedics/Documents", "doc_count": 10}, {"href": "https://utar.academia.edu/Departments/PHYSIOTHERAPY/Documents", "doc_count": 8}, {"href": "https://utar.academia.edu/Departments/Pre_Clinical_Sciences/Documents", "doc_count": 10}, {"href": "https://utar.academia.edu/Departments/Preclinical_Sciences/Documents", "doc_count": 1}, {"href": "https://utar.academia.edu/Departments/Psychology/Documents", "doc_count": 1}, {"href": "https://utar.academia.edu/Departments/Psychology_Counseling/Documents", "doc_count": 2}, {"href": "https://utar.academia.edu/Departments/Public_Relations/Documents", "doc_count": 11}, {"href": "https://utar.academia.edu/Departments/Pychology/Documents", "doc_count": 4}, {"href": "https://utar.academia.edu/Departments/School_of_Arts_and_Science/Documents", "doc_count": 1}, {"href": "https://utar.academia.edu/Departments/School_of_Pre_U_studies/Documents", "doc_count": 7}, {"href": "https://utar.academia.edu/Departments/Student/Documents", "doc_count": 7}, {"href": "https://utar.academia.edu/Departments/Students/Documents", "doc_count": 2}, {"href": "https://utar.academia.edu/Departments/Trading/Documents", "doc_count": 1}, {"href": "https://utar.academia.edu/Departments/Tutoring/Documents", "doc_count": 1}, {"href": "https://utar.academia.edu/Departments/University_Tunku_Abdul_Rahman/Documents", "doc_count": 23}, {"href": "https://utar.academia.edu/Departments/Yeah/Documents", "doc_count": 1}]