[{"href": "https://ump.academia.edu/Departments/Accounting/Documents", "doc_count": 8}, {"href": "https://ump.academia.edu/Departments/Admin/Documents", "doc_count": 1}, {"href": "https://ump.academia.edu/Departments/Agriculture/Documents", "doc_count": 2}, {"href": "https://ump.academia.edu/Departments/Arquitectura_de_interiotres/Documents", "doc_count": 2}, {"href": "https://ump.academia.edu/Departments/Arquitectura_y_Dise%C3%B1o_de_Interiores/Documents", "doc_count": 1}, {"href": "https://ump.academia.edu/Departments/Audit/Documents", "doc_count": 1}, {"href": "https://ump.academia.edu/Departments/Automotive_Excellence_Center/Documents", "doc_count": 3}, {"href": "https://ump.academia.edu/Departments/Awam/Documents", "doc_count": 2}, {"href": "https://ump.academia.edu/Departments/Bachelor_degree_of_Industrial_Technology_Management_Hons_/Documents", "doc_count": 1}, {"href": "https://ump.academia.edu/Departments/Bendahari/Documents", "doc_count": 1}, {"href": "https://ump.academia.edu/Departments/Bio_Aromatic_Research_Center_of_Excellence/Documents", "doc_count": 11}, {"href": "https://ump.academia.edu/Departments/Biology/Documents", "doc_count": 6}, {"href": "https://ump.academia.edu/Departments/Biotechnology/Documents", "doc_count": 2}, {"href": "https://ump.academia.edu/Departments/Business_Management/Documents", "doc_count": 5}, {"href": "https://ump.academia.edu/Departments/CARIFF/Documents", "doc_count": 79}, {"href": "https://ump.academia.edu/Departments/CERRM/Documents", "doc_count": 4}, {"href": "https://ump.academia.edu/Departments/Center_of_Modern_Languages_Human_Sciences/Documents", "doc_count": 120}, {"href": "https://ump.academia.edu/Departments/Centre_for_Mathematical_Sciences/Documents", "doc_count": 194}, {"href": "https://ump.academia.edu/Departments/Centre_for_Moder_Languages_and_Human_Sciences/Documents", "doc_count": 4}, {"href": "https://ump.academia.edu/Departments/Centre_for_Modern_Languages/Documents", "doc_count": 40}, {"href": "https://ump.academia.edu/Departments/Centre_for_Modern_Languages_and_Human_Sciences/Documents", "doc_count": 162}, {"href": "https://ump.academia.edu/Departments/Centre_for_Sustainability_of_Ecosystems_Earth_Resources/Documents", "doc_count": 29}, {"href": "https://ump.academia.edu/Departments/Centre_of_Modern_Language/Documents", "doc_count": 1}, {"href": "https://ump.academia.edu/Departments/Chemical_Natural_Resources_Engineering/Documents", "doc_count": 57}, {"href": "https://ump.academia.edu/Departments/Chemical_Engineering/Documents", "doc_count": 16}, {"href": "https://ump.academia.edu/Departments/Chemical_Engineering_and_Natural_Resources/Documents", "doc_count": 161}, {"href": "https://ump.academia.edu/Departments/Chemical_and_Natural_resources_enginnering/Documents", "doc_count": 53}, {"href": "https://ump.academia.edu/Departments/Civil/Documents", "doc_count": 6}, {"href": "https://ump.academia.edu/Departments/Civil_ENGINEERING/Documents", "doc_count": 17}, {"href": "https://ump.academia.edu/Departments/CoE_for_Data_Science_Artificial_Intelligence/Documents", "doc_count": 31}, {"href": "https://ump.academia.edu/Departments/Computer_Science/Documents", "doc_count": 85}, {"href": "https://ump.academia.edu/Departments/Computer_System_and_Software_Engineering_FSKKP/Documents", "doc_count": 3}, {"href": "https://ump.academia.edu/Departments/Computer_Systems_Networking_Faculty_of_Computer_Systems_Software_Engineering/Documents", "doc_count": 1}, {"href": "https://ump.academia.edu/Departments/Copmputer_Science/Documents", "doc_count": 1}, {"href": "https://ump.academia.edu/Departments/Department_of_human_Sciences/Documents", "doc_count": 16}, {"href": "https://ump.academia.edu/Departments/EKONOMI/Documents", "doc_count": 1}, {"href": "https://ump.academia.edu/Departments/Ecole_Nationale_de_Commerce_et_de_Gestion/Documents", "doc_count": 1}, {"href": "https://ump.academia.edu/Departments/Economic/Documents", "doc_count": 1}, {"href": "https://ump.academia.edu/Departments/Education/Documents", "doc_count": 1}, {"href": "https://ump.academia.edu/Departments/Electical_Power_Engineering/Documents", "doc_count": 2}, {"href": "https://ump.academia.edu/Departments/Electrical_Electronics_Engineering/Documents", "doc_count": 52}, {"href": "https://ump.academia.edu/Departments/Engineering/Documents", "doc_count": 2}, {"href": "https://ump.academia.edu/Departments/Engineering_Optimisation_Research_Group/Documents", "doc_count": 217}, {"href": "https://ump.academia.edu/Departments/Engineering_Technology/Documents", "doc_count": 121}, {"href": "https://ump.academia.edu/Departments/English_Department/Documents", "doc_count": 8}, {"href": "https://ump.academia.edu/Departments/English_Education/Documents", "doc_count": 16}, {"href": "https://ump.academia.edu/Departments/FACULTY_OF_CHEMICAL_AND_NATURAL_RESORUCES_ENGINEERING/Documents", "doc_count": 52}, {"href": "https://ump.academia.edu/Departments/FACULTY_OF_COMPUTER_SYSTEM_AND_SOFTWARE_ENGINEERING/Documents", "doc_count": 5}, {"href": "https://ump.academia.edu/Departments/FKEE/Documents", "doc_count": 9}, {"href": "https://ump.academia.edu/Departments/FKIP/Documents", "doc_count": 3}, {"href": "https://ump.academia.edu/Departments/FKM/Documents", "doc_count": 13}, {"href": "https://ump.academia.edu/Departments/FKMP/Documents", "doc_count": 5}, {"href": "https://ump.academia.edu/Departments/Faculty_Electrical_electronics/Documents", "doc_count": 4}, {"href": "https://ump.academia.edu/Departments/Faculty_Makenikal/Documents", "doc_count": 1}, {"href": "https://ump.academia.edu/Departments/Faculty_of_Chemical_Enginerring_Natural_Resources/Documents", "doc_count": 3}, {"href": "https://ump.academia.edu/Departments/Faculty_of_Chemical_and_Natural_Resources_Engineering/Documents", "doc_count": 462}, {"href": "https://ump.academia.edu/Departments/Faculty_of_Chemical_and_Process_Engineering_Technology/Documents", "doc_count": 23}, {"href": "https://ump.academia.edu/Departments/Faculty_of_Civil_Engineering_Earth_Resources/Documents", "doc_count": 20}, {"href": "https://ump.academia.edu/Departments/Faculty_of_Civil_Engineering_Technology/Documents", "doc_count": 89}, {"href": "https://ump.academia.edu/Departments/Faculty_of_Civil_Engineering_and_Earth_Resources/Documents", "doc_count": 137}, {"href": "https://ump.academia.edu/Departments/Faculty_of_Civil_Engineering_and_Environmental/Documents", "doc_count": 47}, {"href": "https://ump.academia.edu/Departments/Faculty_of_Computer_Science_and_Software_Engieering/Documents", "doc_count": 12}, {"href": "https://ump.academia.edu/Departments/Faculty_of_Computer_Science_and_Software_Engiengineering/Documents", "doc_count": 23}, {"href": "https://ump.academia.edu/Departments/Faculty_of_Computer_Science_and_Software_Engineering/Documents", "doc_count": 5}, {"href": "https://ump.academia.edu/Departments/Faculty_of_Computer_System_and_Software_Engiengineering/Documents", "doc_count": 7}, {"href": "https://ump.academia.edu/Departments/Faculty_of_Computer_Systems_Software_Engineering/Documents", "doc_count": 475}, {"href": "https://ump.academia.edu/Departments/Faculty_of_Computer_Systems_Sofware_Engineering/Documents", "doc_count": 26}, {"href": "https://ump.academia.edu/Departments/Faculty_of_Computer_Systems_and_Software_Engineering/Documents", "doc_count": 64}, {"href": "https://ump.academia.edu/Departments/Faculty_of_Computing/Documents", "doc_count": 62}, {"href": "https://ump.academia.edu/Departments/Faculty_of_Electrical_Electronics_Engineering/Documents", "doc_count": 5}, {"href": "https://ump.academia.edu/Departments/Faculty_of_Electrical_and_Electronic_Engineering/Documents", "doc_count": 34}, {"href": "https://ump.academia.edu/Departments/Faculty_of_Electrical_and_Electronics_Engineering/Documents", "doc_count": 1187}, {"href": "https://ump.academia.edu/Departments/Faculty_of_Electrical_and_Electronics_Engineering_Technology/Documents", "doc_count": 2}, {"href": "https://ump.academia.edu/Departments/Faculty_of_Electrical_and_Electronics_Engineering_/Documents", "doc_count": 56}, {"href": "https://ump.academia.edu/Departments/Faculty_of_Industrial_Chemistry_and_Technology/Documents", "doc_count": 1}, {"href": "https://ump.academia.edu/Departments/Faculty_of_Industrial_Management/Documents", "doc_count": 68}, {"href": "https://ump.academia.edu/Departments/Faculty_of_Industrial_Management_FIM_/Documents", "doc_count": 136}, {"href": "https://ump.academia.edu/Departments/Faculty_of_Industrial_Sciences_Technology/Documents", "doc_count": 1}, {"href": "https://ump.academia.edu/Departments/Faculty_of_Industrial_Sciences_Technology_FIST_/Documents", "doc_count": 588}, {"href": "https://ump.academia.edu/Departments/Faculty_of_Industrial_Sciences_and_Technology/Documents", "doc_count": 31}, {"href": "https://ump.academia.edu/Departments/Faculty_of_Manufacturing/Documents", "doc_count": 1}, {"href": "https://ump.academia.edu/Departments/Faculty_of_Manufacturing_Engineering/Documents", "doc_count": 171}, {"href": "https://ump.academia.edu/Departments/Faculty_of_Manufacturing_Engineering_Pharmaceutical_/Documents", "doc_count": 1}, {"href": "https://ump.academia.edu/Departments/Faculty_of_Manufacturing_and_Mechatronic_Engineering_Technology/Documents", "doc_count": 36}, {"href": "https://ump.academia.edu/Departments/Faculty_of_Mechanical_Engineering/Documents", "doc_count": 488}, {"href": "https://ump.academia.edu/Departments/Faculty_of_Mechanical_and_Automotive_Engineering_Technology/Documents", "doc_count": 13}, {"href": "https://ump.academia.edu/Departments/Faculty_of_Technology/Documents", "doc_count": 116}, {"href": "https://ump.academia.edu/Departments/Faculty_of_Technology_Engineering/Documents", "doc_count": 1}, {"href": "https://ump.academia.edu/Departments/Faculty_of_Technology_Management/Documents", "doc_count": 55}, {"href": "https://ump.academia.edu/Departments/Faculty_of_industrial_science_and_technology/Documents", "doc_count": 2}, {"href": "https://ump.academia.edu/Departments/Faculty_technology_engineering_mechanical_and_automotive/Documents", "doc_count": 2}, {"href": "https://ump.academia.edu/Departments/Fakultas_Keguruan_dan_Ilmu_Pendidikan/Documents", "doc_count": 4}, {"href": "https://ump.academia.edu/Departments/Fakulti_Kejuruteraan_Awam/Documents", "doc_count": 1}, {"href": "https://ump.academia.edu/Departments/Fakulti_Kejuruteraan_Elektrik_Elektronik/Documents", "doc_count": 1}, {"href": "https://ump.academia.edu/Departments/Fakulti_Kejuruteraan_Kimia_dan_Sumber_Asli/Documents", "doc_count": 25}, {"href": "https://ump.academia.edu/Departments/Fakulti_Kejuruteraan_Mekanikal/Documents", "doc_count": 4}, {"href": "https://ump.academia.edu/Departments/Fakulti_Kejuruteraan_Mekatronik_dan_Pembuatan/Documents", "doc_count": 1}, {"href": "https://ump.academia.edu/Departments/Fakulti_Komputeran/Documents", "doc_count": 14}, {"href": "https://ump.academia.edu/Departments/Fakulti_Pengurusan_Industri/Documents", "doc_count": 29}, {"href": "https://ump.academia.edu/Departments/Fakulti_Sains_Industri_dan_Teknologi/Documents", "doc_count": 9}, {"href": "https://ump.academia.edu/Departments/Fakulti_Sains_Komputer_Kejuruteraan_Perisian/Documents", "doc_count": 1}, {"href": "https://ump.academia.edu/Departments/Fakulti_Sistem_Komputer_Kejuruteraan_Perisian/Documents", "doc_count": 2}, {"href": "https://ump.academia.edu/Departments/Fist/Documents", "doc_count": 12}, {"href": "https://ump.academia.edu/Departments/Fkksa/Documents", "doc_count": 83}, {"href": "https://ump.academia.edu/Departments/Fskkp/Documents", "doc_count": 14}, {"href": "https://ump.academia.edu/Departments/Ftech/Documents", "doc_count": 18}, {"href": "https://ump.academia.edu/Departments/Ftkee/Documents", "doc_count": 13}, {"href": "https://ump.academia.edu/Departments/Gas_Enginnering/Documents", "doc_count": 1}, {"href": "https://ump.academia.edu/Departments/Graphic_and_Multimedia_Department/Documents", "doc_count": 69}, {"href": "https://ump.academia.edu/Departments/Hukum_Ekonomi_Syariah/Documents", "doc_count": 2}, {"href": "https://ump.academia.edu/Departments/Human_Resource_Managment/Documents", "doc_count": 2}, {"href": "https://ump.academia.edu/Departments/Human_Science/Documents", "doc_count": 80}, {"href": "https://ump.academia.edu/Departments/Indonesian/Documents", "doc_count": 2}, {"href": "https://ump.academia.edu/Departments/Industrial/Documents", "doc_count": 5}, {"href": "https://ump.academia.edu/Departments/Informatika/Documents", "doc_count": 1}, {"href": "https://ump.academia.edu/Departments/Information_Technology/Documents", "doc_count": 2}, {"href": "https://ump.academia.edu/Departments/Jabatan_Penyelidikan_dan_Inovasi/Documents", "doc_count": 1}, {"href": "https://ump.academia.edu/Departments/Komputer/Documents", "doc_count": 1}, {"href": "https://ump.academia.edu/Departments/Library/Documents", "doc_count": 2}, {"href": "https://ump.academia.edu/Departments/MECHANICAL_ENGINEERING_WITH_AUTOMOTIVE_ENGINEERING/Documents", "doc_count": 51}, {"href": "https://ump.academia.edu/Departments/Makmal_Berpusat/Documents", "doc_count": 20}, {"href": "https://ump.academia.edu/Departments/Management/Documents", "doc_count": 1}, {"href": "https://ump.academia.edu/Departments/Material_Science/Documents", "doc_count": 1}, {"href": "https://ump.academia.edu/Departments/Math/Documents", "doc_count": 1}, {"href": "https://ump.academia.edu/Departments/Mathematic/Documents", "doc_count": 4}, {"href": "https://ump.academia.edu/Departments/Mechanical/Documents", "doc_count": 6}, {"href": "https://ump.academia.edu/Departments/Mechatronics_Engineering/Documents", "doc_count": 1}, {"href": "https://ump.academia.edu/Departments/Medical/Documents", "doc_count": 4}, {"href": "https://ump.academia.edu/Departments/Mekanikal/Documents", "doc_count": 5}, {"href": "https://ump.academia.edu/Departments/Muhammadiyah/Documents", "doc_count": 1}, {"href": "https://ump.academia.edu/Departments/Occupational_Safety_and_Health_Program/Documents", "doc_count": 3}, {"href": "https://ump.academia.edu/Departments/Operation_Project_Management/Documents", "doc_count": 1}, {"href": "https://ump.academia.edu/Departments/PBMSK/Documents", "doc_count": 6}, {"href": "https://ump.academia.edu/Departments/Pendidikan/Documents", "doc_count": 2}, {"href": "https://ump.academia.edu/Departments/Pharmacy/Documents", "doc_count": 1}, {"href": "https://ump.academia.edu/Departments/Project_Management/Documents", "doc_count": 4}, {"href": "https://ump.academia.edu/Departments/Psikologi/Documents", "doc_count": 2}, {"href": "https://ump.academia.edu/Departments/Public_Administration/Documents", "doc_count": 1}, {"href": "https://ump.academia.edu/Departments/Pusat_Bahasa_Moden_dan_Sains_Kemanusiaan/Documents", "doc_count": 24}, {"href": "https://ump.academia.edu/Departments/School_of_Computer_and_Software_Engineering/Documents", "doc_count": 6}, {"href": "https://ump.academia.edu/Departments/Secetery/Documents", "doc_count": 60}, {"href": "https://ump.academia.edu/Departments/Soft_Skills/Documents", "doc_count": 9}, {"href": "https://ump.academia.edu/Departments/Student/Documents", "doc_count": 6}, {"href": "https://ump.academia.edu/Departments/Sustainable_Energy_Power_Electronics_Research_Cluster_SuPER_/Documents", "doc_count": 62}, {"href": "https://ump.academia.edu/Departments/Teknik_Sipil/Documents", "doc_count": 3}, {"href": "https://ump.academia.edu/Departments/UMP_Holdings/Documents", "doc_count": 4}, {"href": "https://ump.academia.edu/Departments/Yoro/Documents", "doc_count": 1}]