[{"href": "https://uum.academia.edu/Departments/aOthman_Yeop_Abdullah_Graduate_School_of_Business_/Documents", "doc_count": 4}, {"href": "https://uum.academia.edu/Departments/APPLIED_LINGUISTICS/Documents", "doc_count": 75}, {"href": "https://uum.academia.edu/Departments/AWANG_HAD_SALLEH_GRADUATE_SCHOOL/Documents", "doc_count": 311}, {"href": "https://uum.academia.edu/Departments/Academic_Dean_s_undergrad_Office/Documents", "doc_count": 21}, {"href": "https://uum.academia.edu/Departments/Accounting/Documents", "doc_count": 341}, {"href": "https://uum.academia.edu/Departments/Accounting_Finance_and_Economics/Documents", "doc_count": 11}, {"href": "https://uum.academia.edu/Departments/Admin/Documents", "doc_count": 2}, {"href": "https://uum.academia.edu/Departments/Agriculture/Documents", "doc_count": 1}, {"href": "https://uum.academia.edu/Departments/Akademik/Documents", "doc_count": 2}, {"href": "https://uum.academia.edu/Departments/Alumni/Documents", "doc_count": 3}, {"href": "https://uum.academia.edu/Departments/Antrapologist/Documents", "doc_count": 3}, {"href": "https://uum.academia.edu/Departments/Asian_Halal_Institute_Schhol_of_Technology_Management_Logistics/Documents", "doc_count": 43}, {"href": "https://uum.academia.edu/Departments/Astronomy/Documents", "doc_count": 9}, {"href": "https://uum.academia.edu/Departments/Audit/Documents", "doc_count": 1}, {"href": "https://uum.academia.edu/Departments/Awang_Had_Graduate_Scholl/Documents", "doc_count": 5}, {"href": "https://uum.academia.edu/Departments/BBA_Logistic_and_Transportation_/Documents", "doc_count": 1}, {"href": "https://uum.academia.edu/Departments/BUSSINESS/Documents", "doc_count": 1}, {"href": "https://uum.academia.edu/Departments/Bachelor_Business_Administration/Documents", "doc_count": 52}, {"href": "https://uum.academia.edu/Departments/Bachelor_Tourism_Management/Documents", "doc_count": 1}, {"href": "https://uum.academia.edu/Departments/Bachelor_of_Accounting/Documents", "doc_count": 10}, {"href": "https://uum.academia.edu/Departments/Bachelor_of_Accounting_Information_System/Documents", "doc_count": 2}, {"href": "https://uum.academia.edu/Departments/Bachelor_of_Business_Communication/Documents", "doc_count": 7}, {"href": "https://uum.academia.edu/Departments/Bachelor_of_Business_Mathematics/Documents", "doc_count": 1}, {"href": "https://uum.academia.edu/Departments/Bachelor_of_Communication_Hons_/Documents", "doc_count": 1}, {"href": "https://uum.academia.edu/Departments/Bachelor_of_Development_Management/Documents", "doc_count": 3}, {"href": "https://uum.academia.edu/Departments/Bachelor_of_Economics/Documents", "doc_count": 3}, {"href": "https://uum.academia.edu/Departments/Bachelor_of_Education/Documents", "doc_count": 3}, {"href": "https://uum.academia.edu/Departments/Bachelor_of_Information_Technology/Documents", "doc_count": 16}, {"href": "https://uum.academia.edu/Departments/Bachelor_of_International_Affairs/Documents", "doc_count": 2}, {"href": "https://uum.academia.edu/Departments/Bachelor_of_International_Business_Management/Documents", "doc_count": 2}, {"href": "https://uum.academia.edu/Departments/Bachelor_of_Islamic_Finance_Banking/Documents", "doc_count": 5}, {"href": "https://uum.academia.edu/Departments/Bachelor_of_Management_of_Technology/Documents", "doc_count": 1}, {"href": "https://uum.academia.edu/Departments/Bachelor_of_public_management/Documents", "doc_count": 39}, {"href": "https://uum.academia.edu/Departments/Banking_and_Risk_Management_Departmnet/Documents", "doc_count": 11}, {"href": "https://uum.academia.edu/Departments/Bcom_hons_/Documents", "doc_count": 1}, {"href": "https://uum.academia.edu/Departments/Bisnes/Documents", "doc_count": 3}, {"href": "https://uum.academia.edu/Departments/Busine/Documents", "doc_count": 1}, {"href": "https://uum.academia.edu/Departments/Business_Administration/Documents", "doc_count": 5}, {"href": "https://uum.academia.edu/Departments/COB/Documents", "doc_count": 90}, {"href": "https://uum.academia.edu/Departments/COLGIES/Documents", "doc_count": 27}, {"href": "https://uum.academia.edu/Departments/COLGIS/Documents", "doc_count": 93}, {"href": "https://uum.academia.edu/Departments/Cafe/Documents", "doc_count": 1}, {"href": "https://uum.academia.edu/Departments/Cas/Documents", "doc_count": 109}, {"href": "https://uum.academia.edu/Departments/Centre_for_General_Studies_Collage_of_Arts_and_Sciences/Documents", "doc_count": 1}, {"href": "https://uum.academia.edu/Departments/Centre_of_General_Studies/Documents", "doc_count": 36}, {"href": "https://uum.academia.edu/Departments/Changloon/Documents", "doc_count": 1}, {"href": "https://uum.academia.edu/Departments/Chile/Documents", "doc_count": 1}, {"href": "https://uum.academia.edu/Departments/Cina/Documents", "doc_count": 1}, {"href": "https://uum.academia.edu/Departments/Civil/Documents", "doc_count": 3}, {"href": "https://uum.academia.edu/Departments/Colege_of_Business/Documents", "doc_count": 125}, {"href": "https://uum.academia.edu/Departments/Colgis_Law/Documents", "doc_count": 40}, {"href": "https://uum.academia.edu/Departments/Collage_Arts_and_Sciences/Documents", "doc_count": 23}, {"href": "https://uum.academia.edu/Departments/Collage_of_Art_and_Science/Documents", "doc_count": 58}, {"href": "https://uum.academia.edu/Departments/Collage_of_Art_and_Sciences/Documents", "doc_count": 7}, {"href": "https://uum.academia.edu/Departments/Collage_of_Business/Documents", "doc_count": 17}, {"href": "https://uum.academia.edu/Departments/College_of_Art_and_Science/Documents", "doc_count": 90}, {"href": "https://uum.academia.edu/Departments/College_of_Art_and_Sciences/Documents", "doc_count": 134}, {"href": "https://uum.academia.edu/Departments/College_of_Arts_and_Science/Documents", "doc_count": 5}, {"href": "https://uum.academia.edu/Departments/College_of_Arts_and_Science_School_of_Computing_/Documents", "doc_count": 67}, {"href": "https://uum.academia.edu/Departments/College_of_Arts_and_Sciences/Documents", "doc_count": 735}, {"href": "https://uum.academia.edu/Departments/College_of_Business/Documents", "doc_count": 563}, {"href": "https://uum.academia.edu/Departments/College_of_Business_School_of_Technology_Management_and_Logistics/Documents", "doc_count": 92}, {"href": "https://uum.academia.edu/Departments/College_of_Government_Internationals_and_Law_School/Documents", "doc_count": 9}, {"href": "https://uum.academia.edu/Departments/College_of_International_Law_Government_International_Studies/Documents", "doc_count": 2}, {"href": "https://uum.academia.edu/Departments/College_of_Law_Government_International_Studies/Documents", "doc_count": 124}, {"href": "https://uum.academia.edu/Departments/College_of_Law_Government_and_International_Studies/Documents", "doc_count": 334}, {"href": "https://uum.academia.edu/Departments/College_of_business_COB_/Documents", "doc_count": 326}, {"href": "https://uum.academia.edu/Departments/Collrge_of_Business/Documents", "doc_count": 1}, {"href": "https://uum.academia.edu/Departments/Comercial/Documents", "doc_count": 1}, {"href": "https://uum.academia.edu/Departments/Communication/Documents", "doc_count": 23}, {"href": "https://uum.academia.edu/Departments/Communication_Program/Documents", "doc_count": 29}, {"href": "https://uum.academia.edu/Departments/Computer_Sciences/Documents", "doc_count": 45}, {"href": "https://uum.academia.edu/Departments/Computer_Systems_amp_Networking_Faculty_of_Computer_Systems_amp_Software_Engineering/Documents", "doc_count": 1}, {"href": "https://uum.academia.edu/Departments/Computing_and_Information_Technology/Documents", "doc_count": 2}, {"href": "https://uum.academia.edu/Departments/Control/Documents", "doc_count": 6}, {"href": "https://uum.academia.edu/Departments/Costos/Documents", "doc_count": 1}, {"href": "https://uum.academia.edu/Departments/Curriculum_and_Instruction/Documents", "doc_count": 67}, {"href": "https://uum.academia.edu/Departments/Customer_Service/Documents", "doc_count": 1}, {"href": "https://uum.academia.edu/Departments/DEPARTMENT_OF_COMPUTER_SCIENCE/Documents", "doc_count": 98}, {"href": "https://uum.academia.edu/Departments/DPP_TM/Documents", "doc_count": 1}, {"href": "https://uum.academia.edu/Departments/Data_Science_Research_Lab_School_of_Computing/Documents", "doc_count": 50}, {"href": "https://uum.academia.edu/Departments/Decision_Science_School_of_Quantitative_Sciences/Documents", "doc_count": 270}, {"href": "https://uum.academia.edu/Departments/Department_Information_Technology_IT_/Documents", "doc_count": 7}, {"href": "https://uum.academia.edu/Departments/Department_of_Economics/Documents", "doc_count": 305}, {"href": "https://uum.academia.edu/Departments/Department_of_Entrepreneurship/Documents", "doc_count": 58}, {"href": "https://uum.academia.edu/Departments/Department_of_Planning_Property_Development/Documents", "doc_count": 29}, {"href": "https://uum.academia.edu/Departments/Department_of_Planning_and_Property_Development/Documents", "doc_count": 66}, {"href": "https://uum.academia.edu/Departments/Department_of_Social_Sciences/Documents", "doc_count": 1}, {"href": "https://uum.academia.edu/Departments/Don_t_know/Documents", "doc_count": 11}, {"href": "https://uum.academia.edu/Departments/EDUCATIONAL_MANAGEMENT/Documents", "doc_count": 17}, {"href": "https://uum.academia.edu/Departments/EDUCATIONAL_STUDIES_DIVISION/Documents", "doc_count": 21}, {"href": "https://uum.academia.edu/Departments/Economics_and_Agribusiness/Documents", "doc_count": 13}, {"href": "https://uum.academia.edu/Departments/Economy/Documents", "doc_count": 1}, {"href": "https://uum.academia.edu/Departments/Education/Documents", "doc_count": 294}, {"href": "https://uum.academia.edu/Departments/Education_and_Modern_Langguages/Documents", "doc_count": 52}, {"href": "https://uum.academia.edu/Departments/Educational_Studies/Documents", "doc_count": 6}, {"href": "https://uum.academia.edu/Departments/Electrical/Documents", "doc_count": 1}, {"href": "https://uum.academia.edu/Departments/Engeeniering/Documents", "doc_count": 1}, {"href": "https://uum.academia.edu/Departments/Engineering_Mechatronic/Documents", "doc_count": 1}, {"href": "https://uum.academia.edu/Departments/English/Documents", "doc_count": 1}, {"href": "https://uum.academia.edu/Departments/English_Language/Documents", "doc_count": 7}, {"href": "https://uum.academia.edu/Departments/Espa%C3%B1ol/Documents", "doc_count": 1}, {"href": "https://uum.academia.edu/Departments/Executive_Development_Centre/Documents", "doc_count": 1}, {"href": "https://uum.academia.edu/Departments/FAKULTI_PENGURUSAN/Documents", "doc_count": 1}, {"href": "https://uum.academia.edu/Departments/FEGT/Documents", "doc_count": 1}, {"href": "https://uum.academia.edu/Departments/Faculty_of_Technology_Management/Documents", "doc_count": 14}, {"href": "https://uum.academia.edu/Departments/Faculty_of_Tourism_Hospitality_and_Environmental_Management/Documents", "doc_count": 1}, {"href": "https://uum.academia.edu/Departments/Fakulti_Komunikasi_dan_Bahasa_Moden/Documents", "doc_count": 5}, {"href": "https://uum.academia.edu/Departments/Fakulti_Pendidikan/Documents", "doc_count": 12}, {"href": "https://uum.academia.edu/Departments/Fakulti_Sains_Kuantitatif/Documents", "doc_count": 3}, {"href": "https://uum.academia.edu/Departments/Fakulti_pembangunan_sosial_dan_manusia/Documents", "doc_count": 1}, {"href": "https://uum.academia.edu/Departments/Ficm/Documents", "doc_count": 3}, {"href": "https://uum.academia.edu/Departments/Finance/Documents", "doc_count": 13}, {"href": "https://uum.academia.edu/Departments/Foreign_Affairs_Dept_/Documents", "doc_count": 4}, {"href": "https://uum.academia.edu/Departments/Ghazali_Shafie_Graduate_School_of_Government/Documents", "doc_count": 26}, {"href": "https://uum.academia.edu/Departments/Ghazali_Shafie_Graduate_School_of_Government_GSGSG_/Documents", "doc_count": 22}, {"href": "https://uum.academia.edu/Departments/Graduate_School_of_Business/Documents", "doc_count": 35}, {"href": "https://uum.academia.edu/Departments/HUMAN_RESOURCE/Documents", "doc_count": 17}, {"href": "https://uum.academia.edu/Departments/Hospitality_and_Tourism/Documents", "doc_count": 10}, {"href": "https://uum.academia.edu/Departments/Hospitality_Tourism_and_Environment_School/Documents", "doc_count": 5}, {"href": "https://uum.academia.edu/Departments/Human_Resources_Management/Documents", "doc_count": 27}, {"href": "https://uum.academia.edu/Departments/Human_Centered_Computing_Research_Lab/Documents", "doc_count": 45}, {"href": "https://uum.academia.edu/Departments/Humen_Resource/Documents", "doc_count": 1}, {"href": "https://uum.academia.edu/Departments/INTAFF/Documents", "doc_count": 4}, {"href": "https://uum.academia.edu/Departments/Industrial/Documents", "doc_count": 3}, {"href": "https://uum.academia.edu/Departments/Information_Technology/Documents", "doc_count": 89}, {"href": "https://uum.academia.edu/Departments/Ingenieros/Documents", "doc_count": 1}, {"href": "https://uum.academia.edu/Departments/Innovation_Center/Documents", "doc_count": 1}, {"href": "https://uum.academia.edu/Departments/International_Business/Documents", "doc_count": 59}, {"href": "https://uum.academia.edu/Departments/International_Business_Management/Documents", "doc_count": 19}, {"href": "https://uum.academia.edu/Departments/International_Relations/Documents", "doc_count": 53}, {"href": "https://uum.academia.edu/Departments/Islamic_Business/Documents", "doc_count": 9}, {"href": "https://uum.academia.edu/Departments/Islamic_Business_School_IBS_/Documents", "doc_count": 126}, {"href": "https://uum.academia.edu/Departments/Islamic_Business_School_COB/Documents", "doc_count": 10}, {"href": "https://uum.academia.edu/Departments/Jabatan_Hal_Ehwal_Pelajar/Documents", "doc_count": 1}, {"href": "https://uum.academia.edu/Departments/Jabatan_Psikologi_Dan_Kaunseling/Documents", "doc_count": 8}, {"href": "https://uum.academia.edu/Departments/Kolej_Perniagaan/Documents", "doc_count": 6}, {"href": "https://uum.academia.edu/Departments/Kolej_Sastera_Dan_Sains/Documents", "doc_count": 1}, {"href": "https://uum.academia.edu/Departments/Language_Studies/Documents", "doc_count": 76}, {"href": "https://uum.academia.edu/Departments/Law/Documents", "doc_count": 36}, {"href": "https://uum.academia.edu/Departments/Leyes/Documents", "doc_count": 1}, {"href": "https://uum.academia.edu/Departments/Logistic_Transportation/Documents", "doc_count": 4}, {"href": "https://uum.academia.edu/Departments/Logistics/Documents", "doc_count": 1}, {"href": "https://uum.academia.edu/Departments/MAHKAMAH/Documents", "doc_count": 1}, {"href": "https://uum.academia.edu/Departments/MSC_IT/Documents", "doc_count": 1}, {"href": "https://uum.academia.edu/Departments/MSc_Management_/Documents", "doc_count": 3}, {"href": "https://uum.academia.edu/Departments/MULTIMODE_OPTICAL_FIBER/Documents", "doc_count": 1}, {"href": "https://uum.academia.edu/Departments/Management/Documents", "doc_count": 9}, {"href": "https://uum.academia.edu/Departments/Marketing/Documents", "doc_count": 23}, {"href": "https://uum.academia.edu/Departments/Master/Documents", "doc_count": 1}, {"href": "https://uum.academia.edu/Departments/Master_Islamic_Finance_and_Banking/Documents", "doc_count": 2}, {"href": "https://uum.academia.edu/Departments/Master_Science_of_Councelling/Documents", "doc_count": 2}, {"href": "https://uum.academia.edu/Departments/Master_of_Business_Admin/Documents", "doc_count": 1}, {"href": "https://uum.academia.edu/Departments/Master_of_Science_Management_/Documents", "doc_count": 14}, {"href": "https://uum.academia.edu/Departments/Matematicas/Documents", "doc_count": 1}, {"href": "https://uum.academia.edu/Departments/Mathematics/Documents", "doc_count": 8}, {"href": "https://uum.academia.edu/Departments/Mathematics_and_Statistics/Documents", "doc_count": 62}, {"href": "https://uum.academia.edu/Departments/Mecanica/Documents", "doc_count": 1}, {"href": "https://uum.academia.edu/Departments/Media_Technology/Documents", "doc_count": 1}, {"href": "https://uum.academia.edu/Departments/Muamalat_Administration/Documents", "doc_count": 10}, {"href": "https://uum.academia.edu/Departments/Multimedia/Documents", "doc_count": 4}, {"href": "https://uum.academia.edu/Departments/Multimedia_technology/Documents", "doc_count": 4}, {"href": "https://uum.academia.edu/Departments/No_6_Jalan_Suria_83_Bandar_Seri_Alam_Masai_Johor_Bahru_Johor/Documents", "doc_count": 6}, {"href": "https://uum.academia.edu/Departments/OYA_COB/Documents", "doc_count": 2}, {"href": "https://uum.academia.edu/Departments/OYA_Grad_SChool_of_Business/Documents", "doc_count": 95}, {"href": "https://uum.academia.edu/Departments/OYA_Graduate_School/Documents", "doc_count": 68}, {"href": "https://uum.academia.edu/Departments/OYA_Graduate_School_of_Business/Documents", "doc_count": 60}, {"href": "https://uum.academia.edu/Departments/OYA_COB1/Documents", "doc_count": 10}, {"href": "https://uum.academia.edu/Departments/Operations_Management/Documents", "doc_count": 1}, {"href": "https://uum.academia.edu/Departments/Optics_Lab/Documents", "doc_count": 108}, {"href": "https://uum.academia.edu/Departments/Othman_Yeob_Abdullah_Graduate_School_of_Business/Documents", "doc_count": 113}, {"href": "https://uum.academia.edu/Departments/Othman_Yeop_Abdullah_Graduate_Business_School/Documents", "doc_count": 877}, {"href": "https://uum.academia.edu/Departments/Othman_Yeop_Abdullah_graduate_School/Documents", "doc_count": 1}, {"href": "https://uum.academia.edu/Departments/Oya_Gsb/Documents", "doc_count": 1}, {"href": "https://uum.academia.edu/Departments/Oyagsb/Documents", "doc_count": 7}, {"href": "https://uum.academia.edu/Departments/Oyhman_Yeop_Abdullah_Graduate_School_of_Business/Documents", "doc_count": 3}, {"href": "https://uum.academia.edu/Departments/PENGURUSAN_DAN_PENDIDIKAN/Documents", "doc_count": 1}, {"href": "https://uum.academia.edu/Departments/PUBLIC_MANAGMENT/Documents", "doc_count": 1}, {"href": "https://uum.academia.edu/Departments/Pace/Documents", "doc_count": 1}, {"href": "https://uum.academia.edu/Departments/Pace_Uum_Kota_Kinabalu_/Documents", "doc_count": 1}, {"href": "https://uum.academia.edu/Departments/Pace_Uum_Bba/Documents", "doc_count": 1}, {"href": "https://uum.academia.edu/Departments/Pemasaran/Documents", "doc_count": 1}, {"href": "https://uum.academia.edu/Departments/Pengajian_Pendidikan_dan_Bahasa_Moden/Documents", "doc_count": 23}, {"href": "https://uum.academia.edu/Departments/Pengurusan_Awam/Documents", "doc_count": 16}, {"href": "https://uum.academia.edu/Departments/Pentadbiran_Awam/Documents", "doc_count": 1}, {"href": "https://uum.academia.edu/Departments/Pentadbiran_Perniagaan/Documents", "doc_count": 2}, {"href": "https://uum.academia.edu/Departments/Perpustakaan_Sultanah_Bahiyah/Documents", "doc_count": 2}, {"href": "https://uum.academia.edu/Departments/Phisical/Documents", "doc_count": 3}, {"href": "https://uum.academia.edu/Departments/Political_Science/Documents", "doc_count": 27}, {"href": "https://uum.academia.edu/Departments/Post_Graduate/Documents", "doc_count": 2}, {"href": "https://uum.academia.edu/Departments/Psychology_and_Counseling/Documents", "doc_count": 5}, {"href": "https://uum.academia.edu/Departments/Public_Management/Documents", "doc_count": 31}, {"href": "https://uum.academia.edu/Departments/Puhu/Documents", "doc_count": 1}, {"href": "https://uum.academia.edu/Departments/Pusat_Asasi_Pengurusan/Documents", "doc_count": 3}, {"href": "https://uum.academia.edu/Departments/Pusat_Pengajian_Bahasa_Tamadun_dan_Falsafah/Documents", "doc_count": 1}, {"href": "https://uum.academia.edu/Departments/Pusat_Pengajian_Komunikasi/Documents", "doc_count": 1}, {"href": "https://uum.academia.edu/Departments/Pusat_Pengajian_Pengurusan_Teknologi_dan_Logistik/Documents", "doc_count": 1}, {"href": "https://uum.academia.edu/Departments/Pusat_Pengajian_Umum/Documents", "doc_count": 1}, {"href": "https://uum.academia.edu/Departments/Pusat_Pengajian_Umum_Kolej_Sastera_Dan_Sains/Documents", "doc_count": 40}, {"href": "https://uum.academia.edu/Departments/Quantitative_Science/Documents", "doc_count": 88}, {"href": "https://uum.academia.edu/Departments/Quantitative_Sciences/Documents", "doc_count": 180}, {"href": "https://uum.academia.edu/Departments/RIMC/Documents", "doc_count": 1}, {"href": "https://uum.academia.edu/Departments/Risk_Management/Documents", "doc_count": 6}, {"href": "https://uum.academia.edu/Departments/SEFB/Documents", "doc_count": 38}, {"href": "https://uum.academia.edu/Departments/SLCP/Documents", "doc_count": 4}, {"href": "https://uum.academia.edu/Departments/SMMTC/Documents", "doc_count": 26}, {"href": "https://uum.academia.edu/Departments/STHEM/Documents", "doc_count": 1}, {"href": "https://uum.academia.edu/Departments/Sain_Um/Documents", "doc_count": 1}, {"href": "https://uum.academia.edu/Departments/Sains_Sosial/Documents", "doc_count": 4}, {"href": "https://uum.academia.edu/Departments/School_Of_Creative_Industry_Management_and_Performing_Arts/Documents", "doc_count": 8}, {"href": "https://uum.academia.edu/Departments/School_of_Accountancy/Documents", "doc_count": 278}, {"href": "https://uum.academia.edu/Departments/School_of_Accountancy_COB/Documents", "doc_count": 2}, {"href": "https://uum.academia.edu/Departments/School_of_Accountancy_College_of_Business/Documents", "doc_count": 10}, {"href": "https://uum.academia.edu/Departments/School_of_Accountancy_College_of_Businesss/Documents", "doc_count": 161}, {"href": "https://uum.academia.edu/Departments/School_of_Applied_Psychology_Social_Work_and_Policy/Documents", "doc_count": 53}, {"href": "https://uum.academia.edu/Departments/School_of_Business_Management/Documents", "doc_count": 299}, {"href": "https://uum.academia.edu/Departments/School_of_Business_management_HRM/Documents", "doc_count": 61}, {"href": "https://uum.academia.edu/Departments/School_of_Computing/Documents", "doc_count": 724}, {"href": "https://uum.academia.edu/Departments/School_of_Computing_Information_Technology/Documents", "doc_count": 1}, {"href": "https://uum.academia.edu/Departments/School_of_Creative_Industry_Management_Performing_Arts/Documents", "doc_count": 29}, {"href": "https://uum.academia.edu/Departments/School_of_Economics_Finance_Banking_COB/Documents", "doc_count": 773}, {"href": "https://uum.academia.edu/Departments/School_of_Education_Modern_Languages/Documents", "doc_count": 16}, {"href": "https://uum.academia.edu/Departments/School_of_Education_and_Modern_Languages/Documents", "doc_count": 289}, {"href": "https://uum.academia.edu/Departments/School_of_International_Studies/Documents", "doc_count": 115}, {"href": "https://uum.academia.edu/Departments/School_of_Language_Civilization_and_Philosophy/Documents", "doc_count": 17}, {"href": "https://uum.academia.edu/Departments/School_of_Languages_Civilisations_and_Philosophy/Documents", "doc_count": 588}, {"href": "https://uum.academia.edu/Departments/School_of_Law_Pusat_Pengajian_Undang_Undang/Documents", "doc_count": 273}, {"href": "https://uum.academia.edu/Departments/School_of_Logistics_and_Technology_Management/Documents", "doc_count": 1}, {"href": "https://uum.academia.edu/Departments/School_of_Multimedia_Technology_Communication/Documents", "doc_count": 167}, {"href": "https://uum.academia.edu/Departments/School_of_Multimedia_Technology_and_Communication/Documents", "doc_count": 75}, {"href": "https://uum.academia.edu/Departments/School_of_Quantitaive_Sciences/Documents", "doc_count": 70}, {"href": "https://uum.academia.edu/Departments/School_of_Social_Development/Documents", "doc_count": 8}, {"href": "https://uum.academia.edu/Departments/School_of_TEchnology_Management_and_Logistics_STML_College_of_business_COB_/Documents", "doc_count": 118}, {"href": "https://uum.academia.edu/Departments/School_of_Technology_Management_Logistics_STML_/Documents", "doc_count": 2}, {"href": "https://uum.academia.edu/Departments/School_of_Technology_Management_and_Logistic/Documents", "doc_count": 73}, {"href": "https://uum.academia.edu/Departments/School_of_Technology_Management_and_Logistics/Documents", "doc_count": 19}, {"href": "https://uum.academia.edu/Departments/School_of_Technology_Management_and_Logistics_College_of_Business_UUM/Documents", "doc_count": 366}, {"href": "https://uum.academia.edu/Departments/School_of_Tourism_Hospitality_Event_Management/Documents", "doc_count": 140}, {"href": "https://uum.academia.edu/Departments/School_of_Tourism_Hospitality_and_Environmental_Management/Documents", "doc_count": 85}, {"href": "https://uum.academia.edu/Departments/School_of_Tourism_Hospitality_and_Environmental_Studies/Documents", "doc_count": 6}, {"href": "https://uum.academia.edu/Departments/School_of_Tourism_Hospitality_and_Event_Management/Documents", "doc_count": 99}, {"href": "https://uum.academia.edu/Departments/School_of_economics_finance_and_banking/Documents", "doc_count": 138}, {"href": "https://uum.academia.edu/Departments/School_of_government/Documents", "doc_count": 54}, {"href": "https://uum.academia.edu/Departments/Science_of_Agribusiness_Management/Documents", "doc_count": 4}, {"href": "https://uum.academia.edu/Departments/Scool_of_Multimedia_Technology_and_Communication/Documents", "doc_count": 102}, {"href": "https://uum.academia.edu/Departments/Sekolah_Pengurusan/Documents", "doc_count": 2}, {"href": "https://uum.academia.edu/Departments/Sekolah_Teknologimaaklumat/Documents", "doc_count": 1}, {"href": "https://uum.academia.edu/Departments/Seml/Documents", "doc_count": 1}, {"href": "https://uum.academia.edu/Departments/Soc_Science/Documents", "doc_count": 2}, {"href": "https://uum.academia.edu/Departments/Social_Science/Documents", "doc_count": 3}, {"href": "https://uum.academia.edu/Departments/Social_Work/Documents", "doc_count": 50}, {"href": "https://uum.academia.edu/Departments/Social_Work_Program/Documents", "doc_count": 13}, {"href": "https://uum.academia.edu/Departments/Sois/Documents", "doc_count": 3}, {"href": "https://uum.academia.edu/Departments/Sport_Science_and_Recreation/Documents", "doc_count": 1}, {"href": "https://uum.academia.edu/Departments/Statistic/Documents", "doc_count": 44}, {"href": "https://uum.academia.edu/Departments/Strategic_studies/Documents", "doc_count": 11}, {"href": "https://uum.academia.edu/Departments/Student/Documents", "doc_count": 12}, {"href": "https://uum.academia.edu/Departments/Student_Affairs_Department/Documents", "doc_count": 1}, {"href": "https://uum.academia.edu/Departments/Student_affairs_deparment/Documents", "doc_count": 1}, {"href": "https://uum.academia.edu/Departments/Students/Documents", "doc_count": 1}, {"href": "https://uum.academia.edu/Departments/System/Documents", "doc_count": 1}, {"href": "https://uum.academia.edu/Departments/TISSA_UUM_Accounting/Documents", "doc_count": 71}, {"href": "https://uum.academia.edu/Departments/Technopreneur/Documents", "doc_count": 1}, {"href": "https://uum.academia.edu/Departments/Teknologi_Maklumat/Documents", "doc_count": 2}, {"href": "https://uum.academia.edu/Departments/Tissa/Documents", "doc_count": 17}, {"href": "https://uum.academia.edu/Departments/Tunku_Intan_Shafinaz_School_of_Accountancy/Documents", "doc_count": 14}, {"href": "https://uum.academia.edu/Departments/Tunku_Puteri_Intan_Safinaz_School_of_Accountancy_TISSA_UUM_/Documents", "doc_count": 232}, {"href": "https://uum.academia.edu/Departments/Tunku_Puteri_Intan_Safinaz_School_of_Accountancy_College_of_Business/Documents", "doc_count": 82}, {"href": "https://uum.academia.edu/Departments/UUM_CAS/Documents", "doc_count": 23}, {"href": "https://uum.academia.edu/Departments/UUM_COLGIS1/Documents", "doc_count": 80}, {"href": "https://uum.academia.edu/Departments/UUM_InterNetWorks_Research_Laboratory/Documents", "doc_count": 1}, {"href": "https://uum.academia.edu/Departments/UUM_International_School/Documents", "doc_count": 20}, {"href": "https://uum.academia.edu/Departments/UUM_COLGIS/Documents", "doc_count": 43}, {"href": "https://uum.academia.edu/Departments/Ubsb/Documents", "doc_count": 1}, {"href": "https://uum.academia.edu/Departments/Universiti_Utara_Malaysia_Kuala_lumpur/Documents", "doc_count": 6}, {"href": "https://uum.academia.edu/Departments/Universiti_Utara_Malaysia_Kedah/Documents", "doc_count": 1}, {"href": "https://uum.academia.edu/Departments/Upsi/Documents", "doc_count": 1}, {"href": "https://uum.academia.edu/Departments/Uum_Cob/Documents", "doc_count": 2}, {"href": "https://uum.academia.edu/Departments/Uumkl/Documents", "doc_count": 74}]