[{"href": "https://utp-my.academia.edu/Departments/AREQUIPA/Documents", "doc_count": 3}, {"href": "https://utp-my.academia.edu/Departments/Administracion/Documents", "doc_count": 2}, {"href": "https://utp-my.academia.edu/Departments/Bahasa/Documents", "doc_count": 2}, {"href": "https://utp-my.academia.edu/Departments/Biology/Documents", "doc_count": 1}, {"href": "https://utp-my.academia.edu/Departments/Business_Information_System/Documents", "doc_count": 10}, {"href": "https://utp-my.academia.edu/Departments/Business_Information_Systems/Documents", "doc_count": 2}, {"href": "https://utp-my.academia.edu/Departments/CIS/Documents", "doc_count": 171}, {"href": "https://utp-my.academia.edu/Departments/Centre_for_Intelligent_Signal_and_Imaging_Research_CISIR_/Documents", "doc_count": 5}, {"href": "https://utp-my.academia.edu/Departments/Centre_of_Excellence_in_Enhanced_Oil_Recovery/Documents", "doc_count": 46}, {"href": "https://utp-my.academia.edu/Departments/Centre_of_Innovative_Nanostructures_and_Nanodevices_COINN_/Documents", "doc_count": 29}, {"href": "https://utp-my.academia.edu/Departments/Centre_of_Research_in_Ionic_Liquids/Documents", "doc_count": 15}, {"href": "https://utp-my.academia.edu/Departments/Centre_of_Social_Innovation/Documents", "doc_count": 8}, {"href": "https://utp-my.academia.edu/Departments/Chem_Eng/Documents", "doc_count": 37}, {"href": "https://utp-my.academia.edu/Departments/Chemical/Documents", "doc_count": 7}, {"href": "https://utp-my.academia.edu/Departments/Chemical_Engineer/Documents", "doc_count": 77}, {"href": "https://utp-my.academia.edu/Departments/Chemical_Engineering/Documents", "doc_count": 1956}, {"href": "https://utp-my.academia.edu/Departments/Ciencias/Documents", "doc_count": 3}, {"href": "https://utp-my.academia.edu/Departments/Cisd/Documents", "doc_count": 3}, {"href": "https://utp-my.academia.edu/Departments/Civil/Documents", "doc_count": 3}, {"href": "https://utp-my.academia.edu/Departments/Civil_Engineerig/Documents", "doc_count": 56}, {"href": "https://utp-my.academia.edu/Departments/Civil_Engineering/Documents", "doc_count": 332}, {"href": "https://utp-my.academia.edu/Departments/Civil_Enginering/Documents", "doc_count": 7}, {"href": "https://utp-my.academia.edu/Departments/Civil_and_Environmental_Engineering/Documents", "doc_count": 525}, {"href": "https://utp-my.academia.edu/Departments/Computer/Documents", "doc_count": 1}, {"href": "https://utp-my.academia.edu/Departments/Computer_Information_Sciences_CIS_/Documents", "doc_count": 229}, {"href": "https://utp-my.academia.edu/Departments/Computer_Information_Science_CIS_/Documents", "doc_count": 14}, {"href": "https://utp-my.academia.edu/Departments/Computer_Science/Documents", "doc_count": 1}, {"href": "https://utp-my.academia.edu/Departments/Computer_and_Information_Science/Documents", "doc_count": 105}, {"href": "https://utp-my.academia.edu/Departments/Computer_and_Information_Sciences/Documents", "doc_count": 238}, {"href": "https://utp-my.academia.edu/Departments/Computer_and_Information_Sciences_Dept_/Documents", "doc_count": 55}, {"href": "https://utp-my.academia.edu/Departments/Department_of_Fundamental_and_Applied_Sciences/Documents", "doc_count": 465}, {"href": "https://utp-my.academia.edu/Departments/Department_of_Mgt_and_Humanities/Documents", "doc_count": 22}, {"href": "https://utp-my.academia.edu/Departments/Econmic/Documents", "doc_count": 1}, {"href": "https://utp-my.academia.edu/Departments/Electric_and_Electronics_Engineering/Documents", "doc_count": 19}, {"href": "https://utp-my.academia.edu/Departments/Electrical_Electronic_Engineering/Documents", "doc_count": 195}, {"href": "https://utp-my.academia.edu/Departments/Electrical_Electronics_Engineering/Documents", "doc_count": 63}, {"href": "https://utp-my.academia.edu/Departments/Electrical_Engineering/Documents", "doc_count": 1}, {"href": "https://utp-my.academia.edu/Departments/Electrical_Engineering_Computer_Scince/Documents", "doc_count": 1}, {"href": "https://utp-my.academia.edu/Departments/Electrical_and_Electronic/Documents", "doc_count": 39}, {"href": "https://utp-my.academia.edu/Departments/Electrical_and_Electronic_Engineering/Documents", "doc_count": 337}, {"href": "https://utp-my.academia.edu/Departments/Electrical_and_Electronics_Engineering/Documents", "doc_count": 519}, {"href": "https://utp-my.academia.edu/Departments/Electronic_and_electrical_Engineering/Documents", "doc_count": 32}, {"href": "https://utp-my.academia.edu/Departments/Elesctrical_and_Electronic/Documents", "doc_count": 1}, {"href": "https://utp-my.academia.edu/Departments/Engineering/Documents", "doc_count": 7}, {"href": "https://utp-my.academia.edu/Departments/English_literature_and_linguistics/Documents", "doc_count": 2}, {"href": "https://utp-my.academia.edu/Departments/Faculty_of_Science_IT/Documents", "doc_count": 14}, {"href": "https://utp-my.academia.edu/Departments/Faculty_of_Science_and_Information_Technology/Documents", "doc_count": 2}, {"href": "https://utp-my.academia.edu/Departments/Fasd/Documents", "doc_count": 30}, {"href": "https://utp-my.academia.edu/Departments/Foundation_Student/Documents", "doc_count": 1}, {"href": "https://utp-my.academia.edu/Departments/Fundamental/Documents", "doc_count": 1}, {"href": "https://utp-my.academia.edu/Departments/Fundamental_and_applied_science_department/Documents", "doc_count": 4}, {"href": "https://utp-my.academia.edu/Departments/Geoscience_and_Petroleum_Engineering/Documents", "doc_count": 211}, {"href": "https://utp-my.academia.edu/Departments/Geosciences/Documents", "doc_count": 206}, {"href": "https://utp-my.academia.edu/Departments/HPCC_Computer_Information_Sciences_/Documents", "doc_count": 30}, {"href": "https://utp-my.academia.edu/Departments/Information_Communication_Technology/Documents", "doc_count": 5}, {"href": "https://utp-my.academia.edu/Departments/Information_and_Communication_Technology/Documents", "doc_count": 75}, {"href": "https://utp-my.academia.edu/Departments/Informatique/Documents", "doc_count": 2}, {"href": "https://utp-my.academia.edu/Departments/International_Business/Documents", "doc_count": 1}, {"href": "https://utp-my.academia.edu/Departments/Investigacion/Documents", "doc_count": 1}, {"href": "https://utp-my.academia.edu/Departments/Lima/Documents", "doc_count": 7}, {"href": "https://utp-my.academia.edu/Departments/MANAGEMENT_HUMANITIES/Documents", "doc_count": 33}, {"href": "https://utp-my.academia.edu/Departments/Managemeent_and_Humanities/Documents", "doc_count": 11}, {"href": "https://utp-my.academia.edu/Departments/Management_Sciences/Documents", "doc_count": 17}, {"href": "https://utp-my.academia.edu/Departments/Management_and_Humanities/Documents", "doc_count": 311}, {"href": "https://utp-my.academia.edu/Departments/Marine_Design/Documents", "doc_count": 1}, {"href": "https://utp-my.academia.edu/Departments/Mecanica/Documents", "doc_count": 8}, {"href": "https://utp-my.academia.edu/Departments/Mechancial_Engineering/Documents", "doc_count": 26}, {"href": "https://utp-my.academia.edu/Departments/Mechanical/Documents", "doc_count": 2}, {"href": "https://utp-my.academia.edu/Departments/Mechanical_Engineering/Documents", "doc_count": 1128}, {"href": "https://utp-my.academia.edu/Departments/Mina/Documents", "doc_count": 1}, {"href": "https://utp-my.academia.edu/Departments/Music_And_Performance/Documents", "doc_count": 2}, {"href": "https://utp-my.academia.edu/Departments/Network/Documents", "doc_count": 1}, {"href": "https://utp-my.academia.edu/Departments/Offshore_Engineering_Centre_UTP/Documents", "doc_count": 1}, {"href": "https://utp-my.academia.edu/Departments/PEETROLEUM/Documents", "doc_count": 1}, {"href": "https://utp-my.academia.edu/Departments/PETROLEUM_ENGINEERING_DEPARTAMENT/Documents", "doc_count": 17}, {"href": "https://utp-my.academia.edu/Departments/Petroleum/Documents", "doc_count": 22}, {"href": "https://utp-my.academia.edu/Departments/Petroleum_Engineering/Documents", "doc_count": 310}, {"href": "https://utp-my.academia.edu/Departments/Petroleum_Engineering_and_Geosciences/Documents", "doc_count": 34}, {"href": "https://utp-my.academia.edu/Departments/Petroleum_Geoscience_and_Engineering/Documents", "doc_count": 34}, {"href": "https://utp-my.academia.edu/Departments/Petroleum_and_Geoscience/Documents", "doc_count": 3}, {"href": "https://utp-my.academia.edu/Departments/Petroleum_geosciences/Documents", "doc_count": 82}, {"href": "https://utp-my.academia.edu/Departments/Petronas/Documents", "doc_count": 15}, {"href": "https://utp-my.academia.edu/Departments/Psychological_Counselling_Services/Documents", "doc_count": 1}, {"href": "https://utp-my.academia.edu/Departments/Research_Center_For_CO2_Capture_Department_of_Chemical_Engineering/Documents", "doc_count": 164}, {"href": "https://utp-my.academia.edu/Departments/Risaralda/Documents", "doc_count": 6}, {"href": "https://utp-my.academia.edu/Departments/School_of_Computing/Documents", "doc_count": 1}, {"href": "https://utp-my.academia.edu/Departments/Sistemas/Documents", "doc_count": 1}, {"href": "https://utp-my.academia.edu/Departments/Social_Science/Documents", "doc_count": 1}, {"href": "https://utp-my.academia.edu/Departments/South_East_Asia_Carbonate_Research_Laboratory/Documents", "doc_count": 16}, {"href": "https://utp-my.academia.edu/Departments/Stduent/Documents", "doc_count": 1}, {"href": "https://utp-my.academia.edu/Departments/Student/Documents", "doc_count": 14}, {"href": "https://utp-my.academia.edu/Departments/Tics/Documents", "doc_count": 2}, {"href": "https://utp-my.academia.edu/Departments/Valle_Del_Cauca/Documents", "doc_count": 1}]