[{"href": "https://uitm.academia.edu/Departments/AABGS/Documents", "doc_count": 1}, {"href": "https://uitm.academia.edu/Departments/ACADEMIC/Documents", "doc_count": 125}, {"href": "https://uitm.academia.edu/Departments/ART_AND_DESIGN_DESIGN_TECHNOLOGY_/Documents", "doc_count": 2}, {"href": "https://uitm.academia.edu/Departments/Aagbs/Documents", "doc_count": 14}, {"href": "https://uitm.academia.edu/Departments/Academic_Unit/Documents", "doc_count": 1}, {"href": "https://uitm.academia.edu/Departments/Academy_for_Islamic_Contemporary_Studies_ACIS_/Documents", "doc_count": 155}, {"href": "https://uitm.academia.edu/Departments/Academy_of_Contemporary_Islamic_Studies/Documents", "doc_count": 132}, {"href": "https://uitm.academia.edu/Departments/Academy_of_Contemporary_Islamic_Studies_ACIS_/Documents", "doc_count": 4}, {"href": "https://uitm.academia.edu/Departments/Academy_of_Islamic_Contemporary_Stidies/Documents", "doc_count": 2}, {"href": "https://uitm.academia.edu/Departments/Academy_of_Islamic_Contemporary_Studies/Documents", "doc_count": 2}, {"href": "https://uitm.academia.edu/Departments/Academy_of_Islamic_Contemporary_Studies_UiTM_Seremban/Documents", "doc_count": 12}, {"href": "https://uitm.academia.edu/Departments/Academy_of_Language_Stidies/Documents", "doc_count": 4}, {"href": "https://uitm.academia.edu/Departments/Academy_of_Language_Studies/Documents", "doc_count": 1133}, {"href": "https://uitm.academia.edu/Departments/Account/Documents", "doc_count": 5}, {"href": "https://uitm.academia.edu/Departments/Accounting/Documents", "doc_count": 130}, {"href": "https://uitm.academia.edu/Departments/Accounting_Research_Institute/Documents", "doc_count": 20}, {"href": "https://uitm.academia.edu/Departments/Accounting_Research_Institute_of_Malaysia_ARI_/Documents", "doc_count": 450}, {"href": "https://uitm.academia.edu/Departments/Achitecture/Documents", "doc_count": 6}, {"href": "https://uitm.academia.edu/Departments/Acis/Documents", "doc_count": 29}, {"href": "https://uitm.academia.edu/Departments/Actuarial_Science/Documents", "doc_count": 9}, {"href": "https://uitm.academia.edu/Departments/Administrative_Science/Documents", "doc_count": 2}, {"href": "https://uitm.academia.edu/Departments/Administrative_Science_and_Policy_Studies/Documents", "doc_count": 200}, {"href": "https://uitm.academia.edu/Departments/Advertising/Documents", "doc_count": 2}, {"href": "https://uitm.academia.edu/Departments/Agriculture/Documents", "doc_count": 4}, {"href": "https://uitm.academia.edu/Departments/Agro/Documents", "doc_count": 5}, {"href": "https://uitm.academia.edu/Departments/Akademi_Pengajian_Bahasa/Documents", "doc_count": 122}, {"href": "https://uitm.academia.edu/Departments/akademi_pengajian_Islam_kontemporari/Documents", "doc_count": 60}, {"href": "https://uitm.academia.edu/Departments/Akademi_Pengajian_Islam_Kontemporari_ACIS_UiTM_Melaka/Documents", "doc_count": 47}, {"href": "https://uitm.academia.edu/Departments/Akademik_Pengajian_Bahasa/Documents", "doc_count": 23}, {"href": "https://uitm.academia.edu/Departments/Akaun_Sistem_Maklumat/Documents", "doc_count": 1}, {"href": "https://uitm.academia.edu/Departments/Akdemi_Pengajian_Bahasa/Documents", "doc_count": 1}, {"href": "https://uitm.academia.edu/Departments/Alternative_Energy_and_Research_Centre/Documents", "doc_count": 3}, {"href": "https://uitm.academia.edu/Departments/Am228/Documents", "doc_count": 1}, {"href": "https://uitm.academia.edu/Departments/Anatomy/Documents", "doc_count": 10}, {"href": "https://uitm.academia.edu/Departments/Anglais/Documents", "doc_count": 1}, {"href": "https://uitm.academia.edu/Departments/Animation_Department_Faculty_Film_Theatre_and_Animation/Documents", "doc_count": 22}, {"href": "https://uitm.academia.edu/Departments/Animation_DIgital_Imaging_Arts/Documents", "doc_count": 3}, {"href": "https://uitm.academia.edu/Departments/Applied_Chemistry/Documents", "doc_count": 4}, {"href": "https://uitm.academia.edu/Departments/Applied_Language_Studies/Documents", "doc_count": 4}, {"href": "https://uitm.academia.edu/Departments/Applied_Language_and_Lingusitic/Documents", "doc_count": 2}, {"href": "https://uitm.academia.edu/Departments/Applied_Sciences/Documents", "doc_count": 625}, {"href": "https://uitm.academia.edu/Departments/Applied_science_chemistry/Documents", "doc_count": 8}, {"href": "https://uitm.academia.edu/Departments/Arau/Documents", "doc_count": 1}, {"href": "https://uitm.academia.edu/Departments/Architecture/Documents", "doc_count": 44}, {"href": "https://uitm.academia.edu/Departments/Architecture_Planning_And_Surveying/Documents", "doc_count": 584}, {"href": "https://uitm.academia.edu/Departments/Arshad_Ayub_Graduate_Business_School/Documents", "doc_count": 147}, {"href": "https://uitm.academia.edu/Departments/Arsyad_Ayub_Graduate_Business_School/Documents", "doc_count": 12}, {"href": "https://uitm.academia.edu/Departments/Art_Design/Documents", "doc_count": 92}, {"href": "https://uitm.academia.edu/Departments/Art_Design_Graphic_Department/Documents", "doc_count": 19}, {"href": "https://uitm.academia.edu/Departments/Art_And_Design/Documents", "doc_count": 193}, {"href": "https://uitm.academia.edu/Departments/Art_History_and_Cultural_Management/Documents", "doc_count": 13}, {"href": "https://uitm.academia.edu/Departments/Art_and_Design_Fine_Arts_/Documents", "doc_count": 7}, {"href": "https://uitm.academia.edu/Departments/Art_and_Science/Documents", "doc_count": 1}, {"href": "https://uitm.academia.edu/Departments/Art_and_design_textile/Documents", "doc_count": 1}, {"href": "https://uitm.academia.edu/Departments/Artistic_and_Creative_Technology/Documents", "doc_count": 2}, {"href": "https://uitm.academia.edu/Departments/Arts_and_Design/Documents", "doc_count": 49}, {"href": "https://uitm.academia.edu/Departments/Asdas/Documents", "doc_count": 1}, {"href": "https://uitm.academia.edu/Departments/Asrama/Documents", "doc_count": 1}, {"href": "https://uitm.academia.edu/Departments/Atta_Ur_Rahman_Institute/Documents", "doc_count": 3}, {"href": "https://uitm.academia.edu/Departments/B_sc_Hons_biomolecular_science/Documents", "doc_count": 1}, {"href": "https://uitm.academia.edu/Departments/BBA_hons_Finance/Documents", "doc_count": 43}, {"href": "https://uitm.academia.edu/Departments/BBA_hons_International_Business/Documents", "doc_count": 1}, {"href": "https://uitm.academia.edu/Departments/BBA_Hons_in_Islamic_Banking/Documents", "doc_count": 26}, {"href": "https://uitm.academia.edu/Departments/BBA_Hons_Marketing/Documents", "doc_count": 19}, {"href": "https://uitm.academia.edu/Departments/BIOLOGY/Documents", "doc_count": 96}, {"href": "https://uitm.academia.edu/Departments/BM222/Documents", "doc_count": 1}, {"href": "https://uitm.academia.edu/Departments/BUILDING_DEPARTMENT_FACULTY_OF_ARCHITECTURE_PLANNING_AND_SURVEYING/Documents", "doc_count": 40}, {"href": "https://uitm.academia.edu/Departments/BUILT_ENVIRONMENT/Documents", "doc_count": 79}, {"href": "https://uitm.academia.edu/Departments/bachelor_in_Accounting/Documents", "doc_count": 20}, {"href": "https://uitm.academia.edu/Departments/Bachelor_In_Horticulture/Documents", "doc_count": 8}, {"href": "https://uitm.academia.edu/Departments/Bachelor_in_Business_Economics/Documents", "doc_count": 1}, {"href": "https://uitm.academia.edu/Departments/Bachelor_in_Counselling/Documents", "doc_count": 1}, {"href": "https://uitm.academia.edu/Departments/Bachelor_in_Environmental_Health_and_Safety/Documents", "doc_count": 1}, {"href": "https://uitm.academia.edu/Departments/Bachelor_in_Finance/Documents", "doc_count": 1}, {"href": "https://uitm.academia.edu/Departments/Bachelor_in_Human_Resources_Management/Documents", "doc_count": 11}, {"href": "https://uitm.academia.edu/Departments/Bachelor_in_Information_System/Documents", "doc_count": 1}, {"href": "https://uitm.academia.edu/Departments/Bachelor_in_Islamic_Banking/Documents", "doc_count": 2}, {"href": "https://uitm.academia.edu/Departments/Bachelor_in_Management/Documents", "doc_count": 14}, {"href": "https://uitm.academia.edu/Departments/Bachelor_in_Marketing/Documents", "doc_count": 2}, {"href": "https://uitm.academia.edu/Departments/Bachelor_in_Office_System_Management/Documents", "doc_count": 6}, {"href": "https://uitm.academia.edu/Departments/Bachelor_in_Pharmacy/Documents", "doc_count": 5}, {"href": "https://uitm.academia.edu/Departments/Bachelor_in_Science_Hons_Biology/Documents", "doc_count": 3}, {"href": "https://uitm.academia.edu/Departments/Bachelor_in_Science_Marine_Technology/Documents", "doc_count": 2}, {"href": "https://uitm.academia.edu/Departments/Bachelor_in_Science_of_Applied_Chemistry/Documents", "doc_count": 4}, {"href": "https://uitm.academia.edu/Departments/Bachelor_in_Statistic/Documents", "doc_count": 7}, {"href": "https://uitm.academia.edu/Departments/Bachelor_of_Dental_Surgery/Documents", "doc_count": 2}, {"href": "https://uitm.academia.edu/Departments/Bachelor_of_Science_Honours_in_Statistics/Documents", "doc_count": 1}, {"href": "https://uitm.academia.edu/Departments/Bachelor_of_Science_Construction_Management/Documents", "doc_count": 1}, {"href": "https://uitm.academia.edu/Departments/Banking/Documents", "doc_count": 7}, {"href": "https://uitm.academia.edu/Departments/Bba_Hons_HR/Documents", "doc_count": 2}, {"href": "https://uitm.academia.edu/Departments/Ben_Tre/Documents", "doc_count": 1}, {"href": "https://uitm.academia.edu/Departments/Bertam/Documents", "doc_count": 1}, {"href": "https://uitm.academia.edu/Departments/Bio_Composite_Technology/Documents", "doc_count": 5}, {"href": "https://uitm.academia.edu/Departments/Biochemistry/Documents", "doc_count": 26}, {"href": "https://uitm.academia.edu/Departments/Biological_Sciences/Documents", "doc_count": 2}, {"href": "https://uitm.academia.edu/Departments/Biomolecular_Sciences/Documents", "doc_count": 9}, {"href": "https://uitm.academia.edu/Departments/Broadcasting/Documents", "doc_count": 2}, {"href": "https://uitm.academia.edu/Departments/Building_Surveying/Documents", "doc_count": 29}, {"href": "https://uitm.academia.edu/Departments/Building_Surveying_Department_Faculty_of_Architecture_Planning_Surveying/Documents", "doc_count": 8}, {"href": "https://uitm.academia.edu/Departments/Building_Faculty_of_Architecture_Planning_Surveying/Documents", "doc_count": 43}, {"href": "https://uitm.academia.edu/Departments/Built_Envirnment/Documents", "doc_count": 5}, {"href": "https://uitm.academia.edu/Departments/Businees_Management/Documents", "doc_count": 37}, {"href": "https://uitm.academia.edu/Departments/Business_Law/Documents", "doc_count": 1}, {"href": "https://uitm.academia.edu/Departments/Business_Administration_Marketing_/Documents", "doc_count": 1}, {"href": "https://uitm.academia.edu/Departments/Business_Administration_finance_/Documents", "doc_count": 20}, {"href": "https://uitm.academia.edu/Departments/Business_Administration_international_business_/Documents", "doc_count": 1}, {"href": "https://uitm.academia.edu/Departments/Business_Administration_of_Finance/Documents", "doc_count": 1}, {"href": "https://uitm.academia.edu/Departments/Business_Economy/Documents", "doc_count": 4}, {"href": "https://uitm.academia.edu/Departments/Business_Management/Documents", "doc_count": 1210}, {"href": "https://uitm.academia.edu/Departments/Business_Management_Finance_/Documents", "doc_count": 1}, {"href": "https://uitm.academia.edu/Departments/Business_Management_Operation_Management_/Documents", "doc_count": 2}, {"href": "https://uitm.academia.edu/Departments/Business_Management_Transportation_/Documents", "doc_count": 1}, {"href": "https://uitm.academia.edu/Departments/Bussiness_Management/Documents", "doc_count": 2}, {"href": "https://uitm.academia.edu/Departments/CEHMICAL_ENGINEERING/Documents", "doc_count": 5}, {"href": "https://uitm.academia.edu/Departments/CHEMICAL/Documents", "doc_count": 1}, {"href": "https://uitm.academia.edu/Departments/Cardiothoracic_Surgery/Documents", "doc_count": 32}, {"href": "https://uitm.academia.edu/Departments/Cawangan_Negeri_Sembilan_Kampus_Seremban/Documents", "doc_count": 2}, {"href": "https://uitm.academia.edu/Departments/Center_For_Media_And_information_Warfare_Studies_CMIWS_Faculty_of_Communication_and_Media_Studies2/Documents", "doc_count": 3}, {"href": "https://uitm.academia.edu/Departments/Center_for_Applied_Management_Studies/Documents", "doc_count": 25}, {"href": "https://uitm.academia.edu/Departments/Center_for_Computer_Engineering_Studiesor/Documents", "doc_count": 34}, {"href": "https://uitm.academia.edu/Departments/Center_for_Humanoid_Robots_and_Bio_sensing_HuRoBs_/Documents", "doc_count": 57}, {"href": "https://uitm.academia.edu/Departments/Center_for_Islamic_Thought_and_Understanding/Documents", "doc_count": 6}, {"href": "https://uitm.academia.edu/Departments/Center_of_Computer_Engineering_Studies/Documents", "doc_count": 34}, {"href": "https://uitm.academia.edu/Departments/Centre_for_Islamic_Thought_Understanding_CiTU_/Documents", "doc_count": 10}, {"href": "https://uitm.academia.edu/Departments/Centre_for_Islamic_Thought_and_Understanding_CITU_/Documents", "doc_count": 107}, {"href": "https://uitm.academia.edu/Departments/Centre_for_Knowledge_and_Understanding_of_Tropical_Architecture_and_Interior/Documents", "doc_count": 2}, {"href": "https://uitm.academia.edu/Departments/Centre_for_Media_and_Information_Warfare_Studies/Documents", "doc_count": 23}, {"href": "https://uitm.academia.edu/Departments/Centre_for_Postgraduate_and_Professional_Studies_Faculty_of_Business_and_Management/Documents", "doc_count": 61}, {"href": "https://uitm.academia.edu/Departments/Centre_for_Postgraduated_Studies/Documents", "doc_count": 1}, {"href": "https://uitm.academia.edu/Departments/Centre_of_Construction_Studies/Documents", "doc_count": 1}, {"href": "https://uitm.academia.edu/Departments/Centre_of_Environment_Behaviour_Studies/Documents", "doc_count": 8}, {"href": "https://uitm.academia.edu/Departments/Centre_of_Management_and_administrative_Studies_CfMAS_/Documents", "doc_count": 19}, {"href": "https://uitm.academia.edu/Departments/Centre_of_Studies_for_Architecture_CoSA_/Documents", "doc_count": 1}, {"href": "https://uitm.academia.edu/Departments/Centre_of_Studies_for_Construction_Faculty_of_Architecture_Planning_and_Surveying/Documents", "doc_count": 136}, {"href": "https://uitm.academia.edu/Departments/Chemical_Engineering/Documents", "doc_count": 320}, {"href": "https://uitm.academia.edu/Departments/Chemical_Engineering_Oil_And_Gas/Documents", "doc_count": 1}, {"href": "https://uitm.academia.edu/Departments/Chemical_Engineering_and_Bioprocess/Documents", "doc_count": 6}, {"href": "https://uitm.academia.edu/Departments/Chemical_Pathology/Documents", "doc_count": 1}, {"href": "https://uitm.academia.edu/Departments/Chimi/Documents", "doc_count": 2}, {"href": "https://uitm.academia.edu/Departments/Ciencias_Empresariales/Documents", "doc_count": 1}, {"href": "https://uitm.academia.edu/Departments/Citu/Documents", "doc_count": 4}, {"href": "https://uitm.academia.edu/Departments/Civil_Engineering/Documents", "doc_count": 569}, {"href": "https://uitm.academia.edu/Departments/Civil_Environmental_Engineering/Documents", "doc_count": 5}, {"href": "https://uitm.academia.edu/Departments/Clinical_Pharmacy/Documents", "doc_count": 6}, {"href": "https://uitm.academia.edu/Departments/Collaborative_Drug_Discovery_Research/Documents", "doc_count": 9}, {"href": "https://uitm.academia.edu/Departments/College_of_Creative_Arts/Documents", "doc_count": 82}, {"href": "https://uitm.academia.edu/Departments/Communication_Department/Documents", "doc_count": 11}, {"href": "https://uitm.academia.edu/Departments/Computer_Science/Documents", "doc_count": 651}, {"href": "https://uitm.academia.edu/Departments/Computer_Science_and_Mathematical_Science/Documents", "doc_count": 25}, {"href": "https://uitm.academia.edu/Departments/Computer_Sciences/Documents", "doc_count": 13}, {"href": "https://uitm.academia.edu/Departments/Computer_Technology_Networking/Documents", "doc_count": 8}, {"href": "https://uitm.academia.edu/Departments/Computer_and_Matematical_Sciences/Documents", "doc_count": 53}, {"href": "https://uitm.academia.edu/Departments/Computer_and_Mathematical_Science/Documents", "doc_count": 165}, {"href": "https://uitm.academia.edu/Departments/Computer_technology_and_networking_department/Documents", "doc_count": 17}, {"href": "https://uitm.academia.edu/Departments/Conservatory_of_Music_College_of_Creative_Arts/Documents", "doc_count": 2}, {"href": "https://uitm.academia.edu/Departments/Construction_Management/Documents", "doc_count": 6}, {"href": "https://uitm.academia.edu/Departments/Construction_Management_FSPU/Documents", "doc_count": 1}, {"href": "https://uitm.academia.edu/Departments/Corporate_Administration/Documents", "doc_count": 4}, {"href": "https://uitm.academia.edu/Departments/Creative_Writing/Documents", "doc_count": 1}, {"href": "https://uitm.academia.edu/Departments/Crop_Protection/Documents", "doc_count": 8}, {"href": "https://uitm.academia.edu/Departments/Culinary_Art/Documents", "doc_count": 1}, {"href": "https://uitm.academia.edu/Departments/Culinary_Arts_and_Gastronomy/Documents", "doc_count": 6}, {"href": "https://uitm.academia.edu/Departments/Curriculum_Affairs_Unit/Documents", "doc_count": 10}, {"href": "https://uitm.academia.edu/Departments/DEPARTMENT_OF_FINANCE/Documents", "doc_count": 81}, {"href": "https://uitm.academia.edu/Departments/DPIM/Documents", "doc_count": 1}, {"href": "https://uitm.academia.edu/Departments/Data/Documents", "doc_count": 1}, {"href": "https://uitm.academia.edu/Departments/Degree_in_Chemistry/Documents", "doc_count": 3}, {"href": "https://uitm.academia.edu/Departments/Degree_in_Finance/Documents", "doc_count": 2}, {"href": "https://uitm.academia.edu/Departments/Departamento_de_Construcci%C3%B3n_Civil/Documents", "doc_count": 4}, {"href": "https://uitm.academia.edu/Departments/Department_Economics_Financial_Studies/Documents", "doc_count": 27}, {"href": "https://uitm.academia.edu/Departments/Department_Graphic_Digital_Media/Documents", "doc_count": 11}, {"href": "https://uitm.academia.edu/Departments/Department_Of_Electrical_Electronic_Engineering/Documents", "doc_count": 15}, {"href": "https://uitm.academia.edu/Departments/Department_of_Architecture_FSPU_UiTM/Documents", "doc_count": 5}, {"href": "https://uitm.academia.edu/Departments/Department_of_Asian_and_European_Languages/Documents", "doc_count": 47}, {"href": "https://uitm.academia.edu/Departments/Department_of_Banking_and_Finance/Documents", "doc_count": 1}, {"href": "https://uitm.academia.edu/Departments/Department_of_Chemistry/Documents", "doc_count": 130}, {"href": "https://uitm.academia.edu/Departments/Department_of_English_and_Linguistics/Documents", "doc_count": 14}, {"href": "https://uitm.academia.edu/Departments/Department_of_Estate_Management_FSPU_UiTM/Documents", "doc_count": 19}, {"href": "https://uitm.academia.edu/Departments/Department_of_Graphic_Media_Digital/Documents", "doc_count": 4}, {"href": "https://uitm.academia.edu/Departments/Department_of_Information_Management/Documents", "doc_count": 438}, {"href": "https://uitm.academia.edu/Departments/Department_of_Interior_Design/Documents", "doc_count": 7}, {"href": "https://uitm.academia.edu/Departments/Department_of_Landscape_Architecture/Documents", "doc_count": 93}, {"href": "https://uitm.academia.edu/Departments/Department_of_Landscape_Architecture_Faculty_of_Architecture_Planning_and_Surveying/Documents", "doc_count": 15}, {"href": "https://uitm.academia.edu/Departments/Department_of_Photography_Creative_Imaging/Documents", "doc_count": 10}, {"href": "https://uitm.academia.edu/Departments/Department_of_Professional_Accounting_Studies/Documents", "doc_count": 9}, {"href": "https://uitm.academia.edu/Departments/Department_of_Public_Health_Medicine/Documents", "doc_count": 42}, {"href": "https://uitm.academia.edu/Departments/Department_of_Quantitative_Science/Documents", "doc_count": 2}, {"href": "https://uitm.academia.edu/Departments/Department_of_Quantity_Surveying/Documents", "doc_count": 107}, {"href": "https://uitm.academia.edu/Departments/Department_of_Quantity_Surveying_FSPU_UiTM/Documents", "doc_count": 59}, {"href": "https://uitm.academia.edu/Departments/Department_of_Quantity_Surveying_Faculty_of_Architecture_Planning_and_Surveying1/Documents", "doc_count": 45}, {"href": "https://uitm.academia.edu/Departments/Department_of_Technology_and_Supply_Chain_Management_Studies/Documents", "doc_count": 9}, {"href": "https://uitm.academia.edu/Departments/Department_of_Town_and_Regional_Planning_Faculty_of_Architecture_Planning_and_Surveying/Documents", "doc_count": 130}, {"href": "https://uitm.academia.edu/Departments/Department_of_Town_and_Regional_Planning_Faculty_of_Architecture_Planning_and_Surveying_UiTM_Perak/Documents", "doc_count": 88}, {"href": "https://uitm.academia.edu/Departments/Department_of_Transport_Logistics_Operations_Mgt_Faculty_of_Business_Mgt/Documents", "doc_count": 78}, {"href": "https://uitm.academia.edu/Departments/Department_of_environment_health_and_safety/Documents", "doc_count": 5}, {"href": "https://uitm.academia.edu/Departments/Dept_Of_Town_and_Regional_Planning/Documents", "doc_count": 9}, {"href": "https://uitm.academia.edu/Departments/Dept_of_Finance/Documents", "doc_count": 23}, {"href": "https://uitm.academia.edu/Departments/Dept_of_Human_Resource_Management_Faculty_of_Business_Management/Documents", "doc_count": 30}, {"href": "https://uitm.academia.edu/Departments/Dept_of_Metal_Design_Technology_Faculty_of_Art_and_Design/Documents", "doc_count": 3}, {"href": "https://uitm.academia.edu/Departments/Dept_of_Postgraduate_Studies/Documents", "doc_count": 5}, {"href": "https://uitm.academia.edu/Departments/Dept_of_Transport_Logistics_and_Operations_Management_Faculty_of_Business_Management/Documents", "doc_count": 17}, {"href": "https://uitm.academia.edu/Departments/Digital_Image_Audio_and_Speech_Technology/Documents", "doc_count": 18}, {"href": "https://uitm.academia.edu/Departments/Dinkes/Documents", "doc_count": 1}, {"href": "https://uitm.academia.edu/Departments/Diploma_Halal_Management/Documents", "doc_count": 2}, {"href": "https://uitm.academia.edu/Departments/Diploma_in_Accounting/Documents", "doc_count": 3}, {"href": "https://uitm.academia.edu/Departments/Diploma_in_Banking/Documents", "doc_count": 5}, {"href": "https://uitm.academia.edu/Departments/Diploma_in_Civil_Engineer/Documents", "doc_count": 2}, {"href": "https://uitm.academia.edu/Departments/Diploma_in_Creative_Technology_Screen_/Documents", "doc_count": 1}, {"href": "https://uitm.academia.edu/Departments/Diploma_in_Culinary_Arts/Documents", "doc_count": 1}, {"href": "https://uitm.academia.edu/Departments/Diploma_in_Planting_Industry_management/Documents", "doc_count": 2}, {"href": "https://uitm.academia.edu/Departments/Diploma_in_Public_Administration/Documents", "doc_count": 2}, {"href": "https://uitm.academia.edu/Departments/Diploma_in_Science/Documents", "doc_count": 2}, {"href": "https://uitm.academia.edu/Departments/Diploma_investment_analysis/Documents", "doc_count": 2}, {"href": "https://uitm.academia.edu/Departments/Diploma_of_Information_Management/Documents", "doc_count": 3}, {"href": "https://uitm.academia.edu/Departments/Discipline_of_Physiology_Faculty_of_Medicine/Documents", "doc_count": 24}, {"href": "https://uitm.academia.edu/Departments/Distance_Education/Documents", "doc_count": 1}, {"href": "https://uitm.academia.edu/Departments/Dodo/Documents", "doc_count": 1}, {"href": "https://uitm.academia.edu/Departments/ELECTRONIC_ENGINEERING/Documents", "doc_count": 3}, {"href": "https://uitm.academia.edu/Departments/ESL_Education/Documents", "doc_count": 17}, {"href": "https://uitm.academia.edu/Departments/Early_Childhood/Documents", "doc_count": 1}, {"href": "https://uitm.academia.edu/Departments/Economics/Documents", "doc_count": 59}, {"href": "https://uitm.academia.edu/Departments/Economics_Finance/Documents", "doc_count": 3}, {"href": "https://uitm.academia.edu/Departments/Economics_and_Finance/Documents", "doc_count": 16}, {"href": "https://uitm.academia.edu/Departments/Economics_and_Financial_Studies/Documents", "doc_count": 18}, {"href": "https://uitm.academia.edu/Departments/Education_Management/Documents", "doc_count": 5}, {"href": "https://uitm.academia.edu/Departments/Education_Postgraduate/Documents", "doc_count": 3}, {"href": "https://uitm.academia.edu/Departments/Educational/Documents", "doc_count": 23}, {"href": "https://uitm.academia.edu/Departments/Ekonomi/Documents", "doc_count": 7}, {"href": "https://uitm.academia.edu/Departments/Electrical/Documents", "doc_count": 17}, {"href": "https://uitm.academia.edu/Departments/Electrical_Engineering/Documents", "doc_count": 702}, {"href": "https://uitm.academia.edu/Departments/Electronics/Documents", "doc_count": 16}, {"href": "https://uitm.academia.edu/Departments/Engineering/Documents", "doc_count": 30}, {"href": "https://uitm.academia.edu/Departments/Engineering_Mechanic_Department_Faculty_of_Mechanical_Engineering/Documents", "doc_count": 176}, {"href": "https://uitm.academia.edu/Departments/English/Documents", "doc_count": 15}, {"href": "https://uitm.academia.edu/Departments/English_Lanaguage_and_Linguistics/Documents", "doc_count": 11}, {"href": "https://uitm.academia.edu/Departments/English_Language/Documents", "doc_count": 8}, {"href": "https://uitm.academia.edu/Departments/English_Language_and_Linguistics/Documents", "doc_count": 26}, {"href": "https://uitm.academia.edu/Departments/Entrepreneurship_Department_Faculty_of_Business_Management/Documents", "doc_count": 7}, {"href": "https://uitm.academia.edu/Departments/Environmental_Health/Documents", "doc_count": 78}, {"href": "https://uitm.academia.edu/Departments/Environmental_Health_and_Safety/Documents", "doc_count": 47}, {"href": "https://uitm.academia.edu/Departments/Environmental_Technology/Documents", "doc_count": 2}, {"href": "https://uitm.academia.edu/Departments/Estate_Management/Documents", "doc_count": 38}, {"href": "https://uitm.academia.edu/Departments/Executive_Masters_of_Administrative_Science/Documents", "doc_count": 1}, {"href": "https://uitm.academia.edu/Departments/FACULTY_ARCHITECTURE_PLANNING_AND_SURVEYING/Documents", "doc_count": 28}, {"href": "https://uitm.academia.edu/Departments/FACULTY_OF_COMMUNICATION_AND_MEDIA_STUDIES/Documents", "doc_count": 255}, {"href": "https://uitm.academia.edu/Departments/FINE_ARTS_DEPARTMENT/Documents", "doc_count": 3}, {"href": "https://uitm.academia.edu/Departments/FOBAM/Documents", "doc_count": 2}, {"href": "https://uitm.academia.edu/Departments/FOODSERVICE/Documents", "doc_count": 20}, {"href": "https://uitm.academia.edu/Departments/FSG/Documents", "doc_count": 6}, {"href": "https://uitm.academia.edu/Departments/FSKM/Documents", "doc_count": 57}, {"href": "https://uitm.academia.edu/Departments/FSPPP/Documents", "doc_count": 10}, {"href": "https://uitm.academia.edu/Departments/FSPU/Documents", "doc_count": 42}, {"href": "https://uitm.academia.edu/Departments/FSSR/Documents", "doc_count": 2}, {"href": "https://uitm.academia.edu/Departments/Fac_of_Education/Documents", "doc_count": 1}, {"href": "https://uitm.academia.edu/Departments/Fac_of_Architecture_Planning_and_Surveying/Documents", "doc_count": 5}, {"href": "https://uitm.academia.edu/Departments/Faculrt_of_Information_Management/Documents", "doc_count": 6}, {"href": "https://uitm.academia.edu/Departments/Faculti_Pengurusan_Maklumat/Documents", "doc_count": 34}, {"href": "https://uitm.academia.edu/Departments/Faculti_of_Computer_Science_and_Mathematic_FSKM_/Documents", "doc_count": 214}, {"href": "https://uitm.academia.edu/Departments/Faculty_Admin_Science_Policy_Studies/Documents", "doc_count": 8}, {"href": "https://uitm.academia.edu/Departments/Faculty_Busines_Mnagement/Documents", "doc_count": 10}, {"href": "https://uitm.academia.edu/Departments/Faculty_Business_Management_faculti_of_plantation_and_agrotechnologi/Documents", "doc_count": 1}, {"href": "https://uitm.academia.edu/Departments/Faculty_Business_in_International_Business/Documents", "doc_count": 6}, {"href": "https://uitm.academia.edu/Departments/Faculty_School_Resource_Centre/Documents", "doc_count": 1}, {"href": "https://uitm.academia.edu/Departments/Faculty_Science_Computer_and_mathematic/Documents", "doc_count": 1}, {"href": "https://uitm.academia.edu/Departments/Faculty_of_Accountancy/Documents", "doc_count": 637}, {"href": "https://uitm.academia.edu/Departments/Faculty_of_Accountancy_UiTM_Terengganu_/Documents", "doc_count": 7}, {"href": "https://uitm.academia.edu/Departments/Faculty_of_Accountancy_fellow_IKaZ/Documents", "doc_count": 3}, {"href": "https://uitm.academia.edu/Departments/Faculty_of_Administration_science_Policy_Studies/Documents", "doc_count": 1}, {"href": "https://uitm.academia.edu/Departments/Faculty_of_Administrative_Science_Policy_Studies/Documents", "doc_count": 191}, {"href": "https://uitm.academia.edu/Departments/Faculty_of_Administrative_Science_and_Politcy_Studies/Documents", "doc_count": 26}, {"href": "https://uitm.academia.edu/Departments/Faculty_of_Applied_Language_English_Professional_Communication/Documents", "doc_count": 2}, {"href": "https://uitm.academia.edu/Departments/Faculty_of_Applied_Science/Documents", "doc_count": 408}, {"href": "https://uitm.academia.edu/Departments/Faculty_of_Applied_Sciene/Documents", "doc_count": 4}, {"href": "https://uitm.academia.edu/Departments/Faculty_of_Architechture_planning_and_Surveying/Documents", "doc_count": 30}, {"href": "https://uitm.academia.edu/Departments/Faculty_of_Architectura_Planning_Surveying/Documents", "doc_count": 25}, {"href": "https://uitm.academia.edu/Departments/Faculty_of_Architecture_Planning_Surveying/Documents", "doc_count": 17}, {"href": "https://uitm.academia.edu/Departments/Faculty_of_Architecture_Planning_And_Surveying_UiTM/Documents", "doc_count": 3}, {"href": "https://uitm.academia.edu/Departments/Faculty_of_Architecture_Planning_and_Surveying/Documents", "doc_count": 79}, {"href": "https://uitm.academia.edu/Departments/Faculty_of_Art_Design_Design_Technology_Department/Documents", "doc_count": 1}, {"href": "https://uitm.academia.edu/Departments/Faculty_of_Art_Design_Textile_Design/Documents", "doc_count": 1}, {"href": "https://uitm.academia.edu/Departments/Faculty_of_Art_and_Design_Fine_Art_and_Technology/Documents", "doc_count": 2}, {"href": "https://uitm.academia.edu/Departments/Faculty_of_Artistic_Creative_Technology/Documents", "doc_count": 2}, {"href": "https://uitm.academia.edu/Departments/Faculty_of_Arts_and_Social_Science/Documents", "doc_count": 9}, {"href": "https://uitm.academia.edu/Departments/Faculty_of_Business/Documents", "doc_count": 189}, {"href": "https://uitm.academia.edu/Departments/Faculty_of_Business_Management/Documents", "doc_count": 37}, {"href": "https://uitm.academia.edu/Departments/Faculty_of_Business_Administration_Marketing_/Documents", "doc_count": 34}, {"href": "https://uitm.academia.edu/Departments/Faculty_of_Business_Management_Machang_Kelantan/Documents", "doc_count": 1}, {"href": "https://uitm.academia.edu/Departments/Faculty_of_Business_Management_Seremban/Documents", "doc_count": 1}, {"href": "https://uitm.academia.edu/Departments/Faculty_of_Business_administration/Documents", "doc_count": 71}, {"href": "https://uitm.academia.edu/Departments/Faculty_of_Business_and_Management_Dungun_Terengganu/Documents", "doc_count": 61}, {"href": "https://uitm.academia.edu/Departments/Faculty_of_Business_and_Management_Jengka_Pahang/Documents", "doc_count": 24}, {"href": "https://uitm.academia.edu/Departments/Faculty_of_Business_and_Management_Raub_Pahang/Documents", "doc_count": 84}, {"href": "https://uitm.academia.edu/Departments/Faculty_of_Business_and_Management_Sarawak/Documents", "doc_count": 87}, {"href": "https://uitm.academia.edu/Departments/Faculty_of_Business_and_Management_Shah_Alam/Documents", "doc_count": 49}, {"href": "https://uitm.academia.edu/Departments/Faculty_of_Business_and_Management_UiTM_Sabah/Documents", "doc_count": 4}, {"href": "https://uitm.academia.edu/Departments/Faculty_of_Business_and_Management_Uitm_Puncak_Alam/Documents", "doc_count": 1}, {"href": "https://uitm.academia.edu/Departments/Faculty_of_Bussines_Management/Documents", "doc_count": 69}, {"href": "https://uitm.academia.edu/Departments/Faculty_of_Chemical_Engneering/Documents", "doc_count": 228}, {"href": "https://uitm.academia.edu/Departments/Faculty_of_Civil/Documents", "doc_count": 1}, {"href": "https://uitm.academia.edu/Departments/Faculty_of_Civil_Egineering/Documents", "doc_count": 74}, {"href": "https://uitm.academia.edu/Departments/Faculty_of_Civil_Engineering/Documents", "doc_count": 666}, {"href": "https://uitm.academia.edu/Departments/Faculty_of_Civil_Engineering_Infrastructure_/Documents", "doc_count": 6}, {"href": "https://uitm.academia.edu/Departments/Faculty_of_Civil_Enigneering/Documents", "doc_count": 39}, {"href": "https://uitm.academia.edu/Departments/Faculty_of_Communication_Media_Studies/Documents", "doc_count": 77}, {"href": "https://uitm.academia.edu/Departments/Faculty_of_Computer_Mathematical_Sciences/Documents", "doc_count": 24}, {"href": "https://uitm.academia.edu/Departments/Faculty_of_Computer_Science_and_Mathematics/Documents", "doc_count": 29}, {"href": "https://uitm.academia.edu/Departments/Faculty_of_Computer_Science_and_Mathematics_FSKM_/Documents", "doc_count": 119}, {"href": "https://uitm.academia.edu/Departments/Faculty_of_Computer_Sciences_and_Mathematics/Documents", "doc_count": 46}, {"href": "https://uitm.academia.edu/Departments/Faculty_of_Computer_and_Mathemathical_Sciences/Documents", "doc_count": 12}, {"href": "https://uitm.academia.edu/Departments/Faculty_of_Computer_and_Mathematical_Sciences/Documents", "doc_count": 943}, {"href": "https://uitm.academia.edu/Departments/Faculty_of_Computer_and_Mathematics_Sciences/Documents", "doc_count": 112}, {"href": "https://uitm.academia.edu/Departments/Faculty_of_Copmuter_Sciences_and_Mathematics/Documents", "doc_count": 5}, {"href": "https://uitm.academia.edu/Departments/Faculty_of_Creative_Industry/Documents", "doc_count": 2}, {"href": "https://uitm.academia.edu/Departments/Faculty_of_Dentistry/Documents", "doc_count": 36}, {"href": "https://uitm.academia.edu/Departments/Faculty_of_Dentsitry/Documents", "doc_count": 10}, {"href": "https://uitm.academia.edu/Departments/Faculty_of_Education/Documents", "doc_count": 583}, {"href": "https://uitm.academia.edu/Departments/Faculty_of_Electrical_Enginering/Documents", "doc_count": 445}, {"href": "https://uitm.academia.edu/Departments/Faculty_of_Electrical_and_Electronics_Engineering/Documents", "doc_count": 43}, {"href": "https://uitm.academia.edu/Departments/Faculty_of_Film_Theater_and_Animation/Documents", "doc_count": 16}, {"href": "https://uitm.academia.edu/Departments/Faculty_of_Film_Theatre_Animation/Documents", "doc_count": 21}, {"href": "https://uitm.academia.edu/Departments/Faculty_of_Film_Theatre_and_Animation/Documents", "doc_count": 32}, {"href": "https://uitm.academia.edu/Departments/Faculty_of_Film_Theatre_Animation1/Documents", "doc_count": 2}, {"href": "https://uitm.academia.edu/Departments/Faculty_of_Health_Sciences/Documents", "doc_count": 131}, {"href": "https://uitm.academia.edu/Departments/Faculty_of_Health_Sciences_Nutrition_and_Dietetics/Documents", "doc_count": 1}, {"href": "https://uitm.academia.edu/Departments/Faculty_of_Hotel_Tourism_Management/Documents", "doc_count": 52}, {"href": "https://uitm.academia.edu/Departments/Faculty_of_Hotel_and_Tourism_Management/Documents", "doc_count": 250}, {"href": "https://uitm.academia.edu/Departments/Faculty_of_Hotel_and_Toursim_Management/Documents", "doc_count": 5}, {"href": "https://uitm.academia.edu/Departments/Faculty_of_Information_Mangement/Documents", "doc_count": 74}, {"href": "https://uitm.academia.edu/Departments/Faculty_of_Information_Technology_and_Quantitative_Science/Documents", "doc_count": 55}, {"href": "https://uitm.academia.edu/Departments/Faculty_of_Law/Documents", "doc_count": 263}, {"href": "https://uitm.academia.edu/Departments/Faculty_of_Mass_Communication_Media_Studies/Documents", "doc_count": 27}, {"href": "https://uitm.academia.edu/Departments/Faculty_of_Medicine/Documents", "doc_count": 196}, {"href": "https://uitm.academia.edu/Departments/Faculty_of_Music/Documents", "doc_count": 62}, {"href": "https://uitm.academia.edu/Departments/Faculty_of_Pharmacy/Documents", "doc_count": 137}, {"href": "https://uitm.academia.edu/Departments/Faculty_of_Sport_and_Recreation/Documents", "doc_count": 1}, {"href": "https://uitm.academia.edu/Departments/Faculty_of_Sports_Science_and_Recreation/Documents", "doc_count": 110}, {"href": "https://uitm.academia.edu/Departments/Faculty_of_Sports_science_recreation/Documents", "doc_count": 65}, {"href": "https://uitm.academia.edu/Departments/Faculty_of_Tourism_and_Hospitality/Documents", "doc_count": 1}, {"href": "https://uitm.academia.edu/Departments/Faculty_of_computer_and_mathematics_science/Documents", "doc_count": 14}, {"href": "https://uitm.academia.edu/Departments/Fakulti_Bahasa_Melayu/Documents", "doc_count": 2}, {"href": "https://uitm.academia.edu/Departments/Fakulti_Ekologi_Manusia/Documents", "doc_count": 24}, {"href": "https://uitm.academia.edu/Departments/Fakulti_Filem_Teater_Animasi/Documents", "doc_count": 2}, {"href": "https://uitm.academia.edu/Departments/Fakulti_Filem_Teater_dan_Animasi/Documents", "doc_count": 8}, {"href": "https://uitm.academia.edu/Departments/Fakulti_Kejuruteraan_Awam/Documents", "doc_count": 3}, {"href": "https://uitm.academia.edu/Departments/Fakulti_Kejuruteraan_Elektrik/Documents", "doc_count": 226}, {"href": "https://uitm.academia.edu/Departments/Fakulti_Kejuruteraan_Kimia/Documents", "doc_count": 44}, {"href": "https://uitm.academia.edu/Departments/Fakulti_Kejuruteraan_Mekanikal/Documents", "doc_count": 165}, {"href": "https://uitm.academia.edu/Departments/Fakulti_Komunikasi_dan_Pengajian_Media/Documents", "doc_count": 8}, {"href": "https://uitm.academia.edu/Departments/Fakulti_Muzik/Documents", "doc_count": 5}, {"href": "https://uitm.academia.edu/Departments/Fakulti_Pendidikan/Documents", "doc_count": 3}, {"href": "https://uitm.academia.edu/Departments/Fakulti_Pengajian_Islam_Kontemporari/Documents", "doc_count": 1}, {"href": "https://uitm.academia.edu/Departments/Fakulti_Pengajian_Maklumat/Documents", "doc_count": 1}, {"href": "https://uitm.academia.edu/Departments/Fakulti_Pengajian_Sains_Pentadbiran_Dan_Polisi/Documents", "doc_count": 1}, {"href": "https://uitm.academia.edu/Departments/Fakulti_Pengurusan_Hotel_Dan_Pelancongan/Documents", "doc_count": 6}, {"href": "https://uitm.academia.edu/Departments/Fakulti_Pengurusan_Maklumat/Documents", "doc_count": 48}, {"href": "https://uitm.academia.edu/Departments/Fakulti_Pengurusan_Perniagaan/Documents", "doc_count": 77}, {"href": "https://uitm.academia.edu/Departments/Fakulti_Perladangan_dan_Agroteknologi/Documents", "doc_count": 3}, {"href": "https://uitm.academia.edu/Departments/Fakulti_Saince_Computer/Documents", "doc_count": 1}, {"href": "https://uitm.academia.edu/Departments/Fakulti_Sains_Gunaan/Documents", "doc_count": 75}, {"href": "https://uitm.academia.edu/Departments/Fakulti_Sains_Kesihatan/Documents", "doc_count": 2}, {"href": "https://uitm.academia.edu/Departments/Fakulti_Sains_Komputer_dan_Matematik/Documents", "doc_count": 121}, {"href": "https://uitm.academia.edu/Departments/Fakulti_Sains_Pentadbiran_Dan_Pengajian_Polisi/Documents", "doc_count": 11}, {"href": "https://uitm.academia.edu/Departments/Fakulti_Sains_Sukan/Documents", "doc_count": 8}, {"href": "https://uitm.academia.edu/Departments/Fakulti_Sains_Sukan_Rekreasi/Documents", "doc_count": 7}, {"href": "https://uitm.academia.edu/Departments/Fakulti_Seni_Lukis_Seni_Reka/Documents", "doc_count": 7}, {"href": "https://uitm.academia.edu/Departments/Fakulti_Senibina_Perancangan_Dan_Ukur/Documents", "doc_count": 2}, {"href": "https://uitm.academia.edu/Departments/Fakulti_Senibina_Perancangan_dan_Ukur/Documents", "doc_count": 15}, {"href": "https://uitm.academia.edu/Departments/Fakulti_Sistem_Maklumat/Documents", "doc_count": 1}, {"href": "https://uitm.academia.edu/Departments/Fakulti_Teknologi_Kreatif_dan_Artistik/Documents", "doc_count": 2}, {"href": "https://uitm.academia.edu/Departments/Fakulti_business_management/Documents", "doc_count": 6}, {"href": "https://uitm.academia.edu/Departments/Fakulti_of_Education/Documents", "doc_count": 1}, {"href": "https://uitm.academia.edu/Departments/Fakulti_of_Information_Managment/Documents", "doc_count": 1}, {"href": "https://uitm.academia.edu/Departments/Fakulti_perakaunan/Documents", "doc_count": 1}, {"href": "https://uitm.academia.edu/Departments/Fakulty_of_Education/Documents", "doc_count": 3}, {"href": "https://uitm.academia.edu/Departments/Fakulty_of_Elcetrical_Engineering/Documents", "doc_count": 2}, {"href": "https://uitm.academia.edu/Departments/Fakulty_of_business_management/Documents", "doc_count": 100}, {"href": "https://uitm.academia.edu/Departments/Falkulti/Documents", "doc_count": 1}, {"href": "https://uitm.academia.edu/Departments/Falkuti_Pendidikan_dan_Pembangunan_Manusia/Documents", "doc_count": 1}, {"href": "https://uitm.academia.edu/Departments/Fashion_Department/Documents", "doc_count": 4}, {"href": "https://uitm.academia.edu/Departments/FiTA/Documents", "doc_count": 9}, {"href": "https://uitm.academia.edu/Departments/Fil_Theatre_Animation/Documents", "doc_count": 3}, {"href": "https://uitm.academia.edu/Departments/Film_theatre_animation/Documents", "doc_count": 73}, {"href": "https://uitm.academia.edu/Departments/Fine_Art/Documents", "doc_count": 16}, {"href": "https://uitm.academia.edu/Departments/Fine_Art_and_Visual_Culture/Documents", "doc_count": 2}, {"href": "https://uitm.academia.edu/Departments/Flight_Technology_Test_Centre_Faculty_of_Mechanical_Engineering/Documents", "doc_count": 25}, {"href": "https://uitm.academia.edu/Departments/Food_Science_and_Technology/Documents", "doc_count": 41}, {"href": "https://uitm.academia.edu/Departments/Food_technology/Documents", "doc_count": 21}, {"href": "https://uitm.academia.edu/Departments/Forensic_Accounting_Financial_Criminology/Documents", "doc_count": 9}, {"href": "https://uitm.academia.edu/Departments/Forest_Ecology_Management/Documents", "doc_count": 5}, {"href": "https://uitm.academia.edu/Departments/Formgiving_Design/Documents", "doc_count": 47}, {"href": "https://uitm.academia.edu/Departments/Fotografi_Pengimejan_Kreatif_Kepujian_/Documents", "doc_count": 8}, {"href": "https://uitm.academia.edu/Departments/Foundation/Documents", "doc_count": 1}, {"href": "https://uitm.academia.edu/Departments/Fres/Documents", "doc_count": 1}, {"href": "https://uitm.academia.edu/Departments/Fspu_Heritage/Documents", "doc_count": 1}, {"href": "https://uitm.academia.edu/Departments/F%C3%ADsica/Documents", "doc_count": 1}, {"href": "https://uitm.academia.edu/Departments/GRADUATE_BUSINESS_SCHOOL/Documents", "doc_count": 17}, {"href": "https://uitm.academia.edu/Departments/General_Studies/Documents", "doc_count": 1}, {"href": "https://uitm.academia.edu/Departments/General_Surgery/Documents", "doc_count": 2}, {"href": "https://uitm.academia.edu/Departments/Geociencia/Documents", "doc_count": 1}, {"href": "https://uitm.academia.edu/Departments/Geomatic/Documents", "doc_count": 2}, {"href": "https://uitm.academia.edu/Departments/Geomatics_Science_remote_Sensing_/Documents", "doc_count": 2}, {"href": "https://uitm.academia.edu/Departments/Graduate_Student/Documents", "doc_count": 1}, {"href": "https://uitm.academia.edu/Departments/Graphic_Department_Faculty_of_Art_and_Design/Documents", "doc_count": 29}, {"href": "https://uitm.academia.edu/Departments/Graphic_Design/Documents", "doc_count": 4}, {"href": "https://uitm.academia.edu/Departments/Graphic_Design_Department_Faculty_of_Art_and_Design/Documents", "doc_count": 23}, {"href": "https://uitm.academia.edu/Departments/Guatemala/Documents", "doc_count": 1}, {"href": "https://uitm.academia.edu/Departments/HR_IB_and_Management/Documents", "doc_count": 3}, {"href": "https://uitm.academia.edu/Departments/Halal_Industry_Management/Documents", "doc_count": 4}, {"href": "https://uitm.academia.edu/Departments/Health_Science/Documents", "doc_count": 17}, {"href": "https://uitm.academia.edu/Departments/Highway/Documents", "doc_count": 1}, {"href": "https://uitm.academia.edu/Departments/Hospitality_and_Tourism_Management/Documents", "doc_count": 2}, {"href": "https://uitm.academia.edu/Departments/Hotel/Documents", "doc_count": 33}, {"href": "https://uitm.academia.edu/Departments/Hotel_Tourism/Documents", "doc_count": 2}, {"href": "https://uitm.academia.edu/Departments/Hotel_Tourism_Managemnt/Documents", "doc_count": 1}, {"href": "https://uitm.academia.edu/Departments/Hotel_and_Tourism/Documents", "doc_count": 8}, {"href": "https://uitm.academia.edu/Departments/Human_Resources_Department/Documents", "doc_count": 1}, {"href": "https://uitm.academia.edu/Departments/Humanities_School/Documents", "doc_count": 1}, {"href": "https://uitm.academia.edu/Departments/ICT_Dept/Documents", "doc_count": 3}, {"href": "https://uitm.academia.edu/Departments/IT_computer_science_and_mathematic_/Documents", "doc_count": 14}, {"href": "https://uitm.academia.edu/Departments/InQKA/Documents", "doc_count": 52}, {"href": "https://uitm.academia.edu/Departments/Industrial_Ceramic/Documents", "doc_count": 4}, {"href": "https://uitm.academia.edu/Departments/Industrial_Design/Documents", "doc_count": 67}, {"href": "https://uitm.academia.edu/Departments/Industrial_Technology/Documents", "doc_count": 12}, {"href": "https://uitm.academia.edu/Departments/Information_Management_System/Documents", "doc_count": 50}, {"href": "https://uitm.academia.edu/Departments/Information_System/Documents", "doc_count": 2}, {"href": "https://uitm.academia.edu/Departments/Information_System_Management/Documents", "doc_count": 86}, {"href": "https://uitm.academia.edu/Departments/Information_Systems/Documents", "doc_count": 4}, {"href": "https://uitm.academia.edu/Departments/Information_Technology/Documents", "doc_count": 44}, {"href": "https://uitm.academia.edu/Departments/Ingenieria/Documents", "doc_count": 1}, {"href": "https://uitm.academia.edu/Departments/Institut_Kajian_Zakat_Malaysia_IKaZ_/Documents", "doc_count": 7}, {"href": "https://uitm.academia.edu/Departments/Institute_for_Clinical_Research_Ministry_of_Health_Malaysia/Documents", "doc_count": 84}, {"href": "https://uitm.academia.edu/Departments/Institute_for_Infrastructure_Engineering_and_Sustainable_Management_IIESM_/Documents", "doc_count": 69}, {"href": "https://uitm.academia.edu/Departments/Institute_of_Business_Excellence/Documents", "doc_count": 46}, {"href": "https://uitm.academia.edu/Departments/Institute_of_Graduate_studies/Documents", "doc_count": 1}, {"href": "https://uitm.academia.edu/Departments/Institute_of_Medical_Molecular_Biotechnology/Documents", "doc_count": 24}, {"href": "https://uitm.academia.edu/Departments/Institute_of_Pathology_Laboratory_and_Forensic_Medicine/Documents", "doc_count": 5}, {"href": "https://uitm.academia.edu/Departments/Institute_of_Science/Documents", "doc_count": 81}, {"href": "https://uitm.academia.edu/Departments/Integrative_Pharmacogenomics_Centre/Documents", "doc_count": 12}, {"href": "https://uitm.academia.edu/Departments/Interior_Architecture/Documents", "doc_count": 56}, {"href": "https://uitm.academia.edu/Departments/Internal_Medicine/Documents", "doc_count": 5}, {"href": "https://uitm.academia.edu/Departments/International_Business/Documents", "doc_count": 16}, {"href": "https://uitm.academia.edu/Departments/International_Malaysia/Documents", "doc_count": 2}, {"href": "https://uitm.academia.edu/Departments/Islamic_Thought_understanding_Centre/Documents", "doc_count": 25}, {"href": "https://uitm.academia.edu/Departments/JABATAN_SAINS_UKUR_DAN_GEOMATIK/Documents", "doc_count": 4}, {"href": "https://uitm.academia.edu/Departments/JEWELLERY/Documents", "doc_count": 3}, {"href": "https://uitm.academia.edu/Departments/Jabatan_Akauntan_Negara_Malaysia_Negeri_Sarawak/Documents", "doc_count": 1}, {"href": "https://uitm.academia.edu/Departments/Jabatan_Bahasa_Asia_Eropah/Documents", "doc_count": 11}, {"href": "https://uitm.academia.edu/Departments/Jabatan_Oftalmologi/Documents", "doc_count": 1}, {"href": "https://uitm.academia.edu/Departments/Jabatan_Pengajian_Siswazah/Documents", "doc_count": 1}, {"href": "https://uitm.academia.edu/Departments/Jabatan_Rekabentuk_Grafik_Komunikasi_Visual/Documents", "doc_count": 1}, {"href": "https://uitm.academia.edu/Departments/Jacob/Documents", "doc_count": 1}, {"href": "https://uitm.academia.edu/Departments/Jengka/Documents", "doc_count": 1}, {"href": "https://uitm.academia.edu/Departments/Journalism/Documents", "doc_count": 10}, {"href": "https://uitm.academia.edu/Departments/Jsug/Documents", "doc_count": 4}, {"href": "https://uitm.academia.edu/Departments/Juruukur_Banggunan/Documents", "doc_count": 5}, {"href": "https://uitm.academia.edu/Departments/Kampus_Dungun/Documents", "doc_count": 1}, {"href": "https://uitm.academia.edu/Departments/Kampus_Machang/Documents", "doc_count": 1}, {"href": "https://uitm.academia.edu/Departments/Kampus_Puncak_Perdana/Documents", "doc_count": 1}, {"href": "https://uitm.academia.edu/Departments/Kampus_Samarahan/Documents", "doc_count": 1}, {"href": "https://uitm.academia.edu/Departments/Kampus_Seremban_3/Documents", "doc_count": 2}, {"href": "https://uitm.academia.edu/Departments/Kampus_Uitm_Puncak_Alam/Documents", "doc_count": 1}, {"href": "https://uitm.academia.edu/Departments/Kedah/Documents", "doc_count": 1}, {"href": "https://uitm.academia.edu/Departments/Kedokteran/Documents", "doc_count": 4}, {"href": "https://uitm.academia.edu/Departments/Kenegaraan/Documents", "doc_count": 1}, {"href": "https://uitm.academia.edu/Departments/Kimia/Documents", "doc_count": 5}, {"href": "https://uitm.academia.edu/Departments/Kitchen/Documents", "doc_count": 4}, {"href": "https://uitm.academia.edu/Departments/Kolej_Kejuruteraan/Documents", "doc_count": 1}, {"href": "https://uitm.academia.edu/Departments/Kota_Kinabalu/Documents", "doc_count": 3}, {"href": "https://uitm.academia.edu/Departments/Kota_Samarahan/Documents", "doc_count": 1}, {"href": "https://uitm.academia.edu/Departments/Kuching_Sarawak/Documents", "doc_count": 1}, {"href": "https://uitm.academia.edu/Departments/LAWS/Documents", "doc_count": 16}, {"href": "https://uitm.academia.edu/Departments/Language_Academy_Studies/Documents", "doc_count": 435}, {"href": "https://uitm.academia.edu/Departments/Language_Studies/Documents", "doc_count": 35}, {"href": "https://uitm.academia.edu/Departments/Legal_Aspect_of_Sustainable_Development_Initiative_Group/Documents", "doc_count": 4}, {"href": "https://uitm.academia.edu/Departments/Legal_Department/Documents", "doc_count": 1}, {"href": "https://uitm.academia.edu/Departments/Liberal_Studies_Department/Documents", "doc_count": 9}, {"href": "https://uitm.academia.edu/Departments/Library/Documents", "doc_count": 1}, {"href": "https://uitm.academia.edu/Departments/Library_Information_system_Department/Documents", "doc_count": 5}, {"href": "https://uitm.academia.edu/Departments/Library_and_information_sciences/Documents", "doc_count": 7}, {"href": "https://uitm.academia.edu/Departments/Lima/Documents", "doc_count": 1}, {"href": "https://uitm.academia.edu/Departments/MAterials_Technology/Documents", "doc_count": 3}, {"href": "https://uitm.academia.edu/Departments/MITRANS/Documents", "doc_count": 1}, {"href": "https://uitm.academia.edu/Departments/Malaysia_Institute_of_Tranasport_MITRANS_/Documents", "doc_count": 2}, {"href": "https://uitm.academia.edu/Departments/Malaysia_Institute_of_Transport/Documents", "doc_count": 23}, {"href": "https://uitm.academia.edu/Departments/Malaysia_Research_Centre_for_Logistics_and_Supply_Chain_MaRCeLS_Malaysia_Institute_of_Transport_MITRANS_/Documents", "doc_count": 114}, {"href": "https://uitm.academia.edu/Departments/Malaysian_Academy_of_SME_and_Entrepreneurship_Development/Documents", "doc_count": 20}, {"href": "https://uitm.academia.edu/Departments/Management/Documents", "doc_count": 1}, {"href": "https://uitm.academia.edu/Departments/Management_Business/Documents", "doc_count": 1}, {"href": "https://uitm.academia.edu/Departments/Manufacturing_Design_and_Innovation_MDI_Faculty_of_Mechanical_Engineering_/Documents", "doc_count": 29}, {"href": "https://uitm.academia.edu/Departments/Mara/Documents", "doc_count": 1}, {"href": "https://uitm.academia.edu/Departments/Marine_Transport/Documents", "doc_count": 1}, {"href": "https://uitm.academia.edu/Departments/Marketing/Documents", "doc_count": 15}, {"href": "https://uitm.academia.edu/Departments/Marketing_and_Management/Documents", "doc_count": 71}, {"href": "https://uitm.academia.edu/Departments/Marketing_and_Retail_Studies/Documents", "doc_count": 23}, {"href": "https://uitm.academia.edu/Departments/Marketing_Retailing_and_Entrepreneurship/Documents", "doc_count": 13}, {"href": "https://uitm.academia.edu/Departments/Mass_Comm/Documents", "doc_count": 5}, {"href": "https://uitm.academia.edu/Departments/Mass_Communication/Documents", "doc_count": 5}, {"href": "https://uitm.academia.edu/Departments/Mass_Communication_and_Media_Studies/Documents", "doc_count": 12}, {"href": "https://uitm.academia.edu/Departments/Masscom/Documents", "doc_count": 2}, {"href": "https://uitm.academia.edu/Departments/Masscomm/Documents", "doc_count": 1}, {"href": "https://uitm.academia.edu/Departments/Masscommunication/Documents", "doc_count": 1}, {"href": "https://uitm.academia.edu/Departments/Master_Business_Administration/Documents", "doc_count": 1}, {"href": "https://uitm.academia.edu/Departments/Master_Sc_in_the_Specialisms_of_the_Built_Environment/Documents", "doc_count": 9}, {"href": "https://uitm.academia.edu/Departments/Mathematical_Sciences/Documents", "doc_count": 9}, {"href": "https://uitm.academia.edu/Departments/Mathematical_and_Computer_Science/Documents", "doc_count": 31}, {"href": "https://uitm.academia.edu/Departments/Mathematics/Documents", "doc_count": 40}, {"href": "https://uitm.academia.edu/Departments/Mathematics_Education/Documents", "doc_count": 2}, {"href": "https://uitm.academia.edu/Departments/Mechanical_Engineering/Documents", "doc_count": 291}, {"href": "https://uitm.academia.edu/Departments/Mechatronic_Instrumentation_and_Control_Faculty_of_Mechanical_Engineering/Documents", "doc_count": 39}, {"href": "https://uitm.academia.edu/Departments/Medic/Documents", "doc_count": 1}, {"href": "https://uitm.academia.edu/Departments/Medical_Faculty/Documents", "doc_count": 47}, {"href": "https://uitm.academia.edu/Departments/Medical_Imaging_Faculty_of_Health_Sciences/Documents", "doc_count": 1}, {"href": "https://uitm.academia.edu/Departments/Medical_Laboratory_Technology/Documents", "doc_count": 30}, {"href": "https://uitm.academia.edu/Departments/Medical_Microbiology_and_Parasitology/Documents", "doc_count": 44}, {"href": "https://uitm.academia.edu/Departments/Microbiology/Documents", "doc_count": 3}, {"href": "https://uitm.academia.edu/Departments/Microwave_Research_Institute/Documents", "doc_count": 66}, {"href": "https://uitm.academia.edu/Departments/Moyerfinejewelers/Documents", "doc_count": 4}, {"href": "https://uitm.academia.edu/Departments/Muamalat/Documents", "doc_count": 1}, {"href": "https://uitm.academia.edu/Departments/Music_Education/Documents", "doc_count": 4}, {"href": "https://uitm.academia.edu/Departments/No_Department/Documents", "doc_count": 1}, {"href": "https://uitm.academia.edu/Departments/None/Documents", "doc_count": 1}, {"href": "https://uitm.academia.edu/Departments/Nurhan_Dogan/Documents", "doc_count": 1}, {"href": "https://uitm.academia.edu/Departments/Nurse/Documents", "doc_count": 1}, {"href": "https://uitm.academia.edu/Departments/Nursing/Documents", "doc_count": 5}, {"href": "https://uitm.academia.edu/Departments/Nutrition_and_Dietetic/Documents", "doc_count": 1}, {"href": "https://uitm.academia.edu/Departments/OFFICE_MANAGEMENT/Documents", "doc_count": 1}, {"href": "https://uitm.academia.edu/Departments/OTHERS/Documents", "doc_count": 1}, {"href": "https://uitm.academia.edu/Departments/Occupational_Therapy/Documents", "doc_count": 19}, {"href": "https://uitm.academia.edu/Departments/Occupational_Therapy_Department_Faculty_of_Health_Sciences/Documents", "doc_count": 12}, {"href": "https://uitm.academia.edu/Departments/Office_Management_and_Technology/Documents", "doc_count": 31}, {"href": "https://uitm.academia.edu/Departments/Office_Management_and_Technology_Faculty_of_Business_Management_/Documents", "doc_count": 22}, {"href": "https://uitm.academia.edu/Departments/Office_Mgt_and_Technology/Documents", "doc_count": 2}, {"href": "https://uitm.academia.edu/Departments/Oil_and_Gas_Engineering/Documents", "doc_count": 2}, {"href": "https://uitm.academia.edu/Departments/Optometry/Documents", "doc_count": 12}, {"href": "https://uitm.academia.edu/Departments/PUBLIC_ADMINISTRATION_AND_SCIENCE_POLICY_fsppp_/Documents", "doc_count": 16}, {"href": "https://uitm.academia.edu/Departments/Paediatric_Dentistry_and_Orthodontic_Studies/Documents", "doc_count": 6}, {"href": "https://uitm.academia.edu/Departments/Paediatric_Dentistry_and_Orthodontics/Documents", "doc_count": 12}, {"href": "https://uitm.academia.edu/Departments/Parasitology_Discipline_Faculty_of_Medicine/Documents", "doc_count": 22}, {"href": "https://uitm.academia.edu/Departments/Park_and_Amenity_Management/Documents", "doc_count": 52}, {"href": "https://uitm.academia.edu/Departments/Parks_and_Amenity_Management/Documents", "doc_count": 18}, {"href": "https://uitm.academia.edu/Departments/Pasir_Gudang/Documents", "doc_count": 2}, {"href": "https://uitm.academia.edu/Departments/Pathology/Documents", "doc_count": 84}, {"href": "https://uitm.academia.edu/Departments/Pengurusan_Seni/Documents", "doc_count": 1}, {"href": "https://uitm.academia.edu/Departments/Perakaunan/Documents", "doc_count": 3}, {"href": "https://uitm.academia.edu/Departments/Perpustakaan_Tun_Abdul_Razak/Documents", "doc_count": 5}, {"href": "https://uitm.academia.edu/Departments/Petroleum_Geoscience/Documents", "doc_count": 1}, {"href": "https://uitm.academia.edu/Departments/Pharmaceutical_Sciences/Documents", "doc_count": 1}, {"href": "https://uitm.academia.edu/Departments/Pharmacology/Documents", "doc_count": 20}, {"href": "https://uitm.academia.edu/Departments/Pharmacology_Pharmaceutical_Chemistry/Documents", "doc_count": 16}, {"href": "https://uitm.academia.edu/Departments/Photography_Creative_Imaging_School_Of_Art_Design_/Documents", "doc_count": 6}, {"href": "https://uitm.academia.edu/Departments/Physical_Education_Faculty_of_Education/Documents", "doc_count": 24}, {"href": "https://uitm.academia.edu/Departments/Physical_and_Health_Education/Documents", "doc_count": 25}, {"href": "https://uitm.academia.edu/Departments/Physics/Documents", "doc_count": 70}, {"href": "https://uitm.academia.edu/Departments/Physics_and_Material_Sciences/Documents", "doc_count": 106}, {"href": "https://uitm.academia.edu/Departments/Physiology/Documents", "doc_count": 76}, {"href": "https://uitm.academia.edu/Departments/Physiotherapy/Documents", "doc_count": 13}, {"href": "https://uitm.academia.edu/Departments/Plantation_and_Agrotechnology/Documents", "doc_count": 207}, {"href": "https://uitm.academia.edu/Departments/Policy_Studies/Documents", "doc_count": 2}, {"href": "https://uitm.academia.edu/Departments/Political_Science/Documents", "doc_count": 1}, {"href": "https://uitm.academia.edu/Departments/Political_Scince/Documents", "doc_count": 1}, {"href": "https://uitm.academia.edu/Departments/Political_Studies/Documents", "doc_count": 73}, {"href": "https://uitm.academia.edu/Departments/Polymer_Technology/Documents", "doc_count": 6}, {"href": "https://uitm.academia.edu/Departments/Post_Graduate_Studies/Documents", "doc_count": 7}, {"href": "https://uitm.academia.edu/Departments/Post_Graduate_Studies_Faculty_of_Business/Documents", "doc_count": 11}, {"href": "https://uitm.academia.edu/Departments/Post_Graduate_Studies_Faculty_of_Architecture_Planning_Surveying/Documents", "doc_count": 27}, {"href": "https://uitm.academia.edu/Departments/Power_Engineering/Documents", "doc_count": 10}, {"href": "https://uitm.academia.edu/Departments/Primary_Care_Medicine/Documents", "doc_count": 27}, {"href": "https://uitm.academia.edu/Departments/Printing_Technology/Documents", "doc_count": 1}, {"href": "https://uitm.academia.edu/Departments/Property_Management/Documents", "doc_count": 2}, {"href": "https://uitm.academia.edu/Departments/Psychiatry/Documents", "doc_count": 1}, {"href": "https://uitm.academia.edu/Departments/Psychological_Behavioural_Medicine/Documents", "doc_count": 28}, {"href": "https://uitm.academia.edu/Departments/Psychology/Documents", "doc_count": 18}, {"href": "https://uitm.academia.edu/Departments/Public_Administration/Documents", "doc_count": 5}, {"href": "https://uitm.academia.edu/Departments/Public_Policy/Documents", "doc_count": 1}, {"href": "https://uitm.academia.edu/Departments/Public_Public/Documents", "doc_count": 48}, {"href": "https://uitm.academia.edu/Departments/Public_Relations/Documents", "doc_count": 1}, {"href": "https://uitm.academia.edu/Departments/Public_admin/Documents", "doc_count": 2}, {"href": "https://uitm.academia.edu/Departments/Publishing/Documents", "doc_count": 4}, {"href": "https://uitm.academia.edu/Departments/Pulau_Pinang/Documents", "doc_count": 1}, {"href": "https://uitm.academia.edu/Departments/Pusat_Asasi/Documents", "doc_count": 1}, {"href": "https://uitm.academia.edu/Departments/Pusat_Kajian_Manuskrip_Alam_Melayu_PUSKAM_/Documents", "doc_count": 29}, {"href": "https://uitm.academia.edu/Departments/Pusat_Pemikiran_dan_Kefahaman_Islam/Documents", "doc_count": 12}, {"href": "https://uitm.academia.edu/Departments/Records_Management/Documents", "doc_count": 2}, {"href": "https://uitm.academia.edu/Departments/Rehabilitation_Medicine/Documents", "doc_count": 25}, {"href": "https://uitm.academia.edu/Departments/Religion/Documents", "doc_count": 1}, {"href": "https://uitm.academia.edu/Departments/Research/Documents", "doc_count": 4}, {"href": "https://uitm.academia.edu/Departments/Research_Industrial_Linkages_Community_Alumni/Documents", "doc_count": 6}, {"href": "https://uitm.academia.edu/Departments/RiND_Faculty_of_Phamacy/Documents", "doc_count": 25}, {"href": "https://uitm.academia.edu/Departments/Risk_Management_and_Financial_Services/Documents", "doc_count": 38}, {"href": "https://uitm.academia.edu/Departments/Room_Division/Documents", "doc_count": 1}, {"href": "https://uitm.academia.edu/Departments/SECTION_CHEMICAL_ENGINEERING/Documents", "doc_count": 6}, {"href": "https://uitm.academia.edu/Departments/SHAH_ALAM_SELANGOR/Documents", "doc_count": 7}, {"href": "https://uitm.academia.edu/Departments/STATISTICAL_AND_DECISION_SCIENCE_STUDIES/Documents", "doc_count": 39}, {"href": "https://uitm.academia.edu/Departments/SURVEYING_SCIENCE_AND_GEOMATIC/Documents", "doc_count": 6}, {"href": "https://uitm.academia.edu/Departments/Sabah/Documents", "doc_count": 1}, {"href": "https://uitm.academia.edu/Departments/Sains/Documents", "doc_count": 1}, {"href": "https://uitm.academia.edu/Departments/Sains_Komputer/Documents", "doc_count": 16}, {"href": "https://uitm.academia.edu/Departments/Sains_Pentadbiran_Dan_Pengajian_Polisi_kepujian_/Documents", "doc_count": 3}, {"href": "https://uitm.academia.edu/Departments/Sains_Sosial/Documents", "doc_count": 1}, {"href": "https://uitm.academia.edu/Departments/Sales_and_Marketing_Department/Documents", "doc_count": 1}, {"href": "https://uitm.academia.edu/Departments/School_of_Chemical_Engineering_College_of_Engineering/Documents", "doc_count": 53}, {"href": "https://uitm.academia.edu/Departments/School_of_Chemistry_and_Environment/Documents", "doc_count": 38}, {"href": "https://uitm.academia.edu/Departments/School_of_Civil_Engineering_College_of_Engineering/Documents", "doc_count": 95}, {"href": "https://uitm.academia.edu/Departments/School_of_Mechanical_Engineering_College_of_Engineering/Documents", "doc_count": 107}, {"href": "https://uitm.academia.edu/Departments/Science_Computer/Documents", "doc_count": 1}, {"href": "https://uitm.academia.edu/Departments/Science_Computer_and_Mathematics/Documents", "doc_count": 5}, {"href": "https://uitm.academia.edu/Departments/Science_Education_Department_Faculty_of_Education/Documents", "doc_count": 26}, {"href": "https://uitm.academia.edu/Departments/Science_and_Mathematics/Documents", "doc_count": 1}, {"href": "https://uitm.academia.edu/Departments/Secretary/Documents", "doc_count": 3}, {"href": "https://uitm.academia.edu/Departments/Seni_Bina_Perancangan_Dan_Uur/Documents", "doc_count": 1}, {"href": "https://uitm.academia.edu/Departments/Seni_Persembahan/Documents", "doc_count": 2}, {"href": "https://uitm.academia.edu/Departments/Social_Science/Documents", "doc_count": 3}, {"href": "https://uitm.academia.edu/Departments/Sosial/Documents", "doc_count": 2}, {"href": "https://uitm.academia.edu/Departments/Sport_Science_and_Recreation/Documents", "doc_count": 73}, {"href": "https://uitm.academia.edu/Departments/Sports_Science/Documents", "doc_count": 1}, {"href": "https://uitm.academia.edu/Departments/Statistics/Documents", "doc_count": 39}, {"href": "https://uitm.academia.edu/Departments/Statistics_and_Decision_Science/Documents", "doc_count": 75}, {"href": "https://uitm.academia.edu/Departments/Student/Documents", "doc_count": 50}, {"href": "https://uitm.academia.edu/Departments/Student_Affairs_Department/Documents", "doc_count": 5}, {"href": "https://uitm.academia.edu/Departments/Student_Ined_Uitm/Documents", "doc_count": 2}, {"href": "https://uitm.academia.edu/Departments/Students/Documents", "doc_count": 2}, {"href": "https://uitm.academia.edu/Departments/Surveying_Science_and_Geomatics/Documents", "doc_count": 107}, {"href": "https://uitm.academia.edu/Departments/System_Science/Documents", "doc_count": 11}, {"href": "https://uitm.academia.edu/Departments/TESL/Documents", "doc_count": 15}, {"href": "https://uitm.academia.edu/Departments/TESL_Faculty_of_Education/Documents", "doc_count": 16}, {"href": "https://uitm.academia.edu/Departments/Taktau_Kt_Hg/Documents", "doc_count": 2}, {"href": "https://uitm.academia.edu/Departments/Tapah/Documents", "doc_count": 3}, {"href": "https://uitm.academia.edu/Departments/Teaching_English_As_A_Second_Language/Documents", "doc_count": 3}, {"href": "https://uitm.academia.edu/Departments/Teknologi_Pendidikan/Documents", "doc_count": 8}, {"href": "https://uitm.academia.edu/Departments/Textile_Design/Documents", "doc_count": 16}, {"href": "https://uitm.academia.edu/Departments/Textile_Sciences_and_Fashion_Technology/Documents", "doc_count": 3}, {"href": "https://uitm.academia.edu/Departments/Textiles/Documents", "doc_count": 2}, {"href": "https://uitm.academia.edu/Departments/Theology/Documents", "doc_count": 13}, {"href": "https://uitm.academia.edu/Departments/Thermifluids_and_Energy_Department_Faculty_of_Mechanical_Engineering/Documents", "doc_count": 159}, {"href": "https://uitm.academia.edu/Departments/Tourism/Documents", "doc_count": 30}, {"href": "https://uitm.academia.edu/Departments/Town_and_regional_planning/Documents", "doc_count": 124}, {"href": "https://uitm.academia.edu/Departments/Tropical_Peat_Research_Laboratory_Unit/Documents", "doc_count": 5}, {"href": "https://uitm.academia.edu/Departments/Tun_Ali/Documents", "doc_count": 1}, {"href": "https://uitm.academia.edu/Departments/UITM_arau/Documents", "doc_count": 1}, {"href": "https://uitm.academia.edu/Departments/USMB/Documents", "doc_count": 1}, {"href": "https://uitm.academia.edu/Departments/UiTM_Sarawak/Documents", "doc_count": 14}, {"href": "https://uitm.academia.edu/Departments/Uitm/Documents", "doc_count": 7}, {"href": "https://uitm.academia.edu/Departments/Uitm_Puncak_Perdana/Documents", "doc_count": 1}, {"href": "https://uitm.academia.edu/Departments/Undang_Undang/Documents", "doc_count": 2}, {"href": "https://uitm.academia.edu/Departments/Universiti_Teknologi_Malaysia/Documents", "doc_count": 1}, {"href": "https://uitm.academia.edu/Departments/Universiti_Teknologi_Mara_Creative_Writing_Faculty_Member_Universiti_Teknologi_Mara_Penulisan_Kreatif_Faculty_Member/Documents", "doc_count": 4}, {"href": "https://uitm.academia.edu/Departments/Visual_Communication_and_New_Media/Documents", "doc_count": 8}, {"href": "https://uitm.academia.edu/Departments/Visual_Cultural_Studies/Documents", "doc_count": 2}, {"href": "https://uitm.academia.edu/Departments/Visual_Culture_Studies/Documents", "doc_count": 5}, {"href": "https://uitm.academia.edu/Departments/Wearwear/Documents", "doc_count": 1}, {"href": "https://uitm.academia.edu/Departments/Welding/Documents", "doc_count": 1}, {"href": "https://uitm.academia.edu/Departments/Wood_Technology_Faculty_of_Aplied_Sciences/Documents", "doc_count": 1}, {"href": "https://uitm.academia.edu/Departments/Writing/Documents", "doc_count": 6}, {"href": "https://uitm.academia.edu/Departments/Zakat_Research_Institute_of_Malaysia_IKaZ_/Documents", "doc_count": 9}]