[{"href": "https://ukm-my.academia.edu/Departments/ATMA/Documents", "doc_count": 29}, {"href": "https://ukm-my.academia.edu/Departments/Accounting/Documents", "doc_count": 99}, {"href": "https://ukm-my.academia.edu/Departments/Anatomy/Documents", "doc_count": 15}, {"href": "https://ukm-my.academia.edu/Departments/Antropology_and_Sociology/Documents", "doc_count": 1}, {"href": "https://ukm-my.academia.edu/Departments/Arabic_Language_Education/Documents", "doc_count": 9}, {"href": "https://ukm-my.academia.edu/Departments/Arabic_Studies_Islamic_Civilization/Documents", "doc_count": 215}, {"href": "https://ukm-my.academia.edu/Departments/Arabic_Studies_and_Islamic_Civilization/Documents", "doc_count": 2}, {"href": "https://ukm-my.academia.edu/Departments/Architecture/Documents", "doc_count": 20}, {"href": "https://ukm-my.academia.edu/Departments/Arts/Documents", "doc_count": 1}, {"href": "https://ukm-my.academia.edu/Departments/Audiologi/Documents", "doc_count": 1}, {"href": "https://ukm-my.academia.edu/Departments/Bangi/Documents", "doc_count": 38}, {"href": "https://ukm-my.academia.edu/Departments/Biochem/Documents", "doc_count": 28}, {"href": "https://ukm-my.academia.edu/Departments/Biology_Club/Documents", "doc_count": 1}, {"href": "https://ukm-my.academia.edu/Departments/Biomedical_Sciences/Documents", "doc_count": 335}, {"href": "https://ukm-my.academia.edu/Departments/Bioscience_and_Biotechnology/Documents", "doc_count": 87}, {"href": "https://ukm-my.academia.edu/Departments/biosciences_Biotechnology/Documents", "doc_count": 13}, {"href": "https://ukm-my.academia.edu/Departments/Biotechnology/Documents", "doc_count": 1}, {"href": "https://ukm-my.academia.edu/Departments/Botanic/Documents", "doc_count": 4}, {"href": "https://ukm-my.academia.edu/Departments/Business_Management/Documents", "doc_count": 1}, {"href": "https://ukm-my.academia.edu/Departments/CHEMSITRY/Documents", "doc_count": 20}, {"href": "https://ukm-my.academia.edu/Departments/Center_for_Artificail_Intelligence/Documents", "doc_count": 17}, {"href": "https://ukm-my.academia.edu/Departments/Center_for_Artificial_Intelligence/Documents", "doc_count": 17}, {"href": "https://ukm-my.academia.edu/Departments/Center_for_Artificial_Intelligince/Documents", "doc_count": 8}, {"href": "https://ukm-my.academia.edu/Departments/Center_for_Cyber_Security/Documents", "doc_count": 84}, {"href": "https://ukm-my.academia.edu/Departments/Center_for_General_Studies/Documents", "doc_count": 64}, {"href": "https://ukm-my.academia.edu/Departments/Center_for_Liberal_Studies/Documents", "doc_count": 87}, {"href": "https://ukm-my.academia.edu/Departments/Center_for_Sustainable_and_Inclusive_Development_Faculty_of_Economics_and_Management/Documents", "doc_count": 56}, {"href": "https://ukm-my.academia.edu/Departments/Center_of_Artificial_Intelligent_and_Technology/Documents", "doc_count": 55}, {"href": "https://ukm-my.academia.edu/Departments/Center_of_Education_Diversity/Documents", "doc_count": 6}, {"href": "https://ukm-my.academia.edu/Departments/Centre_For_Islamic_Heritage_Sustainability/Documents", "doc_count": 49}, {"href": "https://ukm-my.academia.edu/Departments/Centre_for_Biotechnology_and_Functional_Food/Documents", "doc_count": 46}, {"href": "https://ukm-my.academia.edu/Departments/Centre_for_Collaborative_Innovations/Documents", "doc_count": 4}, {"href": "https://ukm-my.academia.edu/Departments/Centre_for_Contemporary_Fiqh_and_Shariah_Compliance/Documents", "doc_count": 1}, {"href": "https://ukm-my.academia.edu/Departments/Centre_for_General_Education/Documents", "doc_count": 33}, {"href": "https://ukm-my.academia.edu/Departments/Centre_for_Human_and_Community_Well_Being/Documents", "doc_count": 63}, {"href": "https://ukm-my.academia.edu/Departments/Centre_for_Integrated_Design_of_Advanced_Mechanical_Systems_PRISMA_/Documents", "doc_count": 98}, {"href": "https://ukm-my.academia.edu/Departments/Centre_for_Latin_American_Studies_iKAL_/Documents", "doc_count": 2}, {"href": "https://ukm-my.academia.edu/Departments/Centre_for_Literacy_and_Sociocultural_Transformation/Documents", "doc_count": 1}, {"href": "https://ukm-my.academia.edu/Departments/Centre_for_Tissue_Engineering_and_Regenerative_Medicine/Documents", "doc_count": 17}, {"href": "https://ukm-my.academia.edu/Departments/Centre_of_Advanced_Electronic_and_Communication_Engineering_PAKET_/Documents", "doc_count": 17}, {"href": "https://ukm-my.academia.edu/Departments/Centre_of_Restorative_Dentistry/Documents", "doc_count": 10}, {"href": "https://ukm-my.academia.edu/Departments/Chemical_Engineering/Documents", "doc_count": 2}, {"href": "https://ukm-my.academia.edu/Departments/Chemical_and_Process_Engineering/Documents", "doc_count": 188}, {"href": "https://ukm-my.academia.edu/Departments/Chemmical_Process_Engineering/Documents", "doc_count": 30}, {"href": "https://ukm-my.academia.edu/Departments/Civil_Environmental_Engineering/Documents", "doc_count": 19}, {"href": "https://ukm-my.academia.edu/Departments/Civil_Engineering/Documents", "doc_count": 227}, {"href": "https://ukm-my.academia.edu/Departments/Civil_and_Structural_Engineering/Documents", "doc_count": 302}, {"href": "https://ukm-my.academia.edu/Departments/Community_Health/Documents", "doc_count": 126}, {"href": "https://ukm-my.academia.edu/Departments/Computer_Science/Documents", "doc_count": 124}, {"href": "https://ukm-my.academia.edu/Departments/Da_wah_dan_Leadership_Studies/Documents", "doc_count": 1}, {"href": "https://ukm-my.academia.edu/Departments/Degree_in_Acc/Documents", "doc_count": 1}, {"href": "https://ukm-my.academia.edu/Departments/Dentistry/Documents", "doc_count": 368}, {"href": "https://ukm-my.academia.edu/Departments/Depaartment_of_Biological_Sciences_and_Biotechnology_Faculty_of_Science_and_Technology/Documents", "doc_count": 10}, {"href": "https://ukm-my.academia.edu/Departments/Department_of_Al_Quran_and_al_Sunnah_Studies/Documents", "doc_count": 479}, {"href": "https://ukm-my.academia.edu/Departments/Department_of_Arabic_Studies_and_Islamic_Civilisation/Documents", "doc_count": 31}, {"href": "https://ukm-my.academia.edu/Departments/Department_of_Architecture_Faculty_of_Engineering_and_Built_Environment/Documents", "doc_count": 47}, {"href": "https://ukm-my.academia.edu/Departments/Department_of_Chemical_Process_Enginering/Documents", "doc_count": 61}, {"href": "https://ukm-my.academia.edu/Departments/Department_of_Chemical_Sciences/Documents", "doc_count": 101}, {"href": "https://ukm-my.academia.edu/Departments/Department_of_Civil_Structural_Engineering/Documents", "doc_count": 1}, {"href": "https://ukm-my.academia.edu/Departments/Department_of_Earth_Sciences_and_Environment/Documents", "doc_count": 3}, {"href": "https://ukm-my.academia.edu/Departments/Department_of_Educational_Leadership_and_Policy/Documents", "doc_count": 165}, {"href": "https://ukm-my.academia.edu/Departments/Department_of_Electrical_Electronic_and_Systems_Enginering/Documents", "doc_count": 34}, {"href": "https://ukm-my.academia.edu/Departments/Department_of_Electrical_Electronics_and_System_Engineering/Documents", "doc_count": 263}, {"href": "https://ukm-my.academia.edu/Departments/Department_of_Electrical_Electronics_and_Systems_Engineering/Documents", "doc_count": 599}, {"href": "https://ukm-my.academia.edu/Departments/Department_of_Emergency_Medicine/Documents", "doc_count": 59}, {"href": "https://ukm-my.academia.edu/Departments/Department_of_Family_Medicine/Documents", "doc_count": 74}, {"href": "https://ukm-my.academia.edu/Departments/Department_of_Food_Science/Documents", "doc_count": 45}, {"href": "https://ukm-my.academia.edu/Departments/Department_of_Food_Sciences/Documents", "doc_count": 36}, {"href": "https://ukm-my.academia.edu/Departments/Department_of_History_Politics_and_International_Relations/Documents", "doc_count": 15}, {"href": "https://ukm-my.academia.edu/Departments/Department_of_Mechanical_and_Materials_Engineering_Faculty_of_Engineering_and_Built_Environment/Documents", "doc_count": 137}, {"href": "https://ukm-my.academia.edu/Departments/Department_of_Teaching_and_Learning_Innovations/Documents", "doc_count": 154}, {"href": "https://ukm-my.academia.edu/Departments/Dept_of_Electrical_Electronics_and_System_Engineering/Documents", "doc_count": 654}, {"href": "https://ukm-my.academia.edu/Departments/Dept_of_Innovation_Teaching_and_Learning/Documents", "doc_count": 44}, {"href": "https://ukm-my.academia.edu/Departments/Diagnostic_Imaging_and_Radiotherapy/Documents", "doc_count": 4}, {"href": "https://ukm-my.academia.edu/Departments/Diagnostic_Science_and_Applied_Health/Documents", "doc_count": 17}, {"href": "https://ukm-my.academia.edu/Departments/Dietetics_Program_Faculty_of_Health_Sciences/Documents", "doc_count": 57}, {"href": "https://ukm-my.academia.edu/Departments/Economics/Documents", "doc_count": 143}, {"href": "https://ukm-my.academia.edu/Departments/Economy/Documents", "doc_count": 3}, {"href": "https://ukm-my.academia.edu/Departments/Ekonomi_Pertanian/Documents", "doc_count": 4}, {"href": "https://ukm-my.academia.edu/Departments/Electric_Electrical_System/Documents", "doc_count": 1}, {"href": "https://ukm-my.academia.edu/Departments/Electrical_Electronic_and_System_Engineering_/Documents", "doc_count": 39}, {"href": "https://ukm-my.academia.edu/Departments/Emergency/Documents", "doc_count": 1}, {"href": "https://ukm-my.academia.edu/Departments/English/Documents", "doc_count": 2}, {"href": "https://ukm-my.academia.edu/Departments/English_Literature_and_Language/Documents", "doc_count": 12}, {"href": "https://ukm-my.academia.edu/Departments/English_language/Documents", "doc_count": 14}, {"href": "https://ukm-my.academia.edu/Departments/Environmental_Science_and_Natural_Resources/Documents", "doc_count": 136}, {"href": "https://ukm-my.academia.edu/Departments/FIZIK_GUNAAN/Documents", "doc_count": 11}, {"href": "https://ukm-my.academia.edu/Departments/FKAB/Documents", "doc_count": 27}, {"href": "https://ukm-my.academia.edu/Departments/FPI_DAKWAH_dan_KEPIMPINAN/Documents", "doc_count": 3}, {"href": "https://ukm-my.academia.edu/Departments/FSSK_Antropologi_Sosiologi/Documents", "doc_count": 5}, {"href": "https://ukm-my.academia.edu/Departments/FST_Fizik/Documents", "doc_count": 1}, {"href": "https://ukm-my.academia.edu/Departments/FST_Maths/Documents", "doc_count": 2}, {"href": "https://ukm-my.academia.edu/Departments/FTSM/Documents", "doc_count": 27}, {"href": "https://ukm-my.academia.edu/Departments/Faculty_of_Economic_and_Management/Documents", "doc_count": 269}, {"href": "https://ukm-my.academia.edu/Departments/Faculty_of_Economics_and_Management/Documents", "doc_count": 252}, {"href": "https://ukm-my.academia.edu/Departments/Faculty_of_Education/Documents", "doc_count": 849}, {"href": "https://ukm-my.academia.edu/Departments/Faculty_of_Engineering_and_Built_Environment/Documents", "doc_count": 251}, {"href": "https://ukm-my.academia.edu/Departments/Faculty_of_Health_Sciences/Documents", "doc_count": 220}, {"href": "https://ukm-my.academia.edu/Departments/Faculty_of_Information_Science_and_Technology/Documents", "doc_count": 280}, {"href": "https://ukm-my.academia.edu/Departments/Faculty_of_Islamic_Studies/Documents", "doc_count": 189}, {"href": "https://ukm-my.academia.edu/Departments/Faculty_of_Pharmacy/Documents", "doc_count": 677}, {"href": "https://ukm-my.academia.edu/Departments/Faculty_of_Science_Technology/Documents", "doc_count": 5}, {"href": "https://ukm-my.academia.edu/Departments/Faculty_of_Science_and_Technology/Documents", "doc_count": 297}, {"href": "https://ukm-my.academia.edu/Departments/Faculty_of_Social_Sciences_Humanities/Documents", "doc_count": 210}, {"href": "https://ukm-my.academia.edu/Departments/Faculty_of_health_science/Documents", "doc_count": 17}, {"href": "https://ukm-my.academia.edu/Departments/Faculty_of_information_communication_technology/Documents", "doc_count": 1}, {"href": "https://ukm-my.academia.edu/Departments/Fakulti_Ekonomi_dan_Pengurusan/Documents", "doc_count": 13}, {"href": "https://ukm-my.academia.edu/Departments/Fakulti_Kejuruteraan_Awam_Dan_Struktur/Documents", "doc_count": 1}, {"href": "https://ukm-my.academia.edu/Departments/Fakulti_Kejuruteraan_dan_Alam_Bina/Documents", "doc_count": 131}, {"href": "https://ukm-my.academia.edu/Departments/Fakulti_Pendidikan/Documents", "doc_count": 245}, {"href": "https://ukm-my.academia.edu/Departments/Fakulti_Pengajian_Islam/Documents", "doc_count": 128}, {"href": "https://ukm-my.academia.edu/Departments/Fakulti_Perubatan/Documents", "doc_count": 81}, {"href": "https://ukm-my.academia.edu/Departments/Fakulti_Sains_Kesihatan/Documents", "doc_count": 30}, {"href": "https://ukm-my.academia.edu/Departments/Fakulti_Sains_Sosial_Kemanusiaan/Documents", "doc_count": 1}, {"href": "https://ukm-my.academia.edu/Departments/Fakulti_Sains_Sosial_Dan_Kemanusiaan/Documents", "doc_count": 336}, {"href": "https://ukm-my.academia.edu/Departments/Fakulti_Sains_Sosial_Kemasyarakatan/Documents", "doc_count": 2}, {"href": "https://ukm-my.academia.edu/Departments/Fakulti_Sains_dan_Teknologi/Documents", "doc_count": 233}, {"href": "https://ukm-my.academia.edu/Departments/Fakulti_Sains_dan_Teknologi_Maklumat/Documents", "doc_count": 2}, {"href": "https://ukm-my.academia.edu/Departments/Fakulti_Teknologi_dan_Sains_Maklumat/Documents", "doc_count": 240}, {"href": "https://ukm-my.academia.edu/Departments/Fakulti_Undang_Undang/Documents", "doc_count": 2}, {"href": "https://ukm-my.academia.edu/Departments/Fakulty_of_law/Documents", "doc_count": 65}, {"href": "https://ukm-my.academia.edu/Departments/Fakuti_Pengajian_Islam/Documents", "doc_count": 2}, {"href": "https://ukm-my.academia.edu/Departments/Falkuti_Pendidikan/Documents", "doc_count": 2}, {"href": "https://ukm-my.academia.edu/Departments/Falkuti_Undang_Undang/Documents", "doc_count": 43}, {"href": "https://ukm-my.academia.edu/Departments/Fiqh_Kontemporari_Dan_Pematuhan_Syariah/Documents", "doc_count": 2}, {"href": "https://ukm-my.academia.edu/Departments/Forensic_Science_Program/Documents", "doc_count": 5}, {"href": "https://ukm-my.academia.edu/Departments/Fpend/Documents", "doc_count": 2}, {"href": "https://ukm-my.academia.edu/Departments/Fpi_Quran_Sunnah/Documents", "doc_count": 1}, {"href": "https://ukm-my.academia.edu/Departments/Fst_chemistry/Documents", "doc_count": 5}, {"href": "https://ukm-my.academia.edu/Departments/Fuel_Cell_Institute/Documents", "doc_count": 7}, {"href": "https://ukm-my.academia.edu/Departments/GRADUATE_STUDENT/Documents", "doc_count": 2}, {"href": "https://ukm-my.academia.edu/Departments/Genetics/Documents", "doc_count": 15}, {"href": "https://ukm-my.academia.edu/Departments/Geography/Documents", "doc_count": 89}, {"href": "https://ukm-my.academia.edu/Departments/Geologi/Documents", "doc_count": 2}, {"href": "https://ukm-my.academia.edu/Departments/Geology/Documents", "doc_count": 143}, {"href": "https://ukm-my.academia.edu/Departments/Graduate_School_of_Business/Documents", "doc_count": 84}, {"href": "https://ukm-my.academia.edu/Departments/Hadi/Documents", "doc_count": 1}, {"href": "https://ukm-my.academia.edu/Departments/Health_psychology/Documents", "doc_count": 1}, {"href": "https://ukm-my.academia.edu/Departments/History/Documents", "doc_count": 1}, {"href": "https://ukm-my.academia.edu/Departments/IKMAS/Documents", "doc_count": 7}, {"href": "https://ukm-my.academia.edu/Departments/IMEN/Documents", "doc_count": 51}, {"href": "https://ukm-my.academia.edu/Departments/INBIOSIS/Documents", "doc_count": 19}, {"href": "https://ukm-my.academia.edu/Departments/INSTITUT_KAJIAN_ETNIK_KITA_/Documents", "doc_count": 8}, {"href": "https://ukm-my.academia.edu/Departments/INSTITUTE_OF_VISUAL_INFORMATICS/Documents", "doc_count": 189}, {"href": "https://ukm-my.academia.edu/Departments/ISLAMIC_OF_ECONOMICS/Documents", "doc_count": 3}, {"href": "https://ukm-my.academia.edu/Departments/Institut_Alam_Sekitar_dan_Pembangunan/Documents", "doc_count": 148}, {"href": "https://ukm-my.academia.edu/Departments/Institut_Alam_dan_Tamadun_Melayu_ATMA_/Documents", "doc_count": 71}, {"href": "https://ukm-my.academia.edu/Departments/Institut_Biologi_Sistem_INBIOSIS_/Documents", "doc_count": 69}, {"href": "https://ukm-my.academia.edu/Departments/Institut_Islam_Hadhari/Documents", "doc_count": 21}, {"href": "https://ukm-my.academia.edu/Departments/Institut_Sel_Fuel/Documents", "doc_count": 1}, {"href": "https://ukm-my.academia.edu/Departments/Institute_for_Environment_and_Development/Documents", "doc_count": 82}, {"href": "https://ukm-my.academia.edu/Departments/Institute_for_The_Environment_and_Development_LESTARI_/Documents", "doc_count": 283}, {"href": "https://ukm-my.academia.edu/Departments/Institute_of_Climate_Change/Documents", "doc_count": 65}, {"href": "https://ukm-my.academia.edu/Departments/Institute_of_Ear_Hearing_and_Speech/Documents", "doc_count": 6}, {"href": "https://ukm-my.academia.edu/Departments/Institute_of_Ethnic_Studies_KITA_/Documents", "doc_count": 94}, {"href": "https://ukm-my.academia.edu/Departments/Institute_of_Islam_Hadhari/Documents", "doc_count": 59}, {"href": "https://ukm-my.academia.edu/Departments/Institute_of_Malaysian_and_International_Studies_IKMAS_/Documents", "doc_count": 198}, {"href": "https://ukm-my.academia.edu/Departments/Institute_of_Microngineering_and_Nanoelectronics/Documents", "doc_count": 284}, {"href": "https://ukm-my.academia.edu/Departments/Institute_of_Occidental_Studies_IKON_/Documents", "doc_count": 3}, {"href": "https://ukm-my.academia.edu/Departments/Institute_of_Systems_Biology/Documents", "doc_count": 25}, {"href": "https://ukm-my.academia.edu/Departments/Institute_of_the_Malay_World_and_Civilization/Documents", "doc_count": 4}, {"href": "https://ukm-my.academia.edu/Departments/Integra/Documents", "doc_count": 14}, {"href": "https://ukm-my.academia.edu/Departments/International_Relations/Documents", "doc_count": 76}, {"href": "https://ukm-my.academia.edu/Departments/JKEES_FKAB/Documents", "doc_count": 227}, {"href": "https://ukm-my.academia.edu/Departments/JKMB/Documents", "doc_count": 1}, {"href": "https://ukm-my.academia.edu/Departments/Jab_Inovasi_P_P/Documents", "doc_count": 29}, {"href": "https://ukm-my.academia.edu/Departments/Jabatan_Dakwah_Dan_Kepimpinan/Documents", "doc_count": 5}, {"href": "https://ukm-my.academia.edu/Departments/Jabatan_Kejuruteraan_Elektrik_elektronik_Sistem/Documents", "doc_count": 70}, {"href": "https://ukm-my.academia.edu/Departments/Jabatan_Linguistik/Documents", "doc_count": 3}, {"href": "https://ukm-my.academia.edu/Departments/Jabatan_Mekanikal_dan_Bahan_Fakulti_kejuruteraab/Documents", "doc_count": 25}, {"href": "https://ukm-my.academia.edu/Departments/Jabatan_Pendidikan_Perubatan/Documents", "doc_count": 8}, {"href": "https://ukm-my.academia.edu/Departments/Jabatan_Pengajian_Arab_Dan_Tamadun_Islam/Documents", "doc_count": 5}, {"href": "https://ukm-my.academia.edu/Departments/Jabatan_Pengajian_Kesenian_Melayu/Documents", "doc_count": 6}, {"href": "https://ukm-my.academia.edu/Departments/Jabatan_Psikologi_Dan_Pembangunan_Manusia/Documents", "doc_count": 32}, {"href": "https://ukm-my.academia.edu/Departments/Jabatan_Usuluddin_Dan_Falsafah/Documents", "doc_count": 18}, {"href": "https://ukm-my.academia.edu/Departments/Jabatan_kesihatan_masyarakat/Documents", "doc_count": 5}, {"href": "https://ukm-my.academia.edu/Departments/Kedokteran/Documents", "doc_count": 1}, {"href": "https://ukm-my.academia.edu/Departments/Kolej_Vokasional_Pd/Documents", "doc_count": 1}, {"href": "https://ukm-my.academia.edu/Departments/Komputer_industri/Documents", "doc_count": 1}, {"href": "https://ukm-my.academia.edu/Departments/Komunikasi_dan_Masyarakat_Digital/Documents", "doc_count": 1}, {"href": "https://ukm-my.academia.edu/Departments/Law/Documents", "doc_count": 103}, {"href": "https://ukm-my.academia.edu/Departments/Lestari/Documents", "doc_count": 2}, {"href": "https://ukm-my.academia.edu/Departments/MEDIA_AND_COMMUNICATION/Documents", "doc_count": 132}, {"href": "https://ukm-my.academia.edu/Departments/Marketing/Documents", "doc_count": 14}, {"href": "https://ukm-my.academia.edu/Departments/Materials_Science_Programme/Documents", "doc_count": 43}, {"href": "https://ukm-my.academia.edu/Departments/Mathematical_Sciences/Documents", "doc_count": 95}, {"href": "https://ukm-my.academia.edu/Departments/Mathematics/Documents", "doc_count": 3}, {"href": "https://ukm-my.academia.edu/Departments/Mathematics_education/Documents", "doc_count": 6}, {"href": "https://ukm-my.academia.edu/Departments/Measurement_and_Evaluation/Documents", "doc_count": 1}, {"href": "https://ukm-my.academia.edu/Departments/Mechanical_Materials_Engineering_Department_Faculty_of_Engineering_and_Built_Environment/Documents", "doc_count": 251}, {"href": "https://ukm-my.academia.edu/Departments/Mechanical_and_Materials_Engineering/Documents", "doc_count": 75}, {"href": "https://ukm-my.academia.edu/Departments/Medical_Education/Documents", "doc_count": 55}, {"href": "https://ukm-my.academia.edu/Departments/Medicine/Documents", "doc_count": 84}, {"href": "https://ukm-my.academia.edu/Departments/Microbiology/Documents", "doc_count": 1}, {"href": "https://ukm-my.academia.edu/Departments/Multimedia/Documents", "doc_count": 2}, {"href": "https://ukm-my.academia.edu/Departments/Music/Documents", "doc_count": 1}, {"href": "https://ukm-my.academia.edu/Departments/National_Landscape_Department/Documents", "doc_count": 5}, {"href": "https://ukm-my.academia.edu/Departments/Nursing/Documents", "doc_count": 1}, {"href": "https://ukm-my.academia.edu/Departments/Nutrition_and_Dietetics/Documents", "doc_count": 58}, {"href": "https://ukm-my.academia.edu/Departments/Nutritional_Sciences/Documents", "doc_count": 1}, {"href": "https://ukm-my.academia.edu/Departments/OCCUPATIONAL_THERAPY/Documents", "doc_count": 25}, {"href": "https://ukm-my.academia.edu/Departments/Obstetrics_Gynaecology/Documents", "doc_count": 60}, {"href": "https://ukm-my.academia.edu/Departments/Ophthalmology/Documents", "doc_count": 13}, {"href": "https://ukm-my.academia.edu/Departments/Optometry/Documents", "doc_count": 16}, {"href": "https://ukm-my.academia.edu/Departments/Optometry_Vision_Science/Documents", "doc_count": 15}, {"href": "https://ukm-my.academia.edu/Departments/Oral_and_maxilofacial_surgery/Documents", "doc_count": 8}, {"href": "https://ukm-my.academia.edu/Departments/Orthodontic_Unit_Department_of_Family_Oral_Health/Documents", "doc_count": 2}, {"href": "https://ukm-my.academia.edu/Departments/Orthodontics/Documents", "doc_count": 3}, {"href": "https://ukm-my.academia.edu/Departments/Orthopaedic/Documents", "doc_count": 36}, {"href": "https://ukm-my.academia.edu/Departments/Otorhinolaryngology/Documents", "doc_count": 35}, {"href": "https://ukm-my.academia.edu/Departments/PHYSICS/Documents", "doc_count": 1}, {"href": "https://ukm-my.academia.edu/Departments/PPSM/Documents", "doc_count": 1}, {"href": "https://ukm-my.academia.edu/Departments/Paediatric_Surgery_Unit_Department_of_Surgery/Documents", "doc_count": 110}, {"href": "https://ukm-my.academia.edu/Departments/Paediatrics/Documents", "doc_count": 26}, {"href": "https://ukm-my.academia.edu/Departments/Parasitology_Medical_Entomology/Documents", "doc_count": 14}, {"href": "https://ukm-my.academia.edu/Departments/Pathology/Documents", "doc_count": 123}, {"href": "https://ukm-my.academia.edu/Departments/Pendidikan/Documents", "doc_count": 2}, {"href": "https://ukm-my.academia.edu/Departments/Pendidikan_di_fakulti_pendidikan/Documents", "doc_count": 2}, {"href": "https://ukm-my.academia.edu/Departments/Pengajian_Islam_Dakwah/Documents", "doc_count": 1}, {"href": "https://ukm-my.academia.edu/Departments/Pengurusan_Perniagaan/Documents", "doc_count": 1}, {"href": "https://ukm-my.academia.edu/Departments/Perakaunan/Documents", "doc_count": 1}, {"href": "https://ukm-my.academia.edu/Departments/Periodontology/Documents", "doc_count": 14}, {"href": "https://ukm-my.academia.edu/Departments/Pharmacology/Documents", "doc_count": 17}, {"href": "https://ukm-my.academia.edu/Departments/Philosophy/Documents", "doc_count": 1}, {"href": "https://ukm-my.academia.edu/Departments/Physiology/Documents", "doc_count": 1}, {"href": "https://ukm-my.academia.edu/Departments/Physiotherapy/Documents", "doc_count": 3}, {"href": "https://ukm-my.academia.edu/Departments/Political_Science/Documents", "doc_count": 32}, {"href": "https://ukm-my.academia.edu/Departments/Politics_and_Security_Research_Centre/Documents", "doc_count": 135}, {"href": "https://ukm-my.academia.edu/Departments/Post_Grad_student/Documents", "doc_count": 4}, {"href": "https://ukm-my.academia.edu/Departments/Programme_of_Biomedical_science_school_of_Diagnostic_and_applied_health_sciences_Faculty_of_health_sciences/Documents", "doc_count": 16}, {"href": "https://ukm-my.academia.edu/Departments/Psychiatry/Documents", "doc_count": 54}, {"href": "https://ukm-my.academia.edu/Departments/Psychology/Documents", "doc_count": 4}, {"href": "https://ukm-my.academia.edu/Departments/Public_Health/Documents", "doc_count": 6}, {"href": "https://ukm-my.academia.edu/Departments/Pusat_Bahasa_Kesusasteraan_dan_Kebudayaan_Melayu/Documents", "doc_count": 101}, {"href": "https://ukm-my.academia.edu/Departments/Pusat_Biologi_Integratif/Documents", "doc_count": 2}, {"href": "https://ukm-my.academia.edu/Departments/Pusat_Citra_Universiti/Documents", "doc_count": 157}, {"href": "https://ukm-my.academia.edu/Departments/Pusat_Fiqh_Kontemporari_dan_Pematuhan_Syariah/Documents", "doc_count": 9}, {"href": "https://ukm-my.academia.edu/Departments/Pusat_GENIUS_Pintar_Negara/Documents", "doc_count": 13}, {"href": "https://ukm-my.academia.edu/Departments/Pusat_Kajian_Arab_dan_Tamadun_Islam/Documents", "doc_count": 1}, {"href": "https://ukm-my.academia.edu/Departments/Pusat_Kajian_Sejarah_Politik_dan_Keselamatan/Documents", "doc_count": 121}, {"href": "https://ukm-my.academia.edu/Departments/Pusat_Kajian_Usuluddin_dan_Falsafah/Documents", "doc_count": 43}, {"href": "https://ukm-my.academia.edu/Departments/Pusat_Kembangan_Pendidikan/Documents", "doc_count": 2}, {"href": "https://ukm-my.academia.edu/Departments/Pusat_PERMATApintar_Negara/Documents", "doc_count": 44}, {"href": "https://ukm-my.academia.edu/Departments/Pusat_Pemerkasaan_Remaja/Documents", "doc_count": 15}, {"href": "https://ukm-my.academia.edu/Departments/Pusat_Pengajian_Bahasa_dan_Linguistik/Documents", "doc_count": 10}, {"href": "https://ukm-my.academia.edu/Departments/Pusat_Pengajian_Psikologi/Documents", "doc_count": 10}, {"href": "https://ukm-my.academia.edu/Departments/Pusat_Pengajian_Sains_Kimia_Dan_Teknologi_Makanan/Documents", "doc_count": 53}, {"href": "https://ukm-my.academia.edu/Departments/Pusat_Pengajian_Sains_Matematik/Documents", "doc_count": 47}, {"href": "https://ukm-my.academia.edu/Departments/Pusat_Pengajian_Sejarah_Politik_dan_Strategi/Documents", "doc_count": 26}, {"href": "https://ukm-my.academia.edu/Departments/Pusat_Pengajian_Sosial_Pembangunan_Dan_Persekitaran/Documents", "doc_count": 77}, {"href": "https://ukm-my.academia.edu/Departments/Pusat_Penyelidikan_Kelestarian_Sains_Bahasa/Documents", "doc_count": 2}, {"href": "https://ukm-my.academia.edu/Departments/RADIOLOGY/Documents", "doc_count": 19}, {"href": "https://ukm-my.academia.edu/Departments/Registrar_s_Office/Documents", "doc_count": 1}, {"href": "https://ukm-my.academia.edu/Departments/Research_Center_for_Software_Technology_and_Management_Softam_/Documents", "doc_count": 172}, {"href": "https://ukm-my.academia.edu/Departments/Research_Centre_for_Quran_and_Sunnah/Documents", "doc_count": 49}, {"href": "https://ukm-my.academia.edu/Departments/SCHOOL_OF_HISTORY_POLITICS_AND_STRATEGY/Documents", "doc_count": 177}, {"href": "https://ukm-my.academia.edu/Departments/Sains_Politik/Documents", "doc_count": 10}, {"href": "https://ukm-my.academia.edu/Departments/Sains_Sukan/Documents", "doc_count": 1}, {"href": "https://ukm-my.academia.edu/Departments/Satera/Documents", "doc_count": 1}, {"href": "https://ukm-my.academia.edu/Departments/School_of_Bioscience_Biotechnology/Documents", "doc_count": 24}, {"href": "https://ukm-my.academia.edu/Departments/School_of_Biosciences_and_Biotechnology/Documents", "doc_count": 177}, {"href": "https://ukm-my.academia.edu/Departments/School_of_Chemical_Sciences_and_Food_Technology/Documents", "doc_count": 583}, {"href": "https://ukm-my.academia.edu/Departments/School_of_Environmental_and_Natural_resources_Sciences/Documents", "doc_count": 201}, {"href": "https://ukm-my.academia.edu/Departments/School_of_Information_Technology/Documents", "doc_count": 117}, {"href": "https://ukm-my.academia.edu/Departments/School_of_Language_Studies_and_Linguistics/Documents", "doc_count": 156}, {"href": "https://ukm-my.academia.edu/Departments/School_of_Language_Studies_and_Linguistics_FSSH/Documents", "doc_count": 158}, {"href": "https://ukm-my.academia.edu/Departments/School_of_Language_Studies_and_Linguistics_FSSK/Documents", "doc_count": 140}, {"href": "https://ukm-my.academia.edu/Departments/School_of_Malay_Language_Literature_and_Culture/Documents", "doc_count": 14}, {"href": "https://ukm-my.academia.edu/Departments/School_of_Medicine_and_Health_Sciences/Documents", "doc_count": 3}, {"href": "https://ukm-my.academia.edu/Departments/School_of_Psychology_and_Human_Development/Documents", "doc_count": 339}, {"href": "https://ukm-my.academia.edu/Departments/School_of_Rehabilitation_Sciences_Faculty_of_Health_Sciences/Documents", "doc_count": 63}, {"href": "https://ukm-my.academia.edu/Departments/School_of_Social_Development_and_Environmental_Studies/Documents", "doc_count": 140}, {"href": "https://ukm-my.academia.edu/Departments/School_of_applied_Physics/Documents", "doc_count": 547}, {"href": "https://ukm-my.academia.edu/Departments/Science_in_Mathematic/Documents", "doc_count": 5}, {"href": "https://ukm-my.academia.edu/Departments/Sejarah_FSSK/Documents", "doc_count": 1}, {"href": "https://ukm-my.academia.edu/Departments/Sharia_Law/Documents", "doc_count": 17}, {"href": "https://ukm-my.academia.edu/Departments/Shariah_Islamic_Law/Documents", "doc_count": 1}, {"href": "https://ukm-my.academia.edu/Departments/Smk_Bukit_Katil_melaka/Documents", "doc_count": 1}, {"href": "https://ukm-my.academia.edu/Departments/Social_Saincene/Documents", "doc_count": 7}, {"href": "https://ukm-my.academia.edu/Departments/Social_Science_and_Humanities/Documents", "doc_count": 99}, {"href": "https://ukm-my.academia.edu/Departments/Social_Sciences/Documents", "doc_count": 43}, {"href": "https://ukm-my.academia.edu/Departments/Social_Sciences_and_Humanities/Documents", "doc_count": 77}, {"href": "https://ukm-my.academia.edu/Departments/Solar_Energy_Research_Institute/Documents", "doc_count": 296}, {"href": "https://ukm-my.academia.edu/Departments/Southeast_Asia_Disaster_Prevention_Research_Institute_SEADPRI_/Documents", "doc_count": 124}, {"href": "https://ukm-my.academia.edu/Departments/Space_Science_Center/Documents", "doc_count": 2}, {"href": "https://ukm-my.academia.edu/Departments/Space_Science_Centre_ANGKASA_IPI/Documents", "doc_count": 130}, {"href": "https://ukm-my.academia.edu/Departments/Speech_Sciences/Documents", "doc_count": 1}, {"href": "https://ukm-my.academia.edu/Departments/Strategy_and_Security/Documents", "doc_count": 3}, {"href": "https://ukm-my.academia.edu/Departments/Student/Documents", "doc_count": 1}, {"href": "https://ukm-my.academia.edu/Departments/Surgery/Documents", "doc_count": 146}, {"href": "https://ukm-my.academia.edu/Departments/Sustainability_Finance/Documents", "doc_count": 25}, {"href": "https://ukm-my.academia.edu/Departments/Syariah/Documents", "doc_count": 81}, {"href": "https://ukm-my.academia.edu/Departments/Teaching_English_As_a_Second_Language/Documents", "doc_count": 1}, {"href": "https://ukm-my.academia.edu/Departments/Theology_And_Philosophy/Documents", "doc_count": 103}, {"href": "https://ukm-my.academia.edu/Departments/Tissue_Engineering_Centre/Documents", "doc_count": 1}, {"href": "https://ukm-my.academia.edu/Departments/UKM_Medical_Molecular_Biology_Institue_UMBI_/Documents", "doc_count": 101}, {"href": "https://ukm-my.academia.edu/Departments/UKM_Graduate_School_of_Business/Documents", "doc_count": 14}, {"href": "https://ukm-my.academia.edu/Departments/UMBI/Documents", "doc_count": 3}, {"href": "https://ukm-my.academia.edu/Departments/Usuluddin_dan_Falsafah/Documents", "doc_count": 85}]