[{"href": "https://upm.academia.edu/Departments/ASASI/Documents", "doc_count": 29}, {"href": "https://upm.academia.edu/Departments/Academic/Documents", "doc_count": 25}, {"href": "https://upm.academia.edu/Departments/Academic_and_student_affairs_division/Documents", "doc_count": 47}, {"href": "https://upm.academia.edu/Departments/Acc_Finance/Documents", "doc_count": 1}, {"href": "https://upm.academia.edu/Departments/Account_and_Finance/Documents", "doc_count": 98}, {"href": "https://upm.academia.edu/Departments/Accounting/Documents", "doc_count": 12}, {"href": "https://upm.academia.edu/Departments/Accounting_Finance/Documents", "doc_count": 175}, {"href": "https://upm.academia.edu/Departments/Accounting_and_Finance/Documents", "doc_count": 107}, {"href": "https://upm.academia.edu/Departments/Acount/Documents", "doc_count": 2}, {"href": "https://upm.academia.edu/Departments/Aeroangkasa/Documents", "doc_count": 2}, {"href": "https://upm.academia.edu/Departments/Aeronautica/Documents", "doc_count": 2}, {"href": "https://upm.academia.edu/Departments/Aerospace_Department/Documents", "doc_count": 7}, {"href": "https://upm.academia.edu/Departments/Aerospace_Engineering/Documents", "doc_count": 110}, {"href": "https://upm.academia.edu/Departments/Agribusiness_and_Information_System/Documents", "doc_count": 1}, {"href": "https://upm.academia.edu/Departments/Agribusiness_and_Information_Systems/Documents", "doc_count": 57}, {"href": "https://upm.academia.edu/Departments/Agricultural_Economics/Documents", "doc_count": 3}, {"href": "https://upm.academia.edu/Departments/Agricultural_Technology_Department/Documents", "doc_count": 1}, {"href": "https://upm.academia.edu/Departments/Agricultural_and_biological_Engineering/Documents", "doc_count": 69}, {"href": "https://upm.academia.edu/Departments/Agriculture/Documents", "doc_count": 243}, {"href": "https://upm.academia.edu/Departments/Agrotechnology/Documents", "doc_count": 13}, {"href": "https://upm.academia.edu/Departments/Anatomy/Documents", "doc_count": 2}, {"href": "https://upm.academia.edu/Departments/Animal_Science/Documents", "doc_count": 65}, {"href": "https://upm.academia.edu/Departments/Applied_Linguistics/Documents", "doc_count": 4}, {"href": "https://upm.academia.edu/Departments/Applied_Physics/Documents", "doc_count": 30}, {"href": "https://upm.academia.edu/Departments/Aquaculture/Documents", "doc_count": 405}, {"href": "https://upm.academia.edu/Departments/Arabic_Studies/Documents", "doc_count": 1}, {"href": "https://upm.academia.edu/Departments/Asda/Documents", "doc_count": 1}, {"href": "https://upm.academia.edu/Departments/Bacelor_Pendidikan_Jasmani/Documents", "doc_count": 1}, {"href": "https://upm.academia.edu/Departments/Bacelor_Sains_Human_Resourses/Documents", "doc_count": 3}, {"href": "https://upm.academia.edu/Departments/Bachelor_of_Malay_Literature/Documents", "doc_count": 2}, {"href": "https://upm.academia.edu/Departments/Bahasa_Arab/Documents", "doc_count": 1}, {"href": "https://upm.academia.edu/Departments/Bahasa_Dan_Linguistik_Melayu/Documents", "doc_count": 1}, {"href": "https://upm.academia.edu/Departments/Bbit/Documents", "doc_count": 1}, {"href": "https://upm.academia.edu/Departments/Bimbingan_Dan_Kaunseling_Pendidikan/Documents", "doc_count": 3}, {"href": "https://upm.academia.edu/Departments/Biochemistry/Documents", "doc_count": 6}, {"href": "https://upm.academia.edu/Departments/Biology/Documents", "doc_count": 322}, {"href": "https://upm.academia.edu/Departments/Biomedical_Science/Documents", "doc_count": 121}, {"href": "https://upm.academia.edu/Departments/Biomedical_Science_Genetic/Documents", "doc_count": 14}, {"href": "https://upm.academia.edu/Departments/Biomedical_Sciences/Documents", "doc_count": 133}, {"href": "https://upm.academia.edu/Departments/Bioprocess_Engineering/Documents", "doc_count": 2}, {"href": "https://upm.academia.edu/Departments/Bioprocess_Technology/Documents", "doc_count": 20}, {"href": "https://upm.academia.edu/Departments/Biotechnology/Documents", "doc_count": 2}, {"href": "https://upm.academia.edu/Departments/Biotechnology_and_Bimolecular_Sciences/Documents", "doc_count": 17}, {"href": "https://upm.academia.edu/Departments/Biotechnology_and_Molecular_Biology/Documents", "doc_count": 13}, {"href": "https://upm.academia.edu/Departments/Built_Environment/Documents", "doc_count": 1}, {"href": "https://upm.academia.edu/Departments/Bursar/Documents", "doc_count": 1}, {"href": "https://upm.academia.edu/Departments/Business/Documents", "doc_count": 4}, {"href": "https://upm.academia.edu/Departments/Business_Law/Documents", "doc_count": 2}, {"href": "https://upm.academia.edu/Departments/Business_administration/Documents", "doc_count": 4}, {"href": "https://upm.academia.edu/Departments/Business_and_Economics/Documents", "doc_count": 13}, {"href": "https://upm.academia.edu/Departments/Business_and_management/Documents", "doc_count": 123}, {"href": "https://upm.academia.edu/Departments/CENTRE_OF_FOUNDATION_STUDIES_FOR_AGRICULTURAL_SCIENCE/Documents", "doc_count": 1}, {"href": "https://upm.academia.edu/Departments/CHEMICAL_AND_ENVIRONMENTAL_DEPARTMENT/Documents", "doc_count": 39}, {"href": "https://upm.academia.edu/Departments/CHEMSTRY/Documents", "doc_count": 8}, {"href": "https://upm.academia.edu/Departments/COMPUTER_ENGINEERING/Documents", "doc_count": 5}, {"href": "https://upm.academia.edu/Departments/Cancer_Resource_and_Education_Centre_Faculty_of_Medicine_and_Health_Sciences/Documents", "doc_count": 7}, {"href": "https://upm.academia.edu/Departments/Cell_and_Molecular_biology/Documents", "doc_count": 350}, {"href": "https://upm.academia.edu/Departments/Center_for_the_Advancement_of_Language_Competence/Documents", "doc_count": 6}, {"href": "https://upm.academia.edu/Departments/Chemical_And_Enviromental_Engineering/Documents", "doc_count": 290}, {"href": "https://upm.academia.edu/Departments/Chemical_Engineering/Documents", "doc_count": 3}, {"href": "https://upm.academia.edu/Departments/Chemical_and_Environmetal_Engineering/Documents", "doc_count": 55}, {"href": "https://upm.academia.edu/Departments/Chemistry/Documents", "doc_count": 376}, {"href": "https://upm.academia.edu/Departments/Chemistry_Science1/Documents", "doc_count": 7}, {"href": "https://upm.academia.edu/Departments/Chemistry_Science/Documents", "doc_count": 179}, {"href": "https://upm.academia.edu/Departments/Ciencia/Documents", "doc_count": 1}, {"href": "https://upm.academia.edu/Departments/Cilvil_Engineering_Faculty_of_Engineering/Documents", "doc_count": 335}, {"href": "https://upm.academia.edu/Departments/Civil/Documents", "doc_count": 21}, {"href": "https://upm.academia.edu/Departments/Civil_Engineering/Documents", "doc_count": 284}, {"href": "https://upm.academia.edu/Departments/Civil_Engineering_Department_Faculty_of_Engineering_and_Geospatial_Info_information_Science_Research_Center_GIS_RC_/Documents", "doc_count": 51}, {"href": "https://upm.academia.edu/Departments/Communication_Technology_and_Netwrok/Documents", "doc_count": 1}, {"href": "https://upm.academia.edu/Departments/Communication_and_Modern_Language/Documents", "doc_count": 2}, {"href": "https://upm.academia.edu/Departments/Communications/Documents", "doc_count": 1}, {"href": "https://upm.academia.edu/Departments/Community_Development/Documents", "doc_count": 2}, {"href": "https://upm.academia.edu/Departments/Community_Health/Documents", "doc_count": 39}, {"href": "https://upm.academia.edu/Departments/Compiuter_Network/Documents", "doc_count": 2}, {"href": "https://upm.academia.edu/Departments/Computer_And_Communication_System_Engineering/Documents", "doc_count": 47}, {"href": "https://upm.academia.edu/Departments/Computer_Science/Documents", "doc_count": 231}, {"href": "https://upm.academia.edu/Departments/Computer_and_Commnication_System_Engineering/Documents", "doc_count": 118}, {"href": "https://upm.academia.edu/Departments/Computer_and_Communication_Systems/Documents", "doc_count": 120}, {"href": "https://upm.academia.edu/Departments/Computer_and_Communication_Systems_Engineering/Documents", "doc_count": 51}, {"href": "https://upm.academia.edu/Departments/Computer_science_IT/Documents", "doc_count": 17}, {"href": "https://upm.academia.edu/Departments/Consumer_Science/Documents", "doc_count": 5}, {"href": "https://upm.academia.edu/Departments/Crop_Sicence/Documents", "doc_count": 6}, {"href": "https://upm.academia.edu/Departments/Crops_Science/Documents", "doc_count": 3}, {"href": "https://upm.academia.edu/Departments/Culinary/Documents", "doc_count": 1}, {"href": "https://upm.academia.edu/Departments/DEPARTMENT_OCCUPATIONAL_SAFETY_AND_HEALTH/Documents", "doc_count": 48}, {"href": "https://upm.academia.edu/Departments/DEPARTMENT_OF_CHEMICAL_AND_ENVIRONMENTAL_ENGINEERING/Documents", "doc_count": 54}, {"href": "https://upm.academia.edu/Departments/DEPARTMENT_OF_COMMUNITY_HEALTH_FACULTY_OF_MEDICINE_AND_HEALTH_SCIENCES/Documents", "doc_count": 357}, {"href": "https://upm.academia.edu/Departments/DEPARTMENT_OF_PLANT_PROTECTION_FACULTY_OF_AGRICULTUREPART/Documents", "doc_count": 131}, {"href": "https://upm.academia.edu/Departments/DVC_Research/Documents", "doc_count": 282}, {"href": "https://upm.academia.edu/Departments/Deparment_of_Information_Technology/Documents", "doc_count": 5}, {"href": "https://upm.academia.edu/Departments/Deparment_of_education/Documents", "doc_count": 33}, {"href": "https://upm.academia.edu/Departments/Deparmtment_of_Animal_Science/Documents", "doc_count": 109}, {"href": "https://upm.academia.edu/Departments/Department_Of_Aquaculture_Universiti_Putra_Malaysia/Documents", "doc_count": 176}, {"href": "https://upm.academia.edu/Departments/Department_of_Aerospace_Engineeiring/Documents", "doc_count": 103}, {"href": "https://upm.academia.edu/Departments/Department_of_Agribusiness_and_Bioresource_Economics/Documents", "doc_count": 19}, {"href": "https://upm.academia.edu/Departments/Department_of_Agribusiness_and_Economic_Bioresource/Documents", "doc_count": 54}, {"href": "https://upm.academia.edu/Departments/Department_of_Agriculture_Technology/Documents", "doc_count": 157}, {"href": "https://upm.academia.edu/Departments/Department_of_Animal_Science_and_Fishery/Documents", "doc_count": 114}, {"href": "https://upm.academia.edu/Departments/Department_of_Animal_Sciences_and_Fisheries/Documents", "doc_count": 1}, {"href": "https://upm.academia.edu/Departments/Department_of_Architecture/Documents", "doc_count": 454}, {"href": "https://upm.academia.edu/Departments/Department_of_Architecture_Faculty_of_Design_and_Architecture/Documents", "doc_count": 12}, {"href": "https://upm.academia.edu/Departments/Department_of_Biochemistry_Faculty_of_Biotechnology_and_Biomolecular_Sciences/Documents", "doc_count": 117}, {"href": "https://upm.academia.edu/Departments/Department_of_Biological_and_Agricultural_Engineering/Documents", "doc_count": 308}, {"href": "https://upm.academia.edu/Departments/Department_of_Bioprocess_Technology_Faculty_of_Biotechnology_and_Biomolecular_Sciences/Documents", "doc_count": 120}, {"href": "https://upm.academia.edu/Departments/Department_of_Bioproses_Technology/Documents", "doc_count": 31}, {"href": "https://upm.academia.edu/Departments/Department_of_Civil_Engineering_Housing_Research_Center/Documents", "doc_count": 1}, {"href": "https://upm.academia.edu/Departments/Department_of_Clinical_Studies/Documents", "doc_count": 1}, {"href": "https://upm.academia.edu/Departments/Department_of_Communication/Documents", "doc_count": 270}, {"href": "https://upm.academia.edu/Departments/Department_of_Communication_Technology_and_Network/Documents", "doc_count": 85}, {"href": "https://upm.academia.edu/Departments/Department_of_Communication_Technology_and_Networks/Documents", "doc_count": 7}, {"href": "https://upm.academia.edu/Departments/Department_of_Communication_Faculty_of_Modern_Languages_and_Communication/Documents", "doc_count": 583}, {"href": "https://upm.academia.edu/Departments/Department_of_Counsellor_Education_Counselling_Psychology/Documents", "doc_count": 1}, {"href": "https://upm.academia.edu/Departments/Department_of_Counselor_Educators_and_COunseling_Psychology/Documents", "doc_count": 20}, {"href": "https://upm.academia.edu/Departments/Department_of_Crop_Science/Documents", "doc_count": 494}, {"href": "https://upm.academia.edu/Departments/Department_of_Crop_Science_UPM_Serdang/Documents", "doc_count": 15}, {"href": "https://upm.academia.edu/Departments/Department_of_Crop_Science_UPMKB/Documents", "doc_count": 15}, {"href": "https://upm.academia.edu/Departments/Department_of_Dietetics_and_Nutrition/Documents", "doc_count": 23}, {"href": "https://upm.academia.edu/Departments/Department_of_Electrical_Electronics_Engineering/Documents", "doc_count": 772}, {"href": "https://upm.academia.edu/Departments/Department_of_English/Documents", "doc_count": 155}, {"href": "https://upm.academia.edu/Departments/Department_of_English_Humanities/Documents", "doc_count": 9}, {"href": "https://upm.academia.edu/Departments/Department_of_English_Language_Faculty_of_Modern_Languages_and_Communication/Documents", "doc_count": 51}, {"href": "https://upm.academia.edu/Departments/Department_of_English_Faculty_of_Modern_Languages_and_Communication/Documents", "doc_count": 399}, {"href": "https://upm.academia.edu/Departments/Department_of_English_Faculty_of_Modern_Languages_and_Communicationwa/Documents", "doc_count": 5}, {"href": "https://upm.academia.edu/Departments/Department_of_Environment_Faculty_of_Forestry_and_Environment/Documents", "doc_count": 2}, {"href": "https://upm.academia.edu/Departments/Department_of_Environmental_Management_Faculty_of_Environmental_Studies/Documents", "doc_count": 72}, {"href": "https://upm.academia.edu/Departments/Department_of_Environmental_Sciences_Faculty_of_environmental_studies/Documents", "doc_count": 250}, {"href": "https://upm.academia.edu/Departments/Department_of_Environmental_and_Occupational_Health_Faculty_of_Medicine_and_Healtth_Sciences/Documents", "doc_count": 87}, {"href": "https://upm.academia.edu/Departments/Department_of_Food_Service_and_Management/Documents", "doc_count": 45}, {"href": "https://upm.academia.edu/Departments/Department_of_Foreign_Languages_Faculty_of_Modern_Languages_and_Communication/Documents", "doc_count": 304}, {"href": "https://upm.academia.edu/Departments/Department_of_Forest_Products/Documents", "doc_count": 234}, {"href": "https://upm.academia.edu/Departments/Department_of_Forestry_Sciences/Documents", "doc_count": 25}, {"href": "https://upm.academia.edu/Departments/Department_of_Government_and_Civilization_Studies/Documents", "doc_count": 112}, {"href": "https://upm.academia.edu/Departments/Department_of_Human_Development_and_Family_Studies_Faculty_of_Human_Ecology/Documents", "doc_count": 52}, {"href": "https://upm.academia.edu/Departments/Department_of_Industrial_Design/Documents", "doc_count": 108}, {"href": "https://upm.academia.edu/Departments/Department_of_Industrial_Design_Faculty_of_Design_and_Architecture/Documents", "doc_count": 33}, {"href": "https://upm.academia.edu/Departments/Department_of_Landscape_Architecture_Faculty_of_Design_and_Architecture/Documents", "doc_count": 30}, {"href": "https://upm.academia.edu/Departments/Department_of_Language_Humanities/Documents", "doc_count": 9}, {"href": "https://upm.academia.edu/Departments/Department_of_Mechanical_and_Manufacturing_Engineering_Faculty_of_Engineering/Documents", "doc_count": 25}, {"href": "https://upm.academia.edu/Departments/Department_of_Medical_Microbiology_and_Parasitology/Documents", "doc_count": 24}, {"href": "https://upm.academia.edu/Departments/Department_of_Multimedia/Documents", "doc_count": 47}, {"href": "https://upm.academia.edu/Departments/Department_of_Nursing_FMHS/Documents", "doc_count": 16}, {"href": "https://upm.academia.edu/Departments/Department_of_Plant_Protection_Faculty_of_Agriculture/Documents", "doc_count": 12}, {"href": "https://upm.academia.edu/Departments/Department_of_Professional_Development_and_Continuing_Education/Documents", "doc_count": 306}, {"href": "https://upm.academia.edu/Departments/Department_of_Professional_Development_and_Continuing_Education_/Documents", "doc_count": 24}, {"href": "https://upm.academia.edu/Departments/Department_of_Recreation_and_Ecotourism/Documents", "doc_count": 37}, {"href": "https://upm.academia.edu/Departments/Department_of_Resource_Management_Consumer_Studies/Documents", "doc_count": 1}, {"href": "https://upm.academia.edu/Departments/Department_of_Resource_Management_and_Consumer_Studies_Faculty_of_Human_Ecology_University_Putra_Malaysia_/Documents", "doc_count": 6}, {"href": "https://upm.academia.edu/Departments/Department_of_Science_and_Technical_Education/Documents", "doc_count": 62}, {"href": "https://upm.academia.edu/Departments/Department_of_Science_and_Technology/Documents", "doc_count": 7}, {"href": "https://upm.academia.edu/Departments/Department_of_Social_and_Development_Sciences/Documents", "doc_count": 57}, {"href": "https://upm.academia.edu/Departments/Department_of_Soil_Management/Documents", "doc_count": 1}, {"href": "https://upm.academia.edu/Departments/Department_of_Sports_Studies_Fuclty_of_Educational_Studies/Documents", "doc_count": 1}, {"href": "https://upm.academia.edu/Departments/Department_of_Veterinary_Pathology_and_Microbiology/Documents", "doc_count": 143}, {"href": "https://upm.academia.edu/Departments/Department_of_Veterinary_Preclinical_Sciences/Documents", "doc_count": 41}, {"href": "https://upm.academia.edu/Departments/Department_of_companion_animal_medicine_and_surgery/Documents", "doc_count": 11}, {"href": "https://upm.academia.edu/Departments/Department_of_electrical/Documents", "doc_count": 1}, {"href": "https://upm.academia.edu/Departments/Department_of_family_medicine/Documents", "doc_count": 6}, {"href": "https://upm.academia.edu/Departments/Department_of_sports_Sience/Documents", "doc_count": 4}, {"href": "https://upm.academia.edu/Departments/Department_of_sports_studies/Documents", "doc_count": 11}, {"href": "https://upm.academia.edu/Departments/Department_of_the_Malay_Language_Faculty_of_Modern_Languages_and_Communication/Documents", "doc_count": 20}, {"href": "https://upm.academia.edu/Departments/Department_of_the_Malay_Language_Faculty_of_Modern_Languages_and_Communicationed/Documents", "doc_count": 1}, {"href": "https://upm.academia.edu/Departments/Deporte/Documents", "doc_count": 1}, {"href": "https://upm.academia.edu/Departments/Dept_Government_Civilization_Studies/Documents", "doc_count": 72}, {"href": "https://upm.academia.edu/Departments/Dept_Government_Civilization_Studies_Faculty_of_Human_Ecology/Documents", "doc_count": 173}, {"href": "https://upm.academia.edu/Departments/Dept_of_Aquaculture/Documents", "doc_count": 133}, {"href": "https://upm.academia.edu/Departments/Dept_of_Comm_Tec_and_Network/Documents", "doc_count": 67}, {"href": "https://upm.academia.edu/Departments/Dept_of_Electrical_and_Electronics_Engineering/Documents", "doc_count": 169}, {"href": "https://upm.academia.edu/Departments/Dept_of_English/Documents", "doc_count": 98}, {"href": "https://upm.academia.edu/Departments/Dept_of_Family_Medicine/Documents", "doc_count": 200}, {"href": "https://upm.academia.edu/Departments/Dept_of_Language_and_Humanities_Education/Documents", "doc_count": 223}, {"href": "https://upm.academia.edu/Departments/Dept_of_Management_and_Marketing/Documents", "doc_count": 13}, {"href": "https://upm.academia.edu/Departments/Dept_of_Social_and_Development_Sciences/Documents", "doc_count": 47}, {"href": "https://upm.academia.edu/Departments/Dept_of_computer_science/Documents", "doc_count": 5}, {"href": "https://upm.academia.edu/Departments/Dept_of_land_management/Documents", "doc_count": 95}, {"href": "https://upm.academia.edu/Departments/Dept_Of_Recreation_and_Ectourism/Documents", "doc_count": 9}, {"href": "https://upm.academia.edu/Departments/Dept_of_Land_Management/Documents", "doc_count": 62}, {"href": "https://upm.academia.edu/Departments/Design_and_Architecture/Documents", "doc_count": 129}, {"href": "https://upm.academia.edu/Departments/Diploma/Documents", "doc_count": 8}, {"href": "https://upm.academia.edu/Departments/Direito/Documents", "doc_count": 1}, {"href": "https://upm.academia.edu/Departments/Distributed_Computing/Documents", "doc_count": 2}, {"href": "https://upm.academia.edu/Departments/ECONOMY_AND_MANAGEMENT/Documents", "doc_count": 22}, {"href": "https://upm.academia.edu/Departments/ENGINEERING_mNAGEMENT/Documents", "doc_count": 1}, {"href": "https://upm.academia.edu/Departments/East_Lake/Documents", "doc_count": 1}, {"href": "https://upm.academia.edu/Departments/Economic_and_Managment/Documents", "doc_count": 1}, {"href": "https://upm.academia.edu/Departments/Economics/Documents", "doc_count": 128}, {"href": "https://upm.academia.edu/Departments/Economics_and_Management/Documents", "doc_count": 287}, {"href": "https://upm.academia.edu/Departments/Educatian/Documents", "doc_count": 1}, {"href": "https://upm.academia.edu/Departments/Education/Documents", "doc_count": 76}, {"href": "https://upm.academia.edu/Departments/Education_and_training/Documents", "doc_count": 2}, {"href": "https://upm.academia.edu/Departments/Educationa_Studies/Documents", "doc_count": 8}, {"href": "https://upm.academia.edu/Departments/Educational_Management/Documents", "doc_count": 2}, {"href": "https://upm.academia.edu/Departments/Educational_Studies/Documents", "doc_count": 405}, {"href": "https://upm.academia.edu/Departments/Educational_Technology/Documents", "doc_count": 18}, {"href": "https://upm.academia.edu/Departments/Electrical_and_Electronic_Engineering/Documents", "doc_count": 171}, {"href": "https://upm.academia.edu/Departments/Electrical_and_Electronics_Engineering/Documents", "doc_count": 201}, {"href": "https://upm.academia.edu/Departments/Electrical_engineering/Documents", "doc_count": 10}, {"href": "https://upm.academia.edu/Departments/Electrochemical_Sensor/Documents", "doc_count": 8}, {"href": "https://upm.academia.edu/Departments/Engenering/Documents", "doc_count": 1}, {"href": "https://upm.academia.edu/Departments/Engineering_Management/Documents", "doc_count": 2}, {"href": "https://upm.academia.edu/Departments/Enginering/Documents", "doc_count": 1}, {"href": "https://upm.academia.edu/Departments/English_Education/Documents", "doc_count": 2}, {"href": "https://upm.academia.edu/Departments/English_Language/Documents", "doc_count": 60}, {"href": "https://upm.academia.edu/Departments/English_Literature_Faculty_of_Modern_Languages_and_Communication/Documents", "doc_count": 67}, {"href": "https://upm.academia.edu/Departments/Environment/Documents", "doc_count": 20}, {"href": "https://upm.academia.edu/Departments/Environment_Science/Documents", "doc_count": 3}, {"href": "https://upm.academia.edu/Departments/Environmental_Forensics_Research_Centre_ENFORCE_/Documents", "doc_count": 22}, {"href": "https://upm.academia.edu/Departments/Environmental_Management/Documents", "doc_count": 152}, {"href": "https://upm.academia.edu/Departments/Environmental_Planning_and_Management/Documents", "doc_count": 5}, {"href": "https://upm.academia.edu/Departments/Environmental_Science/Documents", "doc_count": 86}, {"href": "https://upm.academia.edu/Departments/Environmental_Science_and_Technology/Documents", "doc_count": 1}, {"href": "https://upm.academia.edu/Departments/Environmental_Sciences/Documents", "doc_count": 278}, {"href": "https://upm.academia.edu/Departments/Environmental_Sciences_and_Technology/Documents", "doc_count": 5}, {"href": "https://upm.academia.edu/Departments/Environmental_Studies/Documents", "doc_count": 176}, {"href": "https://upm.academia.edu/Departments/Environmental_and_Occupational_Health/Documents", "doc_count": 501}, {"href": "https://upm.academia.edu/Departments/Estudiante/Documents", "doc_count": 2}, {"href": "https://upm.academia.edu/Departments/Extension_education/Documents", "doc_count": 25}, {"href": "https://upm.academia.edu/Departments/FAKULTI_BAHASAM_MODEN_DAN_KOMUNIKASI/Documents", "doc_count": 12}, {"href": "https://upm.academia.edu/Departments/FAKULTI_PENGAJIAN_PENDIDIKAN/Documents", "doc_count": 26}, {"href": "https://upm.academia.edu/Departments/FBMK/Documents", "doc_count": 18}, {"href": "https://upm.academia.edu/Departments/FIFTH_COLLEGE/Documents", "doc_count": 1}, {"href": "https://upm.academia.edu/Departments/FOOD_TECHNOLOGY_DEPARTMENT/Documents", "doc_count": 366}, {"href": "https://upm.academia.edu/Departments/FPSK/Documents", "doc_count": 5}, {"href": "https://upm.academia.edu/Departments/FRSB/Documents", "doc_count": 5}, {"href": "https://upm.academia.edu/Departments/FSKTM/Documents", "doc_count": 12}, {"href": "https://upm.academia.edu/Departments/FSTM/Documents", "doc_count": 2}, {"href": "https://upm.academia.edu/Departments/Faculty_Economies_and_Management/Documents", "doc_count": 16}, {"href": "https://upm.academia.edu/Departments/Faculty_of_Agriculture_and_Food_Science/Documents", "doc_count": 1}, {"href": "https://upm.academia.edu/Departments/Faculty_of_Agriculture_and_Food_Sciences/Documents", "doc_count": 45}, {"href": "https://upm.academia.edu/Departments/Faculty_of_Biotechnology_and_Biomolecular_Science/Documents", "doc_count": 350}, {"href": "https://upm.academia.edu/Departments/Faculty_of_Business_Economies_Management/Documents", "doc_count": 1}, {"href": "https://upm.academia.edu/Departments/Faculty_of_CSiT_Department_of_Computer_Science/Documents", "doc_count": 1}, {"href": "https://upm.academia.edu/Departments/Faculty_of_Computer_Science_and_IT_Department_of_Multimedia/Documents", "doc_count": 223}, {"href": "https://upm.academia.edu/Departments/Faculty_of_Computer_Science_and_Information_Technology/Documents", "doc_count": 692}, {"href": "https://upm.academia.edu/Departments/Faculty_of_Economy_and_Manegement/Documents", "doc_count": 6}, {"href": "https://upm.academia.edu/Departments/Faculty_of_Educational_Studies_Department_of_Foundations_of_Education/Documents", "doc_count": 290}, {"href": "https://upm.academia.edu/Departments/Faculty_of_Educational_Studies_Department_of_Language/Documents", "doc_count": 46}, {"href": "https://upm.academia.edu/Departments/Faculty_of_Educational_Studies_Department_of_Language_and_Humanities_Education/Documents", "doc_count": 31}, {"href": "https://upm.academia.edu/Departments/Faculty_of_Educational_Studies_Department_of_Science_and_Technical_Education/Documents", "doc_count": 17}, {"href": "https://upm.academia.edu/Departments/Faculty_of_Engineering/Documents", "doc_count": 544}, {"href": "https://upm.academia.edu/Departments/Faculty_of_Eucational_Studies/Documents", "doc_count": 3}, {"href": "https://upm.academia.edu/Departments/Faculty_of_Food_Science_and_Agricultural/Documents", "doc_count": 1}, {"href": "https://upm.academia.edu/Departments/Faculty_of_Food_Science_and_Tachnology/Documents", "doc_count": 152}, {"href": "https://upm.academia.edu/Departments/Faculty_of_Food_Scince_and_Technology/Documents", "doc_count": 96}, {"href": "https://upm.academia.edu/Departments/Faculty_of_Forestry/Documents", "doc_count": 237}, {"href": "https://upm.academia.edu/Departments/Faculty_of_Further_Education/Documents", "doc_count": 3}, {"href": "https://upm.academia.edu/Departments/Faculty_of_Human_Ecology/Documents", "doc_count": 213}, {"href": "https://upm.academia.edu/Departments/Faculty_of_Human_Ecology_Music/Documents", "doc_count": 72}, {"href": "https://upm.academia.edu/Departments/Faculty_of_Medicine_and_Heath_Science/Documents", "doc_count": 8}, {"href": "https://upm.academia.edu/Departments/Faculty_of_Modern_Language_and_Communication_Department_of_Communication/Documents", "doc_count": 2}, {"href": "https://upm.academia.edu/Departments/Faculty_of_Modern_Languages/Documents", "doc_count": 2}, {"href": "https://upm.academia.edu/Departments/Faculty_of_Modern_Languages_Communication/Documents", "doc_count": 11}, {"href": "https://upm.academia.edu/Departments/Faculty_of_Modern_Languages_and_Communicatio/Documents", "doc_count": 6}, {"href": "https://upm.academia.edu/Departments/Faculty_of_Modern_Languages_and_Communication/Documents", "doc_count": 99}, {"href": "https://upm.academia.edu/Departments/Faculty_of_Modern_Languages_and_Communications/Documents", "doc_count": 1}, {"href": "https://upm.academia.edu/Departments/Faculty_of_Mondern_Language_and_Communicatio/Documents", "doc_count": 1}, {"href": "https://upm.academia.edu/Departments/Faculty_of_Orphanges/Documents", "doc_count": 1}, {"href": "https://upm.academia.edu/Departments/Faculty_of_Science_Physic_Department/Documents", "doc_count": 1}, {"href": "https://upm.academia.edu/Departments/Faculty_of_Science_Biology_Department/Documents", "doc_count": 45}, {"href": "https://upm.academia.edu/Departments/Faculty_of_Science_Chemistry_Department/Documents", "doc_count": 193}, {"href": "https://upm.academia.edu/Departments/Faculty_of_Vertersny/Documents", "doc_count": 4}, {"href": "https://upm.academia.edu/Departments/Faculty_of_Veterinary_Medicine/Documents", "doc_count": 373}, {"href": "https://upm.academia.edu/Departments/Faculty_of_economic_and_management/Documents", "doc_count": 33}, {"href": "https://upm.academia.edu/Departments/Fakuliti_Bahasa_Moden/Documents", "doc_count": 1}, {"href": "https://upm.academia.edu/Departments/Fakulti_Bahasa_Moden/Documents", "doc_count": 1}, {"href": "https://upm.academia.edu/Departments/Fakulti_Bahasa_Moden_dan_Komunikasi/Documents", "doc_count": 42}, {"href": "https://upm.academia.edu/Departments/Fakulti_Bioteknologi_Dan_Sains_Biomolekul/Documents", "doc_count": 2}, {"href": "https://upm.academia.edu/Departments/Fakulti_Ekologi_Manusia/Documents", "doc_count": 47}, {"href": "https://upm.academia.edu/Departments/Fakulti_Ekonomi/Documents", "doc_count": 2}, {"href": "https://upm.academia.edu/Departments/Fakulti_Ekonomi_Dan_Pengurusan/Documents", "doc_count": 8}, {"href": "https://upm.academia.edu/Departments/Fakulti_Kejuruteraan/Documents", "doc_count": 6}, {"href": "https://upm.academia.edu/Departments/Fakulti_Pendidikan/Documents", "doc_count": 25}, {"href": "https://upm.academia.edu/Departments/Fakulti_Pengajian_Alam_Sekitar/Documents", "doc_count": 1}, {"href": "https://upm.academia.edu/Departments/Fakulti_Perniagaan_dan_ekonomi/Documents", "doc_count": 1}, {"href": "https://upm.academia.edu/Departments/Fakulti_Pertanian/Documents", "doc_count": 14}, {"href": "https://upm.academia.edu/Departments/Fakulti_Perubatan_Dan_Sains_Kesihatan/Documents", "doc_count": 9}, {"href": "https://upm.academia.edu/Departments/Fakulti_Perubatan_veterinar/Documents", "doc_count": 30}, {"href": "https://upm.academia.edu/Departments/Fakulti_Rekabentuk_Dan_Senibina/Documents", "doc_count": 1}, {"href": "https://upm.academia.edu/Departments/Fakulti_Sains_Komputer/Documents", "doc_count": 1}, {"href": "https://upm.academia.edu/Departments/Fakulti_of_Science/Documents", "doc_count": 7}, {"href": "https://upm.academia.edu/Departments/Family_Economic_and_Management_Human_Ecology/Documents", "doc_count": 1}, {"href": "https://upm.academia.edu/Departments/Faulti_Sains/Documents", "doc_count": 3}, {"href": "https://upm.academia.edu/Departments/Finanace/Documents", "doc_count": 1}, {"href": "https://upm.academia.edu/Departments/Finance/Documents", "doc_count": 4}, {"href": "https://upm.academia.edu/Departments/Fisheries_Aquaculture/Documents", "doc_count": 1}, {"href": "https://upm.academia.edu/Departments/Food_Management_Service/Documents", "doc_count": 2}, {"href": "https://upm.academia.edu/Departments/Food_Safety_Department/Documents", "doc_count": 1}, {"href": "https://upm.academia.edu/Departments/Food_Safety_Research_Centre/Documents", "doc_count": 33}, {"href": "https://upm.academia.edu/Departments/Food_Science/Documents", "doc_count": 67}, {"href": "https://upm.academia.edu/Departments/Food_Science_and_Technology/Documents", "doc_count": 32}, {"href": "https://upm.academia.edu/Departments/Food_Tech/Documents", "doc_count": 1}, {"href": "https://upm.academia.edu/Departments/Food_and_Process_Engineering/Documents", "doc_count": 8}, {"href": "https://upm.academia.edu/Departments/Foodservice_and_management/Documents", "doc_count": 44}, {"href": "https://upm.academia.edu/Departments/Forest_Production/Documents", "doc_count": 262}, {"href": "https://upm.academia.edu/Departments/Forest_management/Documents", "doc_count": 82}, {"href": "https://upm.academia.edu/Departments/Forest_management_and_conservation/Documents", "doc_count": 7}, {"href": "https://upm.academia.edu/Departments/Forset_Management/Documents", "doc_count": 6}, {"href": "https://upm.academia.edu/Departments/Fundamental_of_Education/Documents", "doc_count": 1}, {"href": "https://upm.academia.edu/Departments/Gender_study/Documents", "doc_count": 1}, {"href": "https://upm.academia.edu/Departments/Genetics/Documents", "doc_count": 3}, {"href": "https://upm.academia.edu/Departments/Geograpic/Documents", "doc_count": 1}, {"href": "https://upm.academia.edu/Departments/Goverment/Documents", "doc_count": 1}, {"href": "https://upm.academia.edu/Departments/Gradate_School_of_Management/Documents", "doc_count": 28}, {"href": "https://upm.academia.edu/Departments/Graduate_School_of_Management/Documents", "doc_count": 17}, {"href": "https://upm.academia.edu/Departments/Halal_Product_Research_Institute/Documents", "doc_count": 483}, {"href": "https://upm.academia.edu/Departments/Halal_Products_Research_Institute/Documents", "doc_count": 13}, {"href": "https://upm.academia.edu/Departments/Highway_and_Transportation_Engineering/Documents", "doc_count": 3}, {"href": "https://upm.academia.edu/Departments/Homescience/Documents", "doc_count": 1}, {"href": "https://upm.academia.edu/Departments/Human_Anatomy/Documents", "doc_count": 14}, {"href": "https://upm.academia.edu/Departments/Human_Anatomy_Faculty_of_Medicine_and_Heath_Science/Documents", "doc_count": 164}, {"href": "https://upm.academia.edu/Departments/Human_Development_Family_Studies/Documents", "doc_count": 53}, {"href": "https://upm.academia.edu/Departments/Human_Development_Family_Studies_Faculty_of_Human_Ecology/Documents", "doc_count": 130}, {"href": "https://upm.academia.edu/Departments/Human_Development_and_Family_Studies/Documents", "doc_count": 23}, {"href": "https://upm.academia.edu/Departments/Human_Ecology_and_Family_Studies/Documents", "doc_count": 1}, {"href": "https://upm.academia.edu/Departments/Human_Resource_Development/Documents", "doc_count": 19}, {"href": "https://upm.academia.edu/Departments/Human_Resources/Documents", "doc_count": 1}, {"href": "https://upm.academia.edu/Departments/I_Love_U/Documents", "doc_count": 1}, {"href": "https://upm.academia.edu/Departments/INSPEM/Documents", "doc_count": 4}, {"href": "https://upm.academia.edu/Departments/INSPEM_UPM/Documents", "doc_count": 3}, {"href": "https://upm.academia.edu/Departments/INTROP/Documents", "doc_count": 11}, {"href": "https://upm.academia.edu/Departments/IPSAS/Documents", "doc_count": 58}, {"href": "https://upm.academia.edu/Departments/IT/Documents", "doc_count": 46}, {"href": "https://upm.academia.edu/Departments/ITMA/Documents", "doc_count": 13}, {"href": "https://upm.academia.edu/Departments/Ikdpm/Documents", "doc_count": 48}, {"href": "https://upm.academia.edu/Departments/Imaging/Documents", "doc_count": 19}, {"href": "https://upm.academia.edu/Departments/Informatic/Documents", "doc_count": 1}, {"href": "https://upm.academia.edu/Departments/Institut_Ekosains_Borneo/Documents", "doc_count": 18}, {"href": "https://upm.academia.edu/Departments/Institut_Gerontologi/Documents", "doc_count": 6}, {"href": "https://upm.academia.edu/Departments/Institut_Penyelidikan_Produk_Halal/Documents", "doc_count": 13}, {"href": "https://upm.academia.edu/Departments/Institut_Perhutanan_Tropika_Dan_Produk_Hutan/Documents", "doc_count": 3}, {"href": "https://upm.academia.edu/Departments/Institute_Mathematical_for_Research/Documents", "doc_count": 46}, {"href": "https://upm.academia.edu/Departments/Institute_for_Social_Science_Studies/Documents", "doc_count": 291}, {"href": "https://upm.academia.edu/Departments/Institute_of_Advance_Technology/Documents", "doc_count": 1}, {"href": "https://upm.academia.edu/Departments/Institute_of_Advanced_Technology/Documents", "doc_count": 4}, {"href": "https://upm.academia.edu/Departments/Institute_of_Advanced_Technology_ITMA_/Documents", "doc_count": 225}, {"href": "https://upm.academia.edu/Departments/Institute_of_Agricultural_Food_Policy_Studies/Documents", "doc_count": 24}, {"href": "https://upm.academia.edu/Departments/Institute_of_Bioscience/Documents", "doc_count": 406}, {"href": "https://upm.academia.edu/Departments/Institute_of_Gerontology/Documents", "doc_count": 17}, {"href": "https://upm.academia.edu/Departments/Institute_of_Tropical_Agriculture/Documents", "doc_count": 177}, {"href": "https://upm.academia.edu/Departments/Institute_of_Tropical_Agriculture_And_Food_Security_ITAFoS_/Documents", "doc_count": 18}, {"href": "https://upm.academia.edu/Departments/Institute_of_Tropical_Forestry_and_Forest_Products/Documents", "doc_count": 41}, {"href": "https://upm.academia.edu/Departments/Institute_of_Tropical_Forestry_and_Forest_Products_INTROP_/Documents", "doc_count": 283}, {"href": "https://upm.academia.edu/Departments/Institute_of_bioscience_IBS_/Documents", "doc_count": 112}, {"href": "https://upm.academia.edu/Departments/International_Institute_of_Aquaculture_Aquatic_Sciences_I_AQUAS_/Documents", "doc_count": 18}, {"href": "https://upm.academia.edu/Departments/Introp_Forestry/Documents", "doc_count": 32}, {"href": "https://upm.academia.edu/Departments/Iranology/Documents", "doc_count": 1}, {"href": "https://upm.academia.edu/Departments/JABATAN_PENGAJIAN_SUKAN/Documents", "doc_count": 4}, {"href": "https://upm.academia.edu/Departments/JABATAN_PERTANIAN_MALAYSIA/Documents", "doc_count": 3}, {"href": "https://upm.academia.edu/Departments/JAKIM/Documents", "doc_count": 10}, {"href": "https://upm.academia.edu/Departments/JPPL/Documents", "doc_count": 1}, {"href": "https://upm.academia.edu/Departments/JPPPL/Documents", "doc_count": 9}, {"href": "https://upm.academia.edu/Departments/Jabatan_Bahasa_Melayu/Documents", "doc_count": 6}, {"href": "https://upm.academia.edu/Departments/Jabatan_Kesihatan_Persekitaran_Dan_Pekerjaan/Documents", "doc_count": 1}, {"href": "https://upm.academia.edu/Departments/Jabatan_Matematik/Documents", "doc_count": 3}, {"href": "https://upm.academia.edu/Departments/Jabatan_Pemajuan_Profesional_Dan_Pendidikan_Lanjutan/Documents", "doc_count": 1}, {"href": "https://upm.academia.edu/Departments/Jabatan_Pendidikan_Bahasa_dan_Kemanusiaan/Documents", "doc_count": 64}, {"href": "https://upm.academia.edu/Departments/Jabatan_Pendidikan_Kaunselor_dan_Psikologi_Kaunseling/Documents", "doc_count": 4}, {"href": "https://upm.academia.edu/Departments/Jabatan_Pendidikan_Sains_Teknikal/Documents", "doc_count": 2}, {"href": "https://upm.academia.edu/Departments/Jabatan_Pengajian_Ketamadunan_Dan_Kenegaraan/Documents", "doc_count": 5}, {"href": "https://upm.academia.edu/Departments/Jabatan_Sains_Asasi_dan_Kejuruteraan/Documents", "doc_count": 2}, {"href": "https://upm.academia.edu/Departments/Jabatan_Sains_Sosial/Documents", "doc_count": 1}, {"href": "https://upm.academia.edu/Departments/Jabatan_Sosialkemasyarakatan_Dan_Pembangunan/Documents", "doc_count": 1}, {"href": "https://upm.academia.edu/Departments/Jabatan_Teknologi_Pertanian/Documents", "doc_count": 4}, {"href": "https://upm.academia.edu/Departments/Jpkk_Fem/Documents", "doc_count": 41}, {"href": "https://upm.academia.edu/Departments/KOLEJ/Documents", "doc_count": 1}, {"href": "https://upm.academia.edu/Departments/Kejuruteraan/Documents", "doc_count": 3}, {"href": "https://upm.academia.edu/Departments/Keusahawanan/Documents", "doc_count": 1}, {"href": "https://upm.academia.edu/Departments/Kimia_Perindustrian/Documents", "doc_count": 1}, {"href": "https://upm.academia.edu/Departments/Kolej_Tun_DR_Ismail/Documents", "doc_count": 1}, {"href": "https://upm.academia.edu/Departments/Lab_of_Marine_Biotechnology_Institute_of_Bioscience/Documents", "doc_count": 1}, {"href": "https://upm.academia.edu/Departments/Laboratory_of_Biocomposite_Technology/Documents", "doc_count": 68}, {"href": "https://upm.academia.edu/Departments/Laboratory_of_Climate_Smart_Food_Crop_Production/Documents", "doc_count": 2}, {"href": "https://upm.academia.edu/Departments/Laboratory_of_Molecular_Biomedicine/Documents", "doc_count": 8}, {"href": "https://upm.academia.edu/Departments/Laboratory_of_Vaccine_and_Immunotherapeautics_Institute_of_Bioscience_IBS_/Documents", "doc_count": 4}, {"href": "https://upm.academia.edu/Departments/Land_Management/Documents", "doc_count": 213}, {"href": "https://upm.academia.edu/Departments/Landscape_Architecture/Documents", "doc_count": 226}, {"href": "https://upm.academia.edu/Departments/Language_and_Humanities_Education/Documents", "doc_count": 94}, {"href": "https://upm.academia.edu/Departments/Law/Documents", "doc_count": 1}, {"href": "https://upm.academia.edu/Departments/Lima/Documents", "doc_count": 1}, {"href": "https://upm.academia.edu/Departments/Linguistic/Documents", "doc_count": 17}, {"href": "https://upm.academia.edu/Departments/Logical/Documents", "doc_count": 1}, {"href": "https://upm.academia.edu/Departments/love_and_Science/Documents", "doc_count": 1}, {"href": "https://upm.academia.edu/Departments/MANAGEMENT/Documents", "doc_count": 28}, {"href": "https://upm.academia.edu/Departments/MBA_business_school/Documents", "doc_count": 1}, {"href": "https://upm.academia.edu/Departments/Malaysia/Documents", "doc_count": 1}, {"href": "https://upm.academia.edu/Departments/Malaysian_Research_Institute_on_Ageing_MyAgeing_/Documents", "doc_count": 9}, {"href": "https://upm.academia.edu/Departments/Malaysian_Research_Institute_on_Aging_MyAging_/Documents", "doc_count": 2}, {"href": "https://upm.academia.edu/Departments/Management_Marketing/Documents", "doc_count": 50}, {"href": "https://upm.academia.edu/Departments/management_and_marketing_UPM/Documents", "doc_count": 1}, {"href": "https://upm.academia.edu/Departments/Management_and_Marketing/Documents", "doc_count": 98}, {"href": "https://upm.academia.edu/Departments/Marine/Documents", "doc_count": 1}, {"href": "https://upm.academia.edu/Departments/Marine_Biotechnology/Documents", "doc_count": 29}, {"href": "https://upm.academia.edu/Departments/Marine_science_and_aquaculture_laboratory/Documents", "doc_count": 10}, {"href": "https://upm.academia.edu/Departments/Marketing/Documents", "doc_count": 5}, {"href": "https://upm.academia.edu/Departments/Marketing_and_Management/Documents", "doc_count": 130}, {"href": "https://upm.academia.edu/Departments/Mass_Communication/Documents", "doc_count": 11}, {"href": "https://upm.academia.edu/Departments/Master_of_Science/Documents", "doc_count": 2}, {"href": "https://upm.academia.edu/Departments/Mathematics_Department/Documents", "doc_count": 479}, {"href": "https://upm.academia.edu/Departments/Mathematics_Department_Faculty_of_Science/Documents", "doc_count": 198}, {"href": "https://upm.academia.edu/Departments/Mechanical_Engineering/Documents", "doc_count": 30}, {"href": "https://upm.academia.edu/Departments/Mechanical_and_Manufacturing_Engineering/Documents", "doc_count": 409}, {"href": "https://upm.academia.edu/Departments/Medical_Microbiology/Documents", "doc_count": 35}, {"href": "https://upm.academia.edu/Departments/Medical_and_Health_Sciences/Documents", "doc_count": 9}, {"href": "https://upm.academia.edu/Departments/Medicine/Documents", "doc_count": 30}, {"href": "https://upm.academia.edu/Departments/Medicine_And_Health_Sciences/Documents", "doc_count": 401}, {"href": "https://upm.academia.edu/Departments/Mekanikal/Documents", "doc_count": 1}, {"href": "https://upm.academia.edu/Departments/Microbiology/Documents", "doc_count": 88}, {"href": "https://upm.academia.edu/Departments/Modern_Laguages_and_Communication/Documents", "doc_count": 4}, {"href": "https://upm.academia.edu/Departments/modern_Language_and_Communication_Faculty/Documents", "doc_count": 13}, {"href": "https://upm.academia.edu/Departments/Modern_Languages_and_Comminucation/Documents", "doc_count": 1}, {"href": "https://upm.academia.edu/Departments/Moral/Documents", "doc_count": 1}, {"href": "https://upm.academia.edu/Departments/Motor/Documents", "doc_count": 1}, {"href": "https://upm.academia.edu/Departments/Music/Documents", "doc_count": 70}, {"href": "https://upm.academia.edu/Departments/Nanotechnology/Documents", "doc_count": 10}, {"href": "https://upm.academia.edu/Departments/Nutrition_Dietetic/Documents", "doc_count": 1}, {"href": "https://upm.academia.edu/Departments/Nutrition_and_Dietetics/Documents", "doc_count": 189}, {"href": "https://upm.academia.edu/Departments/ORTHOPAEDIC/Documents", "doc_count": 38}, {"href": "https://upm.academia.edu/Departments/Obstetric_Gynaecology/Documents", "doc_count": 4}, {"href": "https://upm.academia.edu/Departments/Occupation_Health/Documents", "doc_count": 2}, {"href": "https://upm.academia.edu/Departments/Opos/Documents", "doc_count": 1}, {"href": "https://upm.academia.edu/Departments/Orthopaedics_Surgery/Documents", "doc_count": 1}, {"href": "https://upm.academia.edu/Departments/Otorhinolaryngology_Head_Neck_Surgery/Documents", "doc_count": 8}, {"href": "https://upm.academia.edu/Departments/PBMP/Documents", "doc_count": 1}, {"href": "https://upm.academia.edu/Departments/PUSAT_PEMBANGUNAN_MAKLUMAT_DAN_KOMUNIKASI/Documents", "doc_count": 1}, {"href": "https://upm.academia.edu/Departments/Patholgy/Documents", "doc_count": 3}, {"href": "https://upm.academia.edu/Departments/Pathology/Documents", "doc_count": 125}, {"href": "https://upm.academia.edu/Departments/Pathology_microbiology/Documents", "doc_count": 54}, {"href": "https://upm.academia.edu/Departments/Pathology_and_Microbiology/Documents", "doc_count": 5}, {"href": "https://upm.academia.edu/Departments/Pathology_Faculty_of_Medicine_and_Heath_Science/Documents", "doc_count": 65}, {"href": "https://upm.academia.edu/Departments/Patology/Documents", "doc_count": 1}, {"href": "https://upm.academia.edu/Departments/Pendidikan/Documents", "doc_count": 3}, {"href": "https://upm.academia.edu/Departments/Pengajian_Bahasa/Documents", "doc_count": 2}, {"href": "https://upm.academia.edu/Departments/Perhutanan/Documents", "doc_count": 1}, {"href": "https://upm.academia.edu/Departments/Pharmacology/Documents", "doc_count": 85}, {"href": "https://upm.academia.edu/Departments/Physical_Education/Documents", "doc_count": 6}, {"href": "https://upm.academia.edu/Departments/Physics/Documents", "doc_count": 494}, {"href": "https://upm.academia.edu/Departments/Plant_Proctection/Documents", "doc_count": 74}, {"href": "https://upm.academia.edu/Departments/Plant_Protection/Documents", "doc_count": 60}, {"href": "https://upm.academia.edu/Departments/Plant_Sciences/Documents", "doc_count": 4}, {"href": "https://upm.academia.edu/Departments/Politcis_and_Civilization_Studies/Documents", "doc_count": 58}, {"href": "https://upm.academia.edu/Departments/Politics_and_government/Documents", "doc_count": 42}, {"href": "https://upm.academia.edu/Departments/Postgraduate/Documents", "doc_count": 1}, {"href": "https://upm.academia.edu/Departments/Postgraduate_Student/Documents", "doc_count": 1}, {"href": "https://upm.academia.edu/Departments/Power/Documents", "doc_count": 10}, {"href": "https://upm.academia.edu/Departments/Pre_Clinical/Documents", "doc_count": 53}, {"href": "https://upm.academia.edu/Departments/Process_and_Food_Engineering_Department/Documents", "doc_count": 55}, {"href": "https://upm.academia.edu/Departments/Proses_dan_Makanan/Documents", "doc_count": 2}, {"href": "https://upm.academia.edu/Departments/Psychiatry/Documents", "doc_count": 146}, {"href": "https://upm.academia.edu/Departments/Psychology/Documents", "doc_count": 2}, {"href": "https://upm.academia.edu/Departments/Psychology_and_Counseling/Documents", "doc_count": 5}, {"href": "https://upm.academia.edu/Departments/Public_Health/Documents", "doc_count": 3}, {"href": "https://upm.academia.edu/Departments/Putra_Busines_School/Documents", "doc_count": 26}, {"href": "https://upm.academia.edu/Departments/Putra_Business_School/Documents", "doc_count": 131}, {"href": "https://upm.academia.edu/Departments/Putra_Science_Park/Documents", "doc_count": 1}, {"href": "https://upm.academia.edu/Departments/ROAD_SAFETY_RESEARCH_CENTER_FACULTY_OF_ENGINEERING/Documents", "doc_count": 1}, {"href": "https://upm.academia.edu/Departments/Radiology/Documents", "doc_count": 1}, {"href": "https://upm.academia.edu/Departments/Redzuan_Rani/Documents", "doc_count": 1}, {"href": "https://upm.academia.edu/Departments/Registrar_Office/Documents", "doc_count": 3}, {"href": "https://upm.academia.edu/Departments/Remote_Sensing_and_GIS/Documents", "doc_count": 20}, {"href": "https://upm.academia.edu/Departments/Research/Documents", "doc_count": 1}, {"href": "https://upm.academia.edu/Departments/Resource_Management_and_Consumer_Studies/Documents", "doc_count": 121}, {"href": "https://upm.academia.edu/Departments/Resource_Mgt_Consumer_Studies/Documents", "doc_count": 13}, {"href": "https://upm.academia.edu/Departments/SMK_Bandar_Kota_Tinggi/Documents", "doc_count": 1}, {"href": "https://upm.academia.edu/Departments/SMK_Chung_Ling/Documents", "doc_count": 1}, {"href": "https://upm.academia.edu/Departments/Sains/Documents", "doc_count": 2}, {"href": "https://upm.academia.edu/Departments/Sains_Dan_Alam_Sekitar/Documents", "doc_count": 3}, {"href": "https://upm.academia.edu/Departments/Sains_Komputer/Documents", "doc_count": 9}, {"href": "https://upm.academia.edu/Departments/School_Of_Graduate_Study_Halal_Product_Research_Institute/Documents", "doc_count": 1}, {"href": "https://upm.academia.edu/Departments/School_of_Business_Economics/Documents", "doc_count": 23}, {"href": "https://upm.academia.edu/Departments/School_of_Engineering_and_inforamtion/Documents", "doc_count": 4}, {"href": "https://upm.academia.edu/Departments/School_of_Graduate_Studies/Documents", "doc_count": 35}, {"href": "https://upm.academia.edu/Departments/Science/Documents", "doc_count": 12}, {"href": "https://upm.academia.edu/Departments/Science_Technical_Education/Documents", "doc_count": 102}, {"href": "https://upm.academia.edu/Departments/Sciense/Documents", "doc_count": 1}, {"href": "https://upm.academia.edu/Departments/Security/Documents", "doc_count": 1}, {"href": "https://upm.academia.edu/Departments/Security_in_Computing/Documents", "doc_count": 3}, {"href": "https://upm.academia.edu/Departments/Sekolah_Pengajian_Siswazah/Documents", "doc_count": 1}, {"href": "https://upm.academia.edu/Departments/Small_Animal_and_Surgery/Documents", "doc_count": 1}, {"href": "https://upm.academia.edu/Departments/Social_Development_Science/Documents", "doc_count": 2}, {"href": "https://upm.academia.edu/Departments/Social_Pshicology/Documents", "doc_count": 2}, {"href": "https://upm.academia.edu/Departments/Social_and_Development_Science/Documents", "doc_count": 27}, {"href": "https://upm.academia.edu/Departments/Sociology_Education/Documents", "doc_count": 2}, {"href": "https://upm.academia.edu/Departments/Software_Engineering_and_Information_System/Documents", "doc_count": 106}, {"href": "https://upm.academia.edu/Departments/Software_Engineering_and_Information_Systems/Documents", "doc_count": 58}, {"href": "https://upm.academia.edu/Departments/Software_engineering/Documents", "doc_count": 10}, {"href": "https://upm.academia.edu/Departments/Soil_Science/Documents", "doc_count": 3}, {"href": "https://upm.academia.edu/Departments/Solid_Waste_Management/Documents", "doc_count": 2}, {"href": "https://upm.academia.edu/Departments/Sosiologi/Documents", "doc_count": 1}, {"href": "https://upm.academia.edu/Departments/Sport_Psychology_Department/Documents", "doc_count": 2}, {"href": "https://upm.academia.edu/Departments/Sport_Science/Documents", "doc_count": 13}, {"href": "https://upm.academia.edu/Departments/Sport_Studies/Documents", "doc_count": 113}, {"href": "https://upm.academia.edu/Departments/Sports_Academy/Documents", "doc_count": 50}, {"href": "https://upm.academia.edu/Departments/Statistics/Documents", "doc_count": 4}, {"href": "https://upm.academia.edu/Departments/Structural_Engineering_and_Constructure/Documents", "doc_count": 8}, {"href": "https://upm.academia.edu/Departments/Student/Documents", "doc_count": 2}, {"href": "https://upm.academia.edu/Departments/Students/Documents", "doc_count": 1}, {"href": "https://upm.academia.edu/Departments/Swasta/Documents", "doc_count": 1}, {"href": "https://upm.academia.edu/Departments/TEACHERS/Documents", "doc_count": 2}, {"href": "https://upm.academia.edu/Departments/TEKNIK_INDUSTRI/Documents", "doc_count": 1}, {"href": "https://upm.academia.edu/Departments/TESL/Documents", "doc_count": 1}, {"href": "https://upm.academia.edu/Departments/Tourism/Documents", "doc_count": 23}, {"href": "https://upm.academia.edu/Departments/UPM_Music_Department/Documents", "doc_count": 5}, {"href": "https://upm.academia.edu/Departments/Uctc/Documents", "doc_count": 8}, {"href": "https://upm.academia.edu/Departments/Umum/Documents", "doc_count": 1}, {"href": "https://upm.academia.edu/Departments/Undergraduate_student/Documents", "doc_count": 6}, {"href": "https://upm.academia.edu/Departments/Universiti_Putra_Malaysia/Documents", "doc_count": 95}, {"href": "https://upm.academia.edu/Departments/University_Community_Transformation_Centre_UCTC_/Documents", "doc_count": 14}, {"href": "https://upm.academia.edu/Departments/Urban_Design_and_planning/Documents", "doc_count": 29}, {"href": "https://upm.academia.edu/Departments/Urban_planning_and_design/Documents", "doc_count": 13}, {"href": "https://upm.academia.edu/Departments/Vaccines_and_Immunotherapeutics/Documents", "doc_count": 5}, {"href": "https://upm.academia.edu/Departments/Veterinary_Clinical_Studies/Documents", "doc_count": 171}, {"href": "https://upm.academia.edu/Departments/Veterinery_Clinical_Study/Documents", "doc_count": 12}, {"href": "https://upm.academia.edu/Departments/Wood_Science_Technology/Documents", "doc_count": 1}, {"href": "https://upm.academia.edu/Departments/Youth_Studies/Documents", "doc_count": 8}, {"href": "https://upm.academia.edu/Departments/_rivate/Documents", "doc_count": 1}]