[{"href": "https://xmu-my.academia.edu/Departments/Accounting/Documents", "doc_count": 3}, {"href": "https://xmu-my.academia.edu/Departments/Advertising_Journalism_and_Chinese_Studies/Documents", "doc_count": 8}, {"href": "https://xmu-my.academia.edu/Departments/Anthropology/Documents", "doc_count": 3}, {"href": "https://xmu-my.academia.edu/Departments/Anthropology_and_Ethnology/Documents", "doc_count": 219}, {"href": "https://xmu-my.academia.edu/Departments/Automation_Department/Documents", "doc_count": 19}, {"href": "https://xmu-my.academia.edu/Departments/Bachelor_in_new_energy_and_science_engineering/Documents", "doc_count": 1}, {"href": "https://xmu-my.academia.edu/Departments/Bachelor_of_Arts_in_Advertising/Documents", "doc_count": 1}, {"href": "https://xmu-my.academia.edu/Departments/Bachelors_of_Engineering_in_Digital_Media_Technology/Documents", "doc_count": 1}, {"href": "https://xmu-my.academia.edu/Departments/Bechelor_of_Electrical_and_Electronics_Engneering/Documents", "doc_count": 30}, {"href": "https://xmu-my.academia.edu/Departments/Biochemical_and_Chemical_Engineering/Documents", "doc_count": 27}, {"href": "https://xmu-my.academia.edu/Departments/Biochemistry_and_Molecular_Biology/Documents", "doc_count": 27}, {"href": "https://xmu-my.academia.edu/Departments/Chemical_Engineering/Documents", "doc_count": 3}, {"href": "https://xmu-my.academia.edu/Departments/China_Asean_College_of_Marine_Science_CAMS_/Documents", "doc_count": 52}, {"href": "https://xmu-my.academia.edu/Departments/Chinese_Language_and_Literature/Documents", "doc_count": 7}, {"href": "https://xmu-my.academia.edu/Departments/Coastal_and_Ocean_Management_Institute_COMI_/Documents", "doc_count": 7}, {"href": "https://xmu-my.academia.edu/Departments/College_English/Documents", "doc_count": 4}, {"href": "https://xmu-my.academia.edu/Departments/College_of_Ocean_Earth_Sciences/Documents", "doc_count": 19}, {"href": "https://xmu-my.academia.edu/Departments/College_of_energy/Documents", "doc_count": 3}, {"href": "https://xmu-my.academia.edu/Departments/College_of_the_Environment_and_Ecology/Documents", "doc_count": 34}, {"href": "https://xmu-my.academia.edu/Departments/Communication_Engineering/Documents", "doc_count": 1}, {"href": "https://xmu-my.academia.edu/Departments/Computer_science_and_technology_major/Documents", "doc_count": 1}, {"href": "https://xmu-my.academia.edu/Departments/Department_of_Chemistry/Documents", "doc_count": 328}, {"href": "https://xmu-my.academia.edu/Departments/Department_of_Chinese/Documents", "doc_count": 2}, {"href": "https://xmu-my.academia.edu/Departments/Department_of_Electronic_Engineering/Documents", "doc_count": 1}, {"href": "https://xmu-my.academia.edu/Departments/Department_of_Electronic_Science/Documents", "doc_count": 14}, {"href": "https://xmu-my.academia.edu/Departments/Department_of_Foreign_Languages_and_Cultures/Documents", "doc_count": 1}, {"href": "https://xmu-my.academia.edu/Departments/Department_of_Humanity/Documents", "doc_count": 23}, {"href": "https://xmu-my.academia.edu/Departments/Department_of_Information_and_Communication_Technologies_School_of_Electrical_and_Computer_Engineering/Documents", "doc_count": 93}, {"href": "https://xmu-my.academia.edu/Departments/Department_of_Marine_Chemistry_and_Geochemistry/Documents", "doc_count": 46}, {"href": "https://xmu-my.academia.edu/Departments/Department_of_Physics/Documents", "doc_count": 1}, {"href": "https://xmu-my.academia.edu/Departments/Economics/Documents", "doc_count": 7}, {"href": "https://xmu-my.academia.edu/Departments/Electrical_and_Electronics_engineering/Documents", "doc_count": 43}, {"href": "https://xmu-my.academia.edu/Departments/Engineering_Faculty/Documents", "doc_count": 56}, {"href": "https://xmu-my.academia.edu/Departments/English_Language_Division/Documents", "doc_count": 11}, {"href": "https://xmu-my.academia.edu/Departments/Finance/Documents", "doc_count": 5}, {"href": "https://xmu-my.academia.edu/Departments/History/Documents", "doc_count": 3}, {"href": "https://xmu-my.academia.edu/Departments/Information/Documents", "doc_count": 10}, {"href": "https://xmu-my.academia.edu/Departments/Institute_of_Education/Documents", "doc_count": 7}, {"href": "https://xmu-my.academia.edu/Departments/International_Business/Documents", "doc_count": 3}, {"href": "https://xmu-my.academia.edu/Departments/International_Language_School/Documents", "doc_count": 1}, {"href": "https://xmu-my.academia.edu/Departments/International_Relations/Documents", "doc_count": 11}, {"href": "https://xmu-my.academia.edu/Departments/Journalism/Documents", "doc_count": 49}, {"href": "https://xmu-my.academia.edu/Departments/Laboratory_Centre/Documents", "doc_count": 1}, {"href": "https://xmu-my.academia.edu/Departments/Law_School/Documents", "doc_count": 11}, {"href": "https://xmu-my.academia.edu/Departments/Management_Science/Documents", "doc_count": 12}, {"href": "https://xmu-my.academia.edu/Departments/Mathematics_and_Applied_Mathematics/Documents", "doc_count": 21}, {"href": "https://xmu-my.academia.edu/Departments/Mechanical_Electrical_Engineering/Documents", "doc_count": 135}, {"href": "https://xmu-my.academia.edu/Departments/Medicine_and_Surgery/Documents", "doc_count": 1}, {"href": "https://xmu-my.academia.edu/Departments/Merchant_Marine_College/Documents", "doc_count": 3}, {"href": "https://xmu-my.academia.edu/Departments/New_Energy/Documents", "doc_count": 19}, {"href": "https://xmu-my.academia.edu/Departments/Pharmacy/Documents", "doc_count": 11}, {"href": "https://xmu-my.academia.edu/Departments/Philosophy/Documents", "doc_count": 3}, {"href": "https://xmu-my.academia.edu/Departments/Sale/Documents", "doc_count": 4}, {"href": "https://xmu-my.academia.edu/Departments/Sales/Documents", "doc_count": 10}, {"href": "https://xmu-my.academia.edu/Departments/School_of_Computing_and_Data_Science/Documents", "doc_count": 27}, {"href": "https://xmu-my.academia.edu/Departments/School_of_Economics_and_Management/Documents", "doc_count": 24}, {"href": "https://xmu-my.academia.edu/Departments/School_of_Information_Science_and_Technology/Documents", "doc_count": 14}, {"href": "https://xmu-my.academia.edu/Departments/School_of_Management/Documents", "doc_count": 52}, {"href": "https://xmu-my.academia.edu/Departments/School_of_Mathematical_Sciences/Documents", "doc_count": 43}, {"href": "https://xmu-my.academia.edu/Departments/School_of_Public_Affairs/Documents", "doc_count": 1}, {"href": "https://xmu-my.academia.edu/Departments/School_of_Southeast_Asian_Studies/Documents", "doc_count": 1}, {"href": "https://xmu-my.academia.edu/Departments/School_of_Translation_and_Interpretation/Documents", "doc_count": 1}, {"href": "https://xmu-my.academia.edu/Departments/Sociology_and_Social_Work/Documents", "doc_count": 2}, {"href": "https://xmu-my.academia.edu/Departments/Software_Engineering/Documents", "doc_count": 9}, {"href": "https://xmu-my.academia.edu/Departments/Software_School/Documents", "doc_count": 1}, {"href": "https://xmu-my.academia.edu/Departments/South_China_Sea_Institute/Documents", "doc_count": 41}, {"href": "https://xmu-my.academia.edu/Departments/State_Key_Lab_of_Marine_and_Environmental_Sicence/Documents", "doc_count": 1}, {"href": "https://xmu-my.academia.edu/Departments/State_key_laboratory_of_Marine_Environmetal_Sciences/Documents", "doc_count": 59}, {"href": "https://xmu-my.academia.edu/Departments/the_Department_of_English_Language_and_Literature/Documents", "doc_count": 1}, {"href": "https://xmu-my.academia.edu/Departments/Tourism_and_hospitality/Documents", "doc_count": 1}, {"href": "https://xmu-my.academia.edu/Departments/Traditional_Chinese_Medicine/Documents", "doc_count": 170}, {"href": "https://xmu-my.academia.edu/Departments/Wang_Yanan_Institute_for_Studies_in_Economics/Documents", "doc_count": 2}, {"href": "https://xmu-my.academia.edu/Departments/%E6%B5%B7%E9%9F%B5%E6%A5%BC/Documents", "doc_count": 1}]