[{"title": "Perhimpunan ICERD mungkin sentuh isu-isu semasa lain - Ismail Sabri", "url": "http://www.utusan.com.my/berita/politik/perhimpunan-icerd-mungkin-sentuh-isu-isu-semasa-lain-ismail-sabri-1.797352", "authors": ["Fadzil Zainol"], "top-image": "http://www.utusan.com.my/polopoly_fs/1.792686!/image/image.jpg_gen/derivatives/landscape_650/image.jpg", "text": "KUALA LUMPUR 1 Dis. - Naib Presiden UMNO, Datuk Seri Ismail Sabri Yaakob percaya perhimpunan pada 8 Disember ini mungkin akan turut membangkitkan isu-isu rakyat seperti masalah kejatuhan harga getah dan sawit selain hal ehwal kepentingan orang Melayu.\n\nPerhimpunan itu akan dianjurkan oleh sebuah pertubuhan bukan kerajaan (NGO) bertujuan melahirkan rasa syukur kerana kerajaan tidak meratifikasi Konvensyen Antarabangsa Mengenai Penghapusan Segala Bentuk Diskriminasi Kaum (ICERD).\n\nNamun bagi Ismail Sabri, isu-isu lain yang turut membimbangkan rakyat dan orang Melayu sukar dihalang untuk dibangkitkan dalam perhimpunan sebegitu.\n\n\u201cIsu-isu rakyat mungkin disentuh kerana ada yang menderita akibat kejatuhan harga sawit dan getah serta harga barang yang tidak menurun. Rakyat mahukan pembelaan,\u201d katanya.\n\nBeliau berkata demikian kepada pemberita di sini hari ini sewaktu melawat rumah anak yatim Raudhatul Al-Faeez di Gombak yang terbakar pada 23 November lalu.\n\nIsmail Sabri yang juga Pengerusi Badan Perhubungan UMNO Selangor berkata, sekiranya perhimpunan itu mendapat kelulusan pihak berkuasa, ahli-ahli partinya di Selangor sedia memberi sokongan penuh dengan menyertai perhimpunan tersebut. - UTUSAN ONLINE", "keyword": ["umno", "getah", "ismail", "icerd", "selangor", "perhimpunan", "sabri", "sentuh", "kejatuhan", "yatim", "isuisu", "yaakob"], "summary": "- Naib Presiden UMNO, Datuk Seri Ismail Sabri Yaakob percaya perhimpunan pada 8 Disember ini mungkin akan turut membangkitkan isu-isu rakyat seperti masalah kejatuhan harga getah dan sawit selain hal ehwal kepentingan orang Melayu.\nPerhimpunan itu akan dianjurkan oleh sebuah pertubuhan bukan kerajaan (NGO) bertujuan melahirkan rasa syukur kerana kerajaan tidak meratifikasi Konvensyen Antarabangsa Mengenai Penghapusan Segala Bentuk Diskriminasi Kaum (ICERD).\nNamun bagi Ismail Sabri, isu-isu lain yang turut membimbangkan rakyat dan orang Melayu sukar dihalang untuk dibangkitkan dalam perhimpunan sebegitu.\n\u201cIsu-isu rakyat mungkin disentuh kerana ada yang menderita akibat kejatuhan harga sawit dan getah serta harga barang yang tidak menurun.\nIsmail Sabri yang juga Pengerusi Badan Perhubungan UMNO Selangor berkata, sekiranya perhimpunan itu mendapat kelulusan pihak berkuasa, ahli-ahli partinya di Selangor sedia memberi sokongan penuh dengan menyertai perhimpunan tersebut.", "news": "Utusan Malaysia", "date": "11-30-2018", "language": "INDONESIA"}, {"title": "Malaysia-Singapura bincang isu ruang udara Pasir Gudang hari ini", "url": "http://www.utusan.com.my/berita/nasional/malaysia-singapura-bincang-isu-ruang-udara-pasir-gudang-hari-ini-1.818119", "authors": [], "top-image": "http://www.utusan.com.my/polopoly_fs/1.818140!/image/image.jpg_gen/derivatives/landscape_650/image.jpg", "text": "SINGAPURA 8 Jan. - Mesyuarat antara Malaysia dan Singapura dijangka menyentuh isu ruang udara Pasir Gudang, Johor, apabila Menteri Luar, Datuk Saifuddin Abdullah mengadakan pertemuan dengan rakan sejawatnya dari Singapura, Dr Vivian Balakrishnan, di sini hari ini.\n\nDifahamkan mesyuarat dua hala itu dijadual berlangsung selama sejam dan disusuli dengan mesyuarat delegasi.\n\nSaifuddin sebelum ini dilaporkan berkata isu pencerobohan ruang udara Pasir Gudang oleh pesawat sebelum mendarat di Lapangan Terbang Seletar, Singapura merupakan antara perkara utama dalam mesyuarat tersebut.\n\nBeliau berkata, kunjungannya ke Singapura merupakan kesinambungan mesyuarat antara Timbalan Perdana Singpura, Teo Chee Hean dan Perdana Menteri, Tun Dr Mahathir Mohamad di Putrajaya, 31 Disember lalu.\n\nSebelum ini, beliau dilaporkan berkata, Malaysia tetap berpegang kepada pendirian bahawa pesawat ingin mendarat di Lapangan Terbang Seletar tidak boleh menggunakan ruang udara Malaysia di Pasir Gudang.\n\n\u201cKami membantah dan mengisytiharkan ruang udara tersebut adalah kawasan terhad dan ini akan menjadi masalah kepada Singapura. Saya yakin isu ini akan dibincangkan dengan baik untuk mencapai penyelesaian menang-menang bagi kedua-dua negara,\u201d katanya.\n\nMalaysia juga mengisyitharkan pewujudan kawasan larangan kekal di ruang udara Pasir Gudang berkuat kuasa 1 Januari lalu dengan Jabatan Penerbangan Awam (DCA) mengeluarkan Notis Kepada Juruterbang (NOTAM) pada 25 Disember lalu.\n\nSelain itu, kedua-dua Menteri Luar itu dijangka akan membincangkan isu semakan semula kadar air di bawah Perjanjian Air 1962.\n\nPerjanjian tersebut yang akan berakhir pada tahun 2061 pula menyaksikan Malaysia menjual kepada negara itu 250 juta gelen air mentah sehari dengan harga tiga sen bagi setiap 1,000 gelen.\n\nMalaysia kemudian membeli semula air yang dirawat Singapura pada harga 50 sen bagi setiap 1,000 gelen.- BERNAMA", "keyword": ["dilaporkan", "gelen", "vivian", "pasir", "keduadua", "1000", "malaysiasingapura", "mendarat", "gudang", "seletar", "bincang", "lapangan"], "summary": "SINGAPURA 8 Jan. - Mesyuarat antara Malaysia dan Singapura dijangka menyentuh isu ruang udara Pasir Gudang, Johor, apabila Menteri Luar, Datuk Saifuddin Abdullah mengadakan pertemuan dengan rakan sejawatnya dari Singapura, Dr Vivian Balakrishnan, di sini hari ini.\nSaifuddin sebelum ini dilaporkan berkata isu pencerobohan ruang udara Pasir Gudang oleh pesawat sebelum mendarat di Lapangan Terbang Seletar, Singapura merupakan antara perkara utama dalam mesyuarat tersebut.\nSebelum ini, beliau dilaporkan berkata, Malaysia tetap berpegang kepada pendirian bahawa pesawat ingin mendarat di Lapangan Terbang Seletar tidak boleh menggunakan ruang udara Malaysia di Pasir Gudang.\nMalaysia juga mengisyitharkan pewujudan kawasan larangan kekal di ruang udara Pasir Gudang berkuat kuasa 1 Januari lalu dengan Jabatan Penerbangan Awam (DCA) mengeluarkan Notis Kepada Juruterbang (NOTAM) pada 25 Disember lalu.\nMalaysia kemudian membeli semula air yang dirawat Singapura pada harga 50 sen bagi setiap 1,000 gelen.- BERNAMA", "news": "Utusan Malaysia", "date": "01-07-2019", "language": "INDONESIA"}, {"title": "Isu bilateral Malaysia-Singapura diselesai secara aman", "url": "http://www.kosmo.com.my/terkini/isu-bilateral-malaysia-singapura-diselesai-secara-aman-1.825426", "authors": ["Nor Idayu Bosro"], "top-image": "http://www.kosmo.com.my/polopoly_fs/1.825439!/image/image.jpg_gen/derivatives/landscape_650/image.jpg", "text": "Usaha diplomatik sedang dijalankan untuk mencari penyelesaian yang baik. - Gambar hiasan\n\nPUTRAJAYA - Malaysia komited untuk menyelesaikan isu dua hala dengan Singapura secara aman dan tenang.\n\nKementerian Luar dalam satu kenyataan berkata, bagi tujuan itu, usaha diplomatik sedang dijalankan untuk mencari kaedah penyelesaian terbaik berhubung isu-isu yang menjadi keutamaan kedua-dua negara.\n\n\"Usaha berkenaan selaras dengan kesepakatan yang dicapai antara Menteri Luar, Datuk Saifuddin Abdullah dan Menteri Luar Singapura, Dr. Vivian Balakrishnan di republik itu pada 8 Januari lalu,\" katanya di sini hari ini.\n\nMenurut kenyataan itu, beberapa mesyuarat membabitkan pemimpin dan wakil kedua-dua negara akan diadakan dalam tempoh terdekat ke arah menggerakkan usaha diplomatik tersebut.\n\nAntaranya termasuklah mesyuarat Ketua Setiausaha Kementerian Luar, Datuk Seri Muhammad Shahrul Ikram Yaakob dengan Setiausaha Tetap Kementerian Luar Singapura, Chee Wee Kiong yang dijadual diadakan pada 28 Januari ini.\n\n\"Mesyuarat itu adalah untuk membincangkan dan mencari penyelesaian berhubung isu maritim Malaysia-Singapura serta perkara berkaitan perundangan dan operasi dalam usaha untuk meredakan keadaan dan menyediakan asas bagi perbincangan serta rundingan lanjut,\" katanya.\n\nTambah kenyataan itu, pada minggu seterusnya, Menteri Pengangkutan, Anthony Loke Siew Fook juga akan mengadakan mesyuarat dengan rakan sejawat dari Singapura, Khaw Boon Wan bagi membincangkan isu berkaitan ruang udara antara kedua-dua negara termasuk Sistem Pendaratan Instrumen (ILS) dan pelaksanaan prosedur ILS untuk Lapangan Terbang Seletar, Singapura.\n\n\"Usaha berterusan ini menandakan komitmen jitu Malaysia untuk meneruskan penyelesaian isu bilateral dengan Singapura secara aman dan konstruktif berdasarkan kesaksamaan dan saling menghormati,\" katanya. - K! ONLINE", "keyword": ["berhubung", "aman", "diselesai", "diplomatik", "membincangkan", "ils", "bilateral", "keduadua", "malaysiasingapura", "penyelesaian", "wee", "yaakob", "dijalankan"], "summary": "Usaha diplomatik sedang dijalankan untuk mencari penyelesaian yang baik.\n- Gambar hiasanPUTRAJAYA - Malaysia komited untuk menyelesaikan isu dua hala dengan Singapura secara aman dan tenang.\nKementerian Luar dalam satu kenyataan berkata, bagi tujuan itu, usaha diplomatik sedang dijalankan untuk mencari kaedah penyelesaian terbaik berhubung isu-isu yang menjadi keutamaan kedua-dua negara.\n\"Mesyuarat itu adalah untuk membincangkan dan mencari penyelesaian berhubung isu maritim Malaysia-Singapura serta perkara berkaitan perundangan dan operasi dalam usaha untuk meredakan keadaan dan menyediakan asas bagi perbincangan serta rundingan lanjut,\" katanya.\n\"Usaha berterusan ini menandakan komitmen jitu Malaysia untuk meneruskan penyelesaian isu bilateral dengan Singapura secara aman dan konstruktif berdasarkan kesaksamaan dan saling menghormati,\" katanya.", "news": "Kosmo!", "date": "01-18-2019", "language": "INDONESIA"}, {"title": "Isu salib: Mujahid jangan lemah pertahan Islam", "url": "http://www.utusan.com.my/berita/nasional/isu-salib-mujahid-jangan-lemah-pertahan-islam-1.823559", "authors": ["Fadzil Zainol"], "top-image": "http://www.utusan.com.my/polopoly_fs/1.779811!/image/image.jpg_gen/derivatives/landscape_650/image.jpg", "text": "KUALA LUMPUR 16 Jan. - Pas menegur Menteri di Jabatan Perdana Menteri, Datuk Seri Dr. Mujahid Yusof kerana tidak tegas dan berdolak dalih berhubung isu bangunan perumahan di Jelutong, Pulau Pinang yang didakwa memaparkan lambang salib.\n\nKetua Penerangan Pas, Nasrudin Hassan berkata, isu salib tersebut sudah lama tular dalam media sosial dan dikecam warganet sehingga ditegur Mufti Pulau Pinang, Datuk Seri Dr. Wan Salim Wan Mohd. Noor.\n\n\"Pas mendesak menteri agama (Mujahid) tegas membendung perkara ini. Jangan terlalu bertahan sehingga beliau dilihat lemah untuk mempertahankan kepentingan Islam dan umat Islam di Malaysia,\" katanya dalam kenyataan di sini hari ini.\n\nSemalam, Mujahid dilaporkan berkata beliau masih menunggu laporan daripada kerajaan negeri dan pejabat Mufti Pulau Pinang mengenai bangunan perumahan di Jelutong yang didakwa memaparkan lambang salib.\n\nKata Nasrudin, kenyataan menteri dilihat tidak tegas dan berdolak dalih serta mengecewakan hati umat Islam di Malaysia khususnya di Pulau Pinang.\n\nTambahnya, Pas turut meneliti kenyataan Ketua Menteri Pulau Pinang, Chow Kon Yeow dan pihak pemaju, Nova Mulia Development Sdn. Bhd. beberapa hari lalu.\n\nNamun beliau menganggap kenyataan yang diberikan cuba memperbodohkan rakyat.\n\n\"Setelah beberapa minggu gambar salib ditularkan, sekarang mereka mendakwa ia adalah abjad bahasa Cina yang bermaksud wang atau nasib baik.\n\n\"Mereka cuba mencetuskan provokasi dan ketegangan kaum serta agama di Malaysia. Lambang salib sebesar itu sengaja dipaparkan, walhal mereka perlu menghormati sensitiviti umat Islam di negara ini,\" katanya\n\nPada masa sama, Nasrudin mendakwa pengasas dan pengarah urusan pemaju projek berkenaan ialah seorang yang aktif terlibat dengan Nehemiah Project dan giat mempromosikan agenda kristianisasi. - UTUSAN ONLINE", "keyword": ["wan", "perumahan", "lemah", "nasrudin", "mujahid", "pemaju", "pinang", "lambang", "pas", "umat", "pertahan", "salib"], "summary": "KUALA LUMPUR 16 Jan. - Pas menegur Menteri di Jabatan Perdana Menteri, Datuk Seri Dr. Mujahid Yusof kerana tidak tegas dan berdolak dalih berhubung isu bangunan perumahan di Jelutong, Pulau Pinang yang didakwa memaparkan lambang salib.\nKetua Penerangan Pas, Nasrudin Hassan berkata, isu salib tersebut sudah lama tular dalam media sosial dan dikecam warganet sehingga ditegur Mufti Pulau Pinang, Datuk Seri Dr. Wan Salim Wan Mohd.\nJangan terlalu bertahan sehingga beliau dilihat lemah untuk mempertahankan kepentingan Islam dan umat Islam di Malaysia,\" katanya dalam kenyataan di sini hari ini.\nSemalam, Mujahid dilaporkan berkata beliau masih menunggu laporan daripada kerajaan negeri dan pejabat Mufti Pulau Pinang mengenai bangunan perumahan di Jelutong yang didakwa memaparkan lambang salib.\n\"Setelah beberapa minggu gambar salib ditularkan, sekarang mereka mendakwa ia adalah abjad bahasa Cina yang bermaksud wang atau nasib baik.", "news": "Utusan Malaysia", "date": "01-16-2019", "language": "INDONESIA"}, {"title": "Isu stoking diajukan atas dasar perniagaan serta keperluan pelanggan", "url": "http://www.utusan.com.my/berita/nasional/isu-stoking-diajukan-atas-dasar-perniagaan-serta-keperluan-pelanggan-1.768697", "authors": ["Lokman Hakiem Abd. Samad"], "top-image": "http://www.utusan.com.my/polopoly_fs/1.768696!/image/image.jpg_gen/derivatives/landscape_650/image.jpg", "text": "KUALA LUMPUR 16 Okt. - Isu penentuan warna stoking mulai tular dan disalah erti oleh pelbagai pihak kononnya para wartawan lebih gemar mengangkat perkara yang remeh-temeh.\n\nRamai yang tidak tahu sewaktu sidang media diadakan, selain perlu bertanya tentang acara yang sedang berlangsung, wartawan juga mempunyai akses untuk bertanya soalan susulan tentang isu-isu semasa yang berlaku.\n\nSehubungan itu, dalam satu sidang media yang diadakan di Pusat Perubatan Universiti Malaya (PPUM) semalam, pihak wartawan mewakili suara pihak luar meminta Menteri Pendidikan Dr Maszlee Malik memberikan penjelasan sama ada perlukah warna stoking turut ditukar daripada warna putih kepada warna hitam selaras dengan penguatkuasaan pemakaian kasut hitam kelak atau tidak.\n\nBagi yang terlepas isu semasa, kenyataan itu sebenarnya telah disuarakan oleh Naib Presiden Persatuan Peruncit Bumiputera, Datuk Ameer Ali Mydin dan sewaktu dihubungi Utusan Online, beliau menjelaskan bahawa persoalan itu diajukan atas dasar perniagaan serta keperluan pelanggan.\n\n\"Sebagai orang berniaga, tentulah saya mahu tahu tentang apa lagi pakaian atau aksesori persekolahan yang akan ditukar atau dikekalkan kerana ia melibatkan pembelian serta penyimpanan stok.\n\n\"Jika sebelum ini kementerian sudah memaklumkan pemakaian kasut hitam akan mula diwajibkan bermula tahun 2021, kami akan bersiap sedia dengan perkara itu dan sekarang kami cuma mahu tahu selain daripada kasut, adakah akan ada perkara-perkara lain yang akan turut ditukar misalnya seperti warna baju, seluar dan sebagainya,\" katanya ketika dihubungi Utusan Online, hari ini.\n\nDalam pada itu, Ameer menjelaskan, persoalan itu turut mempunyai kaitan besar dengan keperluan pelanggan.\n\n\"Bayangkan jika tiba-tiba kementerian memaklumkan warna stokin juga wajib ditukar dalam masa terdekat, itu mungkin boleh menimbulkan masalah daripada simpanan stok dan ibu bapa mungkin sukar untuk mendapatkannya.\n\n\"Namun jika tiada sebarang perubahan pun tidak mengapa. Yang penting, sebarang makluman itu disampaikan dengan lebih awal serta lebih jelas,\" katanya. - UTUSAN ONLINE", "keyword": ["stoking", "ditukar", "hitam", "warna", "wartawan", "keperluan", "pemakaian", "diajukan", "online", "memaklumkan", "kasut", "utusan"], "summary": "- Isu penentuan warna stoking mulai tular dan disalah erti oleh pelbagai pihak kononnya para wartawan lebih gemar mengangkat perkara yang remeh-temeh.\nBagi yang terlepas isu semasa, kenyataan itu sebenarnya telah disuarakan oleh Naib Presiden Persatuan Peruncit Bumiputera, Datuk Ameer Ali Mydin dan sewaktu dihubungi Utusan Online, beliau menjelaskan bahawa persoalan itu diajukan atas dasar perniagaan serta keperluan pelanggan.\nDalam pada itu, Ameer menjelaskan, persoalan itu turut mempunyai kaitan besar dengan keperluan pelanggan.\n\"Bayangkan jika tiba-tiba kementerian memaklumkan warna stokin juga wajib ditukar dalam masa terdekat, itu mungkin boleh menimbulkan masalah daripada simpanan stok dan ibu bapa mungkin sukar untuk mendapatkannya.\n- UTUSAN ONLINE", "news": "Utusan Malaysia", "date": "10-16-2018", "language": "INDONESIA"}, {"title": "Desak Tun M, Muhyiddin jawab isu", "url": "http://www.utusan.com.my/berita/terkini/desak-tun-m-muhyiddin-jawab-isu-1.620091", "authors": ["Azizi Majid"], "top-image": "http://www.utusan.com.my/polopoly_fs/1.620093!/image/image.jpg_gen/derivatives/landscape_650/image.jpg", "text": "JOHOR BAHRU 3 Feb. - Ahli Pemuda Parti Pribumi Bersatu Malaysia (PPBM) Pagoh, Pasir Gudang dan Johor Bahru hari ini mendesak pengerusi parti, Tun Dr. Mahathir Mohamad dan presiden, Tan Sri Muhyiddin Yassin menjelaskan isu melibatkan kedua-dua pemimpin utama parti berkenaan.\n\nWakilnya, Johari Sulaiman berkata, ahli pemuda PBBM negeri melahirkan rasa kesal apabila isu melibatkan Dr. Mahathir dan Muhyiddin masih tidak dijawab oleh kedua-dua pemimpin utama parti berkenaan.\n\n\u201cIsu kekayaan luar biasa ahli keluarga Dr. Mahathir sehingga kini masih belum terjawab, begitu juga isu Muhyiddin yang didakwa menjadi punca kes perceraian sepasang suami isteri.\n\n\u201cApa yang kami mahukan ialah Dr. Mahathir dan Muhyiddin bercakap dengan jujur atas segala tuduhan yang dilemparkan kepada mereka, dan sekiranya perkara itu adalah fitnah, saman mereka yang berkenaan,\u201d katanya dalam siding akhbar di sini hari ini.\n\nJohari berkata, mereka bersedia menerima sebarang tindakan daripada kepimpinan parti ekoran sidang media diadakan hari ini. - UTUSAN ONLINE", "keyword": ["m", "yassin", "desak", "keduadua", "muhyiddin", "johor", "pemuda", "melibatkan", "ahli", "bahru", "mahathir", "utusan"], "summary": "JOHOR BAHRU 3 Feb. - Ahli Pemuda Parti Pribumi Bersatu Malaysia (PPBM) Pagoh, Pasir Gudang dan Johor Bahru hari ini mendesak pengerusi parti, Tun Dr. Mahathir Mohamad dan presiden, Tan Sri Muhyiddin Yassin menjelaskan isu melibatkan kedua-dua pemimpin utama parti berkenaan.\nWakilnya, Johari Sulaiman berkata, ahli pemuda PBBM negeri melahirkan rasa kesal apabila isu melibatkan Dr. Mahathir dan Muhyiddin masih tidak dijawab oleh kedua-dua pemimpin utama parti berkenaan.\n\u201cIsu kekayaan luar biasa ahli keluarga Dr. Mahathir sehingga kini masih belum terjawab, begitu juga isu Muhyiddin yang didakwa menjadi punca kes perceraian sepasang suami isteri.\n\u201cApa yang kami mahukan ialah Dr. Mahathir dan Muhyiddin bercakap dengan jujur atas segala tuduhan yang dilemparkan kepada mereka, dan sekiranya perkara itu adalah fitnah, saman mereka yang berkenaan,\u201d katanya dalam siding akhbar di sini hari ini.\nJohari berkata, mereka bersedia menerima sebarang tindakan daripada kepimpinan parti ekoran sidang media diadakan hari ini.", "news": "Utusan Malaysia", "date": "03-03-2018", "language": "INDONESIA"}, {"title": "Anwar tidak simpan dendam terhadap Najib", "url": "http://www.kosmo.com.my/terkini/anwar-tidak-simpan-dendam-terhadap-najib-1.674057", "authors": [], "top-image": "http://www.kosmo.com.my/polopoly_fs/1.674058!/image/image.jpg_gen/derivatives/landscape_650/image.jpg", "text": "Anwar enggan menjadikan perkara beliau dipenjarakan sebagai isu terhadap Najib.\n\nKUALA LUMPUR - Ketua Umum Parti Keadilan Rakyat (PKR), Datuk Seri Anwar Ibrahim berkata, beliau tidak menyimpan sebarang perasaan buruk terhadap Datuk Seri Najib Tun Razak, walaupun dihukum penjara semasa pentadbiran bekas Perdana Menteri itu.\n\nMenurut Anwar, beliau tidak ingin menjadikan perkara beliau dipenjarakan sebagai isu terhadap Najib.\n\n\"Namun, isu ketidakadilan terhadap rakyat, jenayah yang dilakukan terhadap rakyat dan rasuah yang sudah menjadi budaya di negara ini, semua itu perlu beliau jawab.\n\n\"Tetapi, apa yang melibatkan kebajikan peribadi saya, saya sudah maafkan (beliau). Saya ingin terus melangkah. Saya tidak menyimpan sebarang perasaan tidak baik terhadap Najib atau sesiapa jua,\" kata Anwar pada sidang media selepas pembebasannya hari ini.\n\nAnwar diberi pengampunan penuh oleh Yang di-Pertuan Agong, Sultan Muhammad V, susulan keputusan yang diambil pada mesyuarat Lembaga Pengampunan.\n\nBeliau menjalani hukuman penjara lima tahun mulai Februari 2015 bagi kesalahan liwat.\n\nSebelum ini, beliau dijadual dibebaskan pada 8 Jun ini. - Bernama", "keyword": ["susulan", "sultan", "dendam", "menjadikan", "perasaan", "anwar", "dipenjarakan", "menyimpan", "najib", "penjara", "v", "simpan"], "summary": "Anwar enggan menjadikan perkara beliau dipenjarakan sebagai isu terhadap Najib.\nKUALA LUMPUR - Ketua Umum Parti Keadilan Rakyat (PKR), Datuk Seri Anwar Ibrahim berkata, beliau tidak menyimpan sebarang perasaan buruk terhadap Datuk Seri Najib Tun Razak, walaupun dihukum penjara semasa pentadbiran bekas Perdana Menteri itu.\nMenurut Anwar, beliau tidak ingin menjadikan perkara beliau dipenjarakan sebagai isu terhadap Najib.\nSaya tidak menyimpan sebarang perasaan tidak baik terhadap Najib atau sesiapa jua,\" kata Anwar pada sidang media selepas pembebasannya hari ini.\nAnwar diberi pengampunan penuh oleh Yang di-Pertuan Agong, Sultan Muhammad V, susulan keputusan yang diambil pada mesyuarat Lembaga Pengampunan.", "news": "Kosmo!", "date": "05-16-2018", "language": "INDONESIA"}, {"title": "UEC perlu dikawal selia oleh Kementerian Pendidikan", "url": "http://www.utusan.com.my/berita/nasional/uec-perlu-dikawal-selia-oleh-kementerian-pendidikan-1.709906", "authors": ["Mohd. Hafiz Abd. Mutalib"], "top-image": "http://www.utusan.com.my/polopoly_fs/1.709908!/image/image.jpeg_gen/derivatives/landscape_650/image.jpeg", "text": "KANGAR 16 Julai - Konflik pengiktirafan Sijil Peperiksaan Bersama (UEC) mungkin dapat diselesaikan sekiranya ia dikawal selia sepenuhnya oleh Kementerian Pendidikan agar selaras dengan Dasar Pendidikan Kebangsaan.\n\nPensyarah Kanan Pusat Pengajian Antarabangsa Universiti Utara Malaysia (UUM), Prof. Madya Dr. Rusdi Omar berkata, sekiranya peperiksaan dan sekolah persendirian itu dikawal selia, maka memudahkan kementerian mengiktiraf sijil yang dikeluarkan.\n\nSelain itu katanya, silibus dalam komponen Bahasa Melayu dan Sejarah di peringkat UEC ini perlu dinilai semula supaya bersesuaian serta sama dengan pembelajaran dan peperiksaan di sekolah-sekolah kebangsaan.\n\n\u201cInsya-Allah sekiranya kurikulum atau silibus pendidikan di sekolah persendirian itu selari dengan Dasar Pendidikan Kebangsaan atau dasar kementerian, tidak ada masalah lagi untuk kerajaan mengiktiraf sijil UEC ini,\u201d katanya kepada Utusan Malaysia di sini hari ini.\n\nIsu UEC mendapat perhatian ramai selepas beberapa pihak mendesak Teo Nie Ching supaya memastikan kerajaan segera mengiktiraf sijil berkenaan yang menjadi salah satu perkara dalam manifesto Pakatan Harapan sebaik sahaja beliau dilantik sebagai Timbalan Menteri Pendidikan awal bulan ini.\n\nPengiktirafan sijil itu juga mendapat \u2018restu\u2019 Menteri Pendidikan, Dr. Maszlee Malek yang menegaskan pihaknya tidak akan membuat pusingan-U berkenaan janji tersebut sehingga mendapat kritikan banyak pihak, termasuk tokoh sosiobudaya, Tan Sri Dr. Rais Yatim yang menyelar keputusan terburu-buru tersebut.\n\nTambah Rusdi, isu tersebut juga memerlukan perbincangan melibatkan Kementerian Pendidikan dan Lembaga Sekolah-sekolah Cina Malaysia (Dong Jiao Zong) seterusnya mencari kata sepakat yang memberi manfaat kepada semua pihak.\n\n\u201cIsu ini boleh diselesaikan sekiranya pihak-pihak yang terlibat ini dapat duduk semeja dan berbincang secara akademik dalam menyelesaikan perkara berbangkit dalam soal tersebut.\n\n\u201cIsu UEC ini merupakan isu pendidikan, maka cara penyelesaiannya juga mestilah melalui perbincangan antara pihak-pihak yang terlibat dalam pendidikan. Jangan pula ada pihak-pihak lain yang cuba mencurahkan \u2018minyak\u2019 dalam hal ini, kerana ia bukan melibatkan isu politik atau kaum tetapi lebih kepada isu pendidikan semata-mata.\n\n\u201cSebaik-baiknya perlu hindari sentimen kaum dan agama dalam penyelesaian isu tersebut,\u201d katanya.- UTUSAN ONLINE", "keyword": ["sijil", "mengiktiraf", "uec", "silibus", "dikawal", "selia", "terlibat", "pihakpihak", "sekolahsekolah", "peperiksaan", "utusan"], "summary": "KANGAR 16 Julai - Konflik pengiktirafan Sijil Peperiksaan Bersama (UEC) mungkin dapat diselesaikan sekiranya ia dikawal selia sepenuhnya oleh Kementerian Pendidikan agar selaras dengan Dasar Pendidikan Kebangsaan.\nPensyarah Kanan Pusat Pengajian Antarabangsa Universiti Utara Malaysia (UUM), Prof. Madya Dr. Rusdi Omar berkata, sekiranya peperiksaan dan sekolah persendirian itu dikawal selia, maka memudahkan kementerian mengiktiraf sijil yang dikeluarkan.\nSelain itu katanya, silibus dalam komponen Bahasa Melayu dan Sejarah di peringkat UEC ini perlu dinilai semula supaya bersesuaian serta sama dengan pembelajaran dan peperiksaan di sekolah-sekolah kebangsaan.\n\u201cInsya-Allah sekiranya kurikulum atau silibus pendidikan di sekolah persendirian itu selari dengan Dasar Pendidikan Kebangsaan atau dasar kementerian, tidak ada masalah lagi untuk kerajaan mengiktiraf sijil UEC ini,\u201d katanya kepada Utusan Malaysia di sini hari ini.\n\u201cIsu UEC ini merupakan isu pendidikan, maka cara penyelesaiannya juga mestilah melalui perbincangan antara pihak-pihak yang terlibat dalam pendidikan.", "news": "Utusan Malaysia", "date": "07-15-2018", "language": "INDONESIA"}, {"title": "ASEAN perlu bangkit selesai isu Rohingya", "url": "http://www.utusan.com.my/berita/luar-negara/asean-perlu-bangkit-selesai-isu-rohingya-1.533033", "authors": ["Marzita Abdullah"], "top-image": "http://www.utusan.com.my/polopoly_fs/1.533029!/image/image.jpg_gen/derivatives/landscape_650/image.jpg", "text": "IBARAT \u2018menarik rambut da\u00adlam tepung\u2019, begitulah hakikatnya yang perlu dilalui oleh negara anggota ASEAN bagi men\u00adjaga hubungan kekeluargaan dalam pertubuhan terbesar di rantau ini berhubung isu etnik Rohingya.\n\nKenyataan Pengerusi ASEAN, Alan Cayetano terhadap isu itu baru-baru ini memeranjatkan banyak pihak terutama Malaysia dan Indonesia yang secara jelas telah lama memperjuangkan isu kemanusiaan etnik Rohingya itu.\n\nMalah terdapat laporan yang menyebut bahawa hubungan kalangan negara anggota ASEAN telah menunjukkan retak hanya kerana isu kemanusiaan yang diperjuangkan oleh beberapa ne\u00adgara anggotanya.\n\nWalaupun kenyataan balas Cayetano mendakwa, sebagai Pengerusi ASEAN beliau perlu menghormati dan mengambil kira sentimen negara anggota ASEAN lain yang tidak senada dengan Malaysia dan Indonesia namun pendirian itu kelihatan amat janggal dan pelik.\n\nIni kerana pendirian itu sangat ber\u00adtentangan de\u00adngan kutukan keras dunia terhadap Myanmar terutama dari pertubuhan terbesar dunia, Pertubuhan Bang\u00adsa-Bangsa Bersatu (PBB).\n\nSetiausaha Agungnya, Anto\u00adnio Guterres dengan lantang me\u00adngkritik Myanmar dan ke\u00adpemim\u00adpinan Aung San Suu Kyi yang menyifatkan keganasan terhadap etnik Rohingya adalah malapetaka dan keganasan yang sistematik.\n\nPesuruhjaya Tinggi PBB bagi Hak Asasi Manusia, Zeid Ra\u2019ad al-Hussein pula menyifatkan kri\u00adsis Rohingya itu sebagai penghapusan etnik.\n\nNegara sekutu kuat Filipina, Amerika Syarikat (AS) melalui wakil ke PBB, Nikki Haley pula mengecam hebat Myanmar ma\u00adlah tidak gentar mendefi\u00adni\u00adsikan tindakan anggota tentera Myan\u00admar sebagai kejam dan bertujuan menghapuskan kumpulan minoriti etnik Islam Ro\u00adhingya.\n\nDalam isu etnik Rohingya ini, pendirian tidak mahu \u2018menjaga tepi kain\u2019 negara anggota ASEAN perlu diketepikan ke\u00adrana ini bukan isu yang melibatkan aga\u00adma Islam sahaja tetapi yang lebih penting adalah ni\u00adlai kemanusiaan.\n\nMalaysia dan Indonesia juga buat sekian kalinya telah me\u00adnegaskan, krisis Rohingya bukan sahaja masalah dalaman Myanmar te\u00adtapi memberi kesan jangka pan\u00adjang terhadap ekonomi, politik dan keselamatan di rantau ini.\n\nAntara risikonya ialah ancaman pemberontakan pelampau Islam terutama kumpulan pengganas Daesh sekali gus melemahkan keamanan dan kestabilan yang merupakan syarat wajib bagi pembangunan dan pertumbuhan rantau ini.\n\nBekas Setiausaha Agung ASEAN, Tan Sri Dr. Surin Pitsuwan telah mencadangkan agar penyelaras tiga pihak yang terdiri daripada 10 negara anggota ASEAN, Myanmar dan PBB ditubuhkan bagi menamatkan keganasan terhadap etnik Rohingya.\n\nPengalaman mengendalikan tragedi Taufan Nargis di Myanmar pada Mei 2008 yang menyebabkan kemusnahan teruk perlu dijadikan landasan untuk menjayakan kesepakatan tiga pihak tersebut terutama melalui mekanisme Pasukan Penilaian Pantas Kecemasan (ERAT).\n\nMalah Dr. Noel Morada dari Institut Hal Ehwal Antarabangsa Australia turut berpendapat ASEAN memainkan peranan penting dalam menyelesaikan isu etnik Rohingya ini dengan me\u00ad\u00ad\u00adngambil kira pengalaman tragedi taufan tersebut.\n\nSuu Kyi yang masih terus mempertahankan tentera kerajaan walaupun telah dikritik hebat perlu bekerjasama dengan ASEAN untuk menyelesaikan kri\u00adsis itu dan mengembalikan maruah Myanmar serta dirinya sebagai tokoh anugerah Nobel Keamanan pada 1991.\n\nBeliau tidak seharusnya bersikap \u2018cuci tangan\u2019 dan \u2018tutup mata\u2019 terhadap isu tersebut dan memindahkan masalah negaranya kepada Bangladesh lebih-lebih lagi de\u00adngan sikap kete\u00adr\u00adbukaan Presi\u00adden Bangladesh, Sheikh Hasina untuk menerima etnik Rohingya di negaranya.\n\nKebanjiran etnik Rohingya dengan masalah kesihatan, pe\u00adnempatan, kekurangan bekalan makanan, ubat serta masalah kebersihan termasuk masalah sosial lambat-laun bukan sahaja membebankan Bangladesh malah akan mengakibatkan pe\u00admimpinnya \u2018hilang sabar\u2019.\n\nJika ini berterusan memang wajarlah anugerah Nobel itu ditarik balik dari Suu Kyi apatah lagi kini lebih 430,000 tandatangan petisyen telah diperoleh yang menyokong tindakan itu dilakukan dan bertepatan dengan pendapat banyak pihak bahawa pejuang keamanan sebenar adalah Sheikh Hasina.", "keyword": ["bangkit", "pbb", "myanmar", "keganasan", "etnik", "krisis", "keamanan", "pendirian", "rohingya", "selesai", "kyi", "asean"], "summary": "IBARAT \u2018menarik rambut da\u00adlam tepung\u2019, begitulah hakikatnya yang perlu dilalui oleh negara anggota ASEAN bagi men\u00adjaga hubungan kekeluargaan dalam pertubuhan terbesar di rantau ini berhubung isu etnik Rohingya.\nKenyataan Pengerusi ASEAN, Alan Cayetano terhadap isu itu baru-baru ini memeranjatkan banyak pihak terutama Malaysia dan Indonesia yang secara jelas telah lama memperjuangkan isu kemanusiaan etnik Rohingya itu.\nBekas Setiausaha Agung ASEAN, Tan Sri Dr. Surin Pitsuwan telah mencadangkan agar penyelaras tiga pihak yang terdiri daripada 10 negara anggota ASEAN, Myanmar dan PBB ditubuhkan bagi menamatkan keganasan terhadap etnik Rohingya.\nMalah Dr. Noel Morada dari Institut Hal Ehwal Antarabangsa Australia turut berpendapat ASEAN memainkan peranan penting dalam menyelesaikan isu etnik Rohingya ini dengan me\u00ad\u00ad\u00adngambil kira pengalaman tragedi taufan tersebut.\nKebanjiran etnik Rohingya dengan masalah kesihatan, pe\u00adnempatan, kekurangan bekalan makanan, ubat serta masalah kebersihan termasuk masalah sosial lambat-laun bukan sahaja membebankan Bangladesh malah akan mengakibatkan pe\u00admimpinnya \u2018hilang sabar\u2019.", "news": "Utusan Malaysia", "date": "10-01-2017", "language": "INDONESIA"}, {"title": "Dr. Sheikh Muszaphar jawab persoalan bentuk muka bumi", "url": "http://www.utusan.com.my/berita/terkini/dr-sheikh-muszaphar-jawab-persoalan-bentuk-muka-bumi-1.841332", "authors": ["Muhammad Azim Zaid"], "top-image": "http://www.utusan.com.my/polopoly_fs/1.841335!/image/image.png_gen/derivatives/landscape_650/image.png", "text": "KUALA LUMPUR 15 Feb. -Setelah dicabar untuk bersumpah bahawa bumi ini berbentuk sfera, angkasawan negara Dr. Sheikh Muszaphar telah tampil memberi responnya hari ini.\n\nMenerusi laman sosial Instagramnya, beliau berkata, bumi berbentuk sfera dan bukannya rata atau leper malah lebih tepat berbentuk geosfera.\n\nKatanya, sebagai angkasawan Islam kesembilan yang menerokai angkasa lepas, hati beliau terdetik untuk menjawab desas- desus mengenai persoalan tersebut dan menceritakan fakta sebenar.\n\n\u201cBumi berbentuk sfera atau lebih tepat, berbentuk geosfera. Tidak seperti bola tetapi seakan-akan bentuk telur.\n\n\u201cSetiap manusia perlu ke angkasa lepas sekiranya mempunyai peluang. Pastinya kunjungan anda ke angkasa lepas akan mengubah perspektif anda tehadap kehidupan secara keseluruhannya. Anda pastinya akan percaya dengan ciptaan-Nya. Pengalaman tersebut sangatlah memukau dan menakjubkan,\u201d ujarnya.\n\nMenurut Dr. Sheikh Muszaphar, beliau sendiri turut terpegun melihat kebesaran Allah dan sukar untuk digambarkan dengan kata-kata.\n\n\u201cMengelilingi bumi sebanyak 16 kali sehari. Setiap 45 minit matahari terbit dan terbenam. Mengelilingi orbit dengan kelajuan 27,000 km/hr. Laungan azan kedengaran seketika.\n\n\u201cBibir terkumat kamit terpegun dengan kebesaran Ilahi. Melihat bumi dengan mata sendiri. Degupan jantung berhenti seketika. Meremang bulu roma. Mata tidak terkebil.\n\n\u201cMelihat kebesaran maha pencipta yang amat sukar untuk digambarkan suasana di angkasa lepas. Bergetar jiwa sepanjang 12 hari di sana. Masyallah. Subhanallah!,\u201d ujarnya.\n\nTambah angkasawan berusia 47 tahun itu, sukar untuk dirinya mengubah pemikiran orang ramai yang mempercayai bahawa bumi itu berbentuk leper namun beliau tetap berkongsi apa yang dilihatnya dengan matanya sendiri. - UTUSAN ONLINE", "keyword": ["sukar", "muka", "muszaphar", "angkasa", "terpegun", "berbentuk", "sheikh", "sfera", "angkasawan", "pastinya", "kebesaran"], "summary": "KUALA LUMPUR 15 Feb. -Setelah dicabar untuk bersumpah bahawa bumi ini berbentuk sfera, angkasawan negara Dr. Sheikh Muszaphar telah tampil memberi responnya hari ini.\nMenerusi laman sosial Instagramnya, beliau berkata, bumi berbentuk sfera dan bukannya rata atau leper malah lebih tepat berbentuk geosfera.\nKatanya, sebagai angkasawan Islam kesembilan yang menerokai angkasa lepas, hati beliau terdetik untuk menjawab desas- desus mengenai persoalan tersebut dan menceritakan fakta sebenar.\n\u201cBumi berbentuk sfera atau lebih tepat, berbentuk geosfera.\nMenurut Dr. Sheikh Muszaphar, beliau sendiri turut terpegun melihat kebesaran Allah dan sukar untuk digambarkan dengan kata-kata.", "news": "Utusan Malaysia", "date": "02-14-2019", "language": "INDONESIA"}, {"title": "Pakatan Harapan perlu menumpukan isu-isu mengukuhkan rakyat", "url": "http://www.kosmo.com.my/terkini/pakatan-harapan-perlu-menumpukan-isu-isu-mengukuhkan-rakyat-1.719164", "authors": ["Megat Lutfi Megat Rahim"], "top-image": "http://www.kosmo.com.my/polopoly_fs/1.719167!/image/image.jpg_gen/derivatives/landscape_650/image.jpg", "text": "KANGAR - Mufti Perlis, Datuk Dr. Mohd. Asri Zainul Abidin dengan nada sinis menegur sikap segelintir pimpinan kerajaan Pakatan Harapan menyebarkan virus perkauman dan agama yang berpotensi merosakkan masa depan negara.\n\nMohd. Asri dengan nada tegas berkata, sepatutnya mereka menumpukan isu-isu yang mengukuhkan rakyat selepas Pilihan Raya Umum ke-14 (PRU-14).\n\n\"Malangnya, mereka sibuk dengan isu yang mampu membawa kepada krisis perkauman dan agama.\n\n\"Sepatutnya, urus tadbir dan pembentukan sistem pentadbiran yang memberikan impak kepada integriti dan perpaduan rakyat diutamakan.\n\n\"Mereka yang terlibat dengan pengganas LTTE (Harimau Pembebasan Tamil Eelam) sibuk ingin menghantar pendakwah Islam ke India.\n\n\"Ada pula yang viral (tular) ' Melayu sebagai pendatang' selain meminta menteri kaum Melayu yang tidak mahu menunaikan hasrat kaumnya meletak jawatan,\" katanya menerusi akaun Facebook rasminya Dr. Maza.com hari ini.\n\nDalam perkembangan berkaitan, beliau yang berusia 47 tahun berkata, pemimpin Pakatan Harapan yang bersikap sedemikian perlu disingkirkan segera.\n\n\"Jika tidak dibuang virus-virus ini dalam Pakatan Harapan boleh membawa kepada konflik perkauman di negara ini yang sukar diubati kelak,\" katanya.\n\nMufti Perlis yang berasal dari Bukit Mertajam, Pulau Pinang ini bersifat kritikal dan sering memberikan pandangan mengenai isu-isu politik tempatan dan antarabangsa. - K! ONLINE", "keyword": ["menumpukan", "melayu", "perlis", "nada", "harapan", "perkauman", "asri", "isuisu", "zainul", "mengukuhkan", "pakatan", "sibuk"], "summary": "Asri Zainul Abidin dengan nada sinis menegur sikap segelintir pimpinan kerajaan Pakatan Harapan menyebarkan virus perkauman dan agama yang berpotensi merosakkan masa depan negara.\nAsri dengan nada tegas berkata, sepatutnya mereka menumpukan isu-isu yang mengukuhkan rakyat selepas Pilihan Raya Umum ke-14 (PRU-14).\nDalam perkembangan berkaitan, beliau yang berusia 47 tahun berkata, pemimpin Pakatan Harapan yang bersikap sedemikian perlu disingkirkan segera.\n\"Jika tidak dibuang virus-virus ini dalam Pakatan Harapan boleh membawa kepada konflik perkauman di negara ini yang sukar diubati kelak,\" katanya.\nMufti Perlis yang berasal dari Bukit Mertajam, Pulau Pinang ini bersifat kritikal dan sering memberikan pandangan mengenai isu-isu politik tempatan dan antarabangsa.", "news": "Kosmo!", "date": "07-30-2018", "language": "INDONESIA"}, {"title": "MISKI persiap Ulamak depani isu-isu terkini", "url": "https://www.harakahdaily.net/index.php/berita/10350-miski-persiap-ulamak-depani-isu-isu-terkini", "authors": ["Wardah Abdul Rahman"], "top-image": "https://www.harakahdaily.net/templates/ja_teline_v/favicon.ico", "text": "GOMBAK: Dewan Ulamak PAS Pusat telah menganjurkan Muzakarah Isu-isu Kontemporari Islam (MISKI) yang dilangsungkan di Kolej Universiti Zulkifli Muhammad (KUIZM), di sini semalam.\n\nMISKI bertujuan mengemukakan penyelesaian terhadap permasalahan agama yang menjadi isu dalam masyarakat berikutan serangan ke atas umat hingga menimbulkan percanggahan fahaman.\n\nOleh demikian, menghindari kebinasaan kefahaman umat terhadap Islam, pendekatan MISKI berasaskan disiplin ilmu syariat ini diadakan seterusnya menghadapi pergolakan yang berlaku.\n\nMenerusi MISKI, anggota Dewan Ulamak dipersiapkan dengan suntikan input agar mampu berperanan mendepani isu-isu kontemporari yang menuntut mereka mengulasnya menurut hukum agama.\n\nTiga kertas kerja bertajuk \"Perkahwinan Kanak-kanak Bawah Umur Menurut Perspektif Syariah\", \"Penglibatan Orang Islam Dalam Amalan atau Perayaan Bukan Islam\" dan \"Cukai Menurut Fiqh Islam\" dibentangkan. - HARAKAHDAILY 24/3/2019", "keyword": ["universiti", "umur", "zulkifli", "miski", "depani", "terkini", "persiap", "isuisu", "syariah", "ulamak", "umat", "syariat", "kontemporari"], "summary": "GOMBAK: Dewan Ulamak PAS Pusat telah menganjurkan Muzakarah Isu-isu Kontemporari Islam (MISKI) yang dilangsungkan di Kolej Universiti Zulkifli Muhammad (KUIZM), di sini semalam.\nMISKI bertujuan mengemukakan penyelesaian terhadap permasalahan agama yang menjadi isu dalam masyarakat berikutan serangan ke atas umat hingga menimbulkan percanggahan fahaman.\nOleh demikian, menghindari kebinasaan kefahaman umat terhadap Islam, pendekatan MISKI berasaskan disiplin ilmu syariat ini diadakan seterusnya menghadapi pergolakan yang berlaku.\nMenerusi MISKI, anggota Dewan Ulamak dipersiapkan dengan suntikan input agar mampu berperanan mendepani isu-isu kontemporari yang menuntut mereka mengulasnya menurut hukum agama.\nTiga kertas kerja bertajuk \"Perkahwinan Kanak-kanak Bawah Umur Menurut Perspektif Syariah\", \"Penglibatan Orang Islam Dalam Amalan atau Perayaan Bukan Islam\" dan \"Cukai Menurut Fiqh Islam\" dibentangkan.", "news": "Harakah Daily", "date": "03-24-2019", "language": "INDONESIA"}, {"title": "Tular rakaman video Anwar kecewa dengan Dr. Mahathir, Mohamed Azmin", "url": "http://www.utusan.com.my/berita/terkini/tular-rakaman-video-anwar-kecewa-dengan-dr-mahathir-mohamed-azmin-1.850524", "authors": ["Azrul Hakimie Anuer"], "top-image": "http://www.utusan.com.my/polopoly_fs/1.840698!/image/image.jpg_gen/derivatives/landscape_650/image.jpg", "text": "KUALA LUMPUR 28 Feb. \u2013 Media sosial digemparkan dengan rakaman video panggilan telefon didakwa milik Presiden PKR, Datuk Seri Anwar Ibrahim yang kecewa dengan timbalannya, Datuk Seri Mohamed Azmin Ali dan tahu tentang perancangan Perdana Menteri, Tun Dr. Mahathir Mohamad.\n\nRakaman video berkenaan dimuat naik di dalam akaun Twitter mahazalimreturn pukul 11.33 malam semalam\n\nAnwar dalam rakaman video berdurasi satu minit itu mengarahkan Naib Presiden PKR, Rafizi Ramli melakukan sesuatu berhubung tindakan dua individu terbabit.\n\n\u201cBaru ini saya bercakap dengan Muhyiddin (dipercayai Tan Sri Muhyiddin Yassin) juga, saya beritahu beliau ini buat cara tak betul, Mahathir buat cara tak betul, kita kena susun rangkaian kita.\n\n\u201cAzmin sah, saya cakap dengan awak, sekarang ini 22 Parlimen dengan dia kita kena ambil balik. Kalau kita tak ambil, saya cakap pada awak kita payah nak buat kerja,\u201d katanya.\n\nWalau bagaimanapun, Pengarah Komunikasi PKR, Fahmi Fadzil menafikan bahawa suara tersebut adalah milik Anwar.\n\n\u201cIni bukan suara DSAI, Nahu dan cara sebutan terutama beberapa perkataan terlalu berbeza dan ucapan terlalu gopoh,\u201d katanya ketika dihubungi Utusan Malaysia hari ini. \u2013 UTUSAN ONLINE", "keyword": ["cakap", "kecewa", "awak", "tular", "video", "ambil", "kena", "muhyiddin", "mohamed", "anwar", "rakaman", "azmin", "pkr", "mahathir", "utusan"], "summary": "KUALA LUMPUR 28 Feb. \u2013 Media sosial digemparkan dengan rakaman video panggilan telefon didakwa milik Presiden PKR, Datuk Seri Anwar Ibrahim yang kecewa dengan timbalannya, Datuk Seri Mohamed Azmin Ali dan tahu tentang perancangan Perdana Menteri, Tun Dr. Mahathir Mohamad.\nRakaman video berkenaan dimuat naik di dalam akaun Twitter mahazalimreturn pukul 11.33 malam semalamAnwar dalam rakaman video berdurasi satu minit itu mengarahkan Naib Presiden PKR, Rafizi Ramli melakukan sesuatu berhubung tindakan dua individu terbabit.\n\u201cAzmin sah, saya cakap dengan awak, sekarang ini 22 Parlimen dengan dia kita kena ambil balik.\nKalau kita tak ambil, saya cakap pada awak kita payah nak buat kerja,\u201d katanya.\nWalau bagaimanapun, Pengarah Komunikasi PKR, Fahmi Fadzil menafikan bahawa suara tersebut adalah milik Anwar.", "news": "Utusan Malaysia", "date": "02-27-2019", "language": "INDONESIA"}, {"title": "Pesuruhjaya Kanak-kanak dilantik selesai isu kebajikan, perlindungan", "url": "http://www.kosmo.com.my/terkini/pesuruhjaya-kanak-kanak-dilantik-selesai-isu-kebajikan-perlindungan-1.880451", "authors": [], "top-image": "http://www.kosmo.com.my/polopoly_fs/1.880455!/image/image.jpg_gen/derivatives/landscape_650/image.jpg", "text": "KUALA LUMPUR - Kerajaan buat masa ini memutuskan untuk melantik seorang Pesuruhjaya Kanak-kanak berbanding cadangan menubuhkan sebuah Suruhanjaya Kanak-kanak bagi menyelesaikan isu-isu berkaitan perlindungan golongan itu, kata Timbalan Perdana Menteri, Datuk Seri Dr Wan Azizah Wan Ismail.\n\nBeliau berkata, pelantikan itu dibuat bagi penyelesaian jangka pendek yang lebih praktikal dalam memastikan semua isu berkaitan termasuk kebajikan kanak-kanak dapat dipantau secara lebih baik.\n\n\"Meletakkan dan melantik Pesuruhjaya Kanak-kanak dalam struktur sedia ada Suhakam (Suruhanjaya Hak Asasi Manusia Malaysia) merupakan langkah menangani isu berkenaan kanak-kanak di negara ini dalam masa terdekat.\n\n\"Ini penyelesaian jangka pendek yang lebih praktikal dalam memastikan semua isu berkaitan kebajikan dan perlindungan kanak-kanak dapat dipantau serta memastikan agar agensi atau badan-badan berkaitan memikul tanggungjawab masing-masing,\" katanya sewaktu sesi soal jawab lisan di Dewan Rakyat, hari ini.\n\nBeliau menjawab soalan Datuk Seri Azalina Othman Said (BN-Pengerang) yang ingin tahu apakah status penubuhan Suruhanjaya Kanak-Kanak yang bebas di Malaysia yang sebelum ini dikatakan sedang dikaji. - Bernama", "keyword": ["wan", "praktikal", "suruhanjaya", "kebajikan", "pesuruhjaya", "kanakkanak", "melantik", "penyelesaian", "selesai", "dilantik", "perlindungan", "pendek"], "summary": "KUALA LUMPUR - Kerajaan buat masa ini memutuskan untuk melantik seorang Pesuruhjaya Kanak-kanak berbanding cadangan menubuhkan sebuah Suruhanjaya Kanak-kanak bagi menyelesaikan isu-isu berkaitan perlindungan golongan itu, kata Timbalan Perdana Menteri, Datuk Seri Dr Wan Azizah Wan Ismail.\nBeliau berkata, pelantikan itu dibuat bagi penyelesaian jangka pendek yang lebih praktikal dalam memastikan semua isu berkaitan termasuk kebajikan kanak-kanak dapat dipantau secara lebih baik.\n\"Meletakkan dan melantik Pesuruhjaya Kanak-kanak dalam struktur sedia ada Suhakam (Suruhanjaya Hak Asasi Manusia Malaysia) merupakan langkah menangani isu berkenaan kanak-kanak di negara ini dalam masa terdekat.\n\"Ini penyelesaian jangka pendek yang lebih praktikal dalam memastikan semua isu berkaitan kebajikan dan perlindungan kanak-kanak dapat dipantau serta memastikan agar agensi atau badan-badan berkaitan memikul tanggungjawab masing-masing,\" katanya sewaktu sesi soal jawab lisan di Dewan Rakyat, hari ini.\nBeliau menjawab soalan Datuk Seri Azalina Othman Said (BN-Pengerang) yang ingin tahu apakah status penubuhan Suruhanjaya Kanak-Kanak yang bebas di Malaysia yang sebelum ini dikatakan sedang dikaji.", "news": "Kosmo!", "date": "04/12/2019", "language": "INDONESIA"}, {"title": "Pemimpin Islam PH 'dayus' dan 'menikus' isu hina Islam, Nabi", "url": "http://www.utusan.com.my/berita/terkini/pemimpin-islam-ph-dayus-dan-menikus-isu-hina-islam-nabi-1.849795", "authors": ["Zaain Zin"], "top-image": "http://www.utusan.com.my/polopoly_fs/1.830433!/image/image.jpeg_gen/derivatives/landscape_650/image.jpeg", "text": "KOTA BHARU 27 Feb. - Para pemimpin Islam dalam kerajaan Pakatan Harapan (PH) disifatkan gagal memainkan peranan dalam menangani isu penghinaan ke atas Islam dan Nabi Muhammad SAW yang semakin menjadi-jadi di negara ini.\n\nKetua Pemuda UMNO Kelantan, Noor Hariri Mohamed Nor berkata, melihat kepada keadaan semasa itu, konsep 'Rahmatan Lil Alamin' yang dilaungkan Malaysia Baharu jelas penuh kepalsuan dan gagal membela Islam tatkala agama itu dihina dan dikeji.\n\nMalah katanya, umat Islam di negara ini tidak lagi boleh mengharapkan pemimpin Islam dari Parti Amanah Negara (Amanah) kerana rata-rata mereka jelas takut dengan 'abang besar' iaitu DAP.\n\n\"Terbaharu, kenyataan pemilik akaun Facebook bernama Sally Yen yang sangat jelas memperlihat betapa mereka begitu bersahaja menghina junjungan besar Nabi Muhammad SAW.\n\n\"Di mana para pemimpin Islam PH yang kononnya memperjuangkan agama? Semuanya dayus dan menikus apabila bangsa DAP menggertak,\" katanya dalam kenyataan, di sini hari ini.\n\nSejak kebelakangan ini, perbuatan menghina Islam dan Nabi Muhammad dikatakan semakin berani dibuat golongan bukan Islam yang bukan sahaja telah mengguris perasaan bahkan menyemarakkan kemarahan umat Islam di Malaysia.\n\nAntaranya ialah Foo Sin Wai, 68, yang didakwa di Mahkamah Sesyen di sini, hari ini, atas dua tuduhan menghina Nabi Muhammad SAW dan isteri Baginda, Saidatina Aishah dengan memuat naik karikatur berunsur penghinaan di laman akaun Facebook miliknya, minggu lalu.\n\nMengulas lanjut, Noor Hariri berkata, Pemuda UMNO Kelantan mencabar Tan Sri Muhyiddin Yassin selaku Menteri Dalam Negeri, merangkap Presiden Parti Pribumi Bersatu Malaysia (PPBM) membuat kenyataan rasmi mengecam pelaku-pelaku yang menghina Rasulullah.\n\n\"Janganlah kerana terdesak inginkan undi, sanggup menggadaikan maruah Islam junjungan besar Nabi kita semua,\" katanya. - UTUSAN ONLINE", "keyword": ["umno", "saw", "dayus", "menghina", "hina", "ph", "noor", "menikus", "nabi", "muhammad", "pemuda", "umat", "penghinaan"], "summary": "KOTA BHARU 27 Feb. - Para pemimpin Islam dalam kerajaan Pakatan Harapan (PH) disifatkan gagal memainkan peranan dalam menangani isu penghinaan ke atas Islam dan Nabi Muhammad SAW yang semakin menjadi-jadi di negara ini.\n\"Terbaharu, kenyataan pemilik akaun Facebook bernama Sally Yen yang sangat jelas memperlihat betapa mereka begitu bersahaja menghina junjungan besar Nabi Muhammad SAW.\nSemuanya dayus dan menikus apabila bangsa DAP menggertak,\" katanya dalam kenyataan, di sini hari ini.\nSejak kebelakangan ini, perbuatan menghina Islam dan Nabi Muhammad dikatakan semakin berani dibuat golongan bukan Islam yang bukan sahaja telah mengguris perasaan bahkan menyemarakkan kemarahan umat Islam di Malaysia.\n\"Janganlah kerana terdesak inginkan undi, sanggup menggadaikan maruah Islam junjungan besar Nabi kita semua,\" katanya.", "news": "Utusan Malaysia", "date": "02-27-2019", "language": "INDONESIA"}, {"title": "Jawatankuasa bertindak bincang isu sisa Lynas", "url": "http://www.utusan.com.my/berita/terkini/jawatankuasa-bertindak-bincang-isu-sisa-lynas-1.847022", "authors": ["Mohamad Shofi Mat Isa"], "top-image": "http://www.utusan.com.my/polopoly_fs/1.847023!/image/image.jpeg_gen/derivatives/landscape_650/image.jpeg", "text": "KUANTAN 23 Feb. - Sebuah jawatankuasa bertindak bersama telah diwujudkan antara Lynas Corporation Ltd (Lynas) dengan Kementerian Tenaga, Sains, Teknologi, Alam Sekitar dan Perubahan Iklim bagi mengadakan perbincangan terperinci berhubung sisa yang dihasilkan kilang memproses nadir bumi itu.\n\nPengarah Urusan dan Ketua Eksekutif Lynas, Amanda Lacaze berkata, jawatankuasa yang ditubuhkan awal bulan ini itu akan membincangkan syarat baharu kementerian berkenaan yang mahu sisa mengandungi bahan radioaktif iaitu Fosfogypsum Besi (WLP) dibawa keluar dari negara ini.\n\n\"Perkara itu (sisa WLP) sedang dalam perbincangan terperinci dengan pihak Kementerian Tenaga, Sains, Teknologi, Alam Sekitar dan Perubahan Iklim.\n\n\"Lynas menerusi jawatankuasa itu akan bekerjasama rapat dengan kerajaan bagi mencari penyelesaian terbaik untuk memastikan kita terus beroperasi di negara ini,\" katanya ketika ditemui pemberita pada Majlis Sambutan Tahun Baharu Cina di Rumah Orang-orang Tua Jabor, Memorial Park, Jabor dekat sini hari ini.\n\nYang hadir sama Naib Presiden Bahagian Sumber Manusia dan Komuniti Lynas, Mimi Afzan Afza.\n\nKementerian Tenaga, Sains, Teknologi, Alam Sekitar dan Perubahan Iklim dalam kenyataannya sebelum ini, mengenakan dua syarat untuk pembaharuan lesen kilang Lynas antaranya menghantar sisa mengandungi bahan radioaktif keluar dari negara ini.\n\nKenyataan itu menyebut Lynas perlu memastikan sisa WLP yang mengandungi bahan radioaktif hendaklah dihantar keluar dari negara ini dan bagi sisa buangan terjadual Gypsum Magnesium (NUF) yang bukan radioaktif, Lynas perlu mengemukakan suatu pelan tindakan bagi pelupusan buangan yang terkumpul sebelum ia boleh dipertimbangkan bagi permohonan kelulusan di bawah Peraturan 9 (6) dan 9 (7), Peraturan-Peraturan Kualiti Alam Sekeliling (Buangan Terjadual) 2005. - UTUSAN ONLINE", "keyword": ["wlp", "sisa", "terjadual", "bertindak", "radioaktif", "terperinci", "sains", "mengandungi", "syarat", "lynas", "buangan", "bincang"], "summary": "KUANTAN 23 Feb. - Sebuah jawatankuasa bertindak bersama telah diwujudkan antara Lynas Corporation Ltd (Lynas) dengan Kementerian Tenaga, Sains, Teknologi, Alam Sekitar dan Perubahan Iklim bagi mengadakan perbincangan terperinci berhubung sisa yang dihasilkan kilang memproses nadir bumi itu.\nPengarah Urusan dan Ketua Eksekutif Lynas, Amanda Lacaze berkata, jawatankuasa yang ditubuhkan awal bulan ini itu akan membincangkan syarat baharu kementerian berkenaan yang mahu sisa mengandungi bahan radioaktif iaitu Fosfogypsum Besi (WLP) dibawa keluar dari negara ini.\n\"Perkara itu (sisa WLP) sedang dalam perbincangan terperinci dengan pihak Kementerian Tenaga, Sains, Teknologi, Alam Sekitar dan Perubahan Iklim.\nKementerian Tenaga, Sains, Teknologi, Alam Sekitar dan Perubahan Iklim dalam kenyataannya sebelum ini, mengenakan dua syarat untuk pembaharuan lesen kilang Lynas antaranya menghantar sisa mengandungi bahan radioaktif keluar dari negara ini.\nKenyataan itu menyebut Lynas perlu memastikan sisa WLP yang mengandungi bahan radioaktif hendaklah dihantar keluar dari negara ini dan bagi sisa buangan terjadual Gypsum Magnesium (NUF) yang bukan radioaktif, Lynas perlu mengemukakan suatu pelan tindakan bagi pelupusan buangan yang terkumpul sebelum ia boleh dipertimbangkan bagi permohonan kelulusan di bawah Peraturan 9 (6) dan 9 (7), Peraturan-Peraturan Kualiti Alam Sekeliling (Buangan Terjadual) 2005.", "news": "Utusan Malaysia", "date": "02-22-2019", "language": "INDONESIA"}, {"title": "Isu ICERD: PH tidak akan langgar perlembagaan negara", "url": "http://www.kosmo.com.my/terkini/isu-icerd-ph-tidak-akan-langgar-perlembagaan-negara-1.785191", "authors": [], "top-image": "http://www.kosmo.com.my/polopoly_fs/1.785192!/image/image.jpg_gen/derivatives/landscape_650/image.jpg", "text": "MUAR - Kerajaan Pakatan Harapan (PH) tidak akan melanggar mana-mana perkara yang termaktub dalam Perlembagaan Persekutuan berhubung isu meratifikasi Konvensyen Antarabangsa Mengenai Penghapusan Segala Bentuk Diskriminasi Kaum (ICERD).\n\nPresiden Parti Pribumi Bersatu Malaysia (Bersatu) Tan Sri Muhyiddin Yassin berkata, kerajaan masih mempunyai masa untuk memutuskan pelaksanaan ratifikasi ICERD dan tidak perlu terburu-buru kerana perkara itu perlu dinilai sedalam-dalamnya kerana tidak mahu me langgar Artikel 153 Perlembagaan Persekutuan, sistem Raja Berperlembagaan, kedudukan Islam dan mana-mana hak termaktub dalam Perlembagaan.\n\n\"Malaysia mempunyai pelbagai kaum, agama dan budaya serta mengamalkan cara kehidupan yang berbeza dengan negara-negara lain, apa yang penting kita perlu menjaga kesejahteraan dan keamanan serta hubungan baik antara kaum yang ada di negara kita,\" katanya pada sidang media selepas mengadakan lawatan kerja ke Hab Pendidikan Tinggi Pagoh (HPTP), Pagoh, di sini hari ini.\n\nTurut hadir Menteri Pendidikan, Dr Maszlee Malik dan Menteri Besar Johor, Datuk Osman Sapian.\n\nPembangunan HPTP melibatkan kawasan seluas lebih 400 hektar dibangunkan secara berfasa sejak 2012, sehingga kini menempatkan empat institusi pengajian tinggi awam (IPTA) iaitu Universiti Tun Hussien Onn (UTHM), Universiti Islam Antarabangsa Malaysia (UIAM), Universiti Teknologi Malaysia (UTM) dan Politeknik Tun Syed Nasir Syed Ismail (PTSN).\n\nMuhyiddin yang juga Menteri Dalam Negeri berkata PH adalah kerajaan yang bertanggungjawab dan segala keputusan yang akan diambil dalam pelaksanaan ratifikasi ICERD akan diteliti dan mengambil kira kepentingan semua pihak.\n\n\"Bagaimanapun di peringkat kerajaan perkara itu belum lagi menjadi keputusan yang muktamad. Sebarang bentuk pelaksanaan ratifikasi ICERD ini mesti ada proses konsultasi dengan pelbagai pihak sebelum ianya diputuskan oleh jemaah menteri. Perdana Menteri dan Timbalan Perdana Menteri sudah pun memberikan penjelasan dan pendirian mereka.\n\n\"Pendirian kita, kita telah mendapat banyak input daripada anggota Bersatu yang menyatakan kebimbangan mereka sekiranya perkara ini membawa kesan kepada negara dan menjadi kesulitan selain wajarkah ICERD diaplikasikan. Info yang kita terima, sebahagian besar tidak bersetuju,\" katanya yang juga Presiden PH Johor.\n\nPerdana Menteri Tun Dr Mahathir Mohamad sebelum ini dilapor berkata rundingan melibatkan semua kaum akan dilakukan sebelum meratifikasi ICERD dan mengakui ia bukan perkara mudah memandangkan Malaysia merupakan negara dengan penduduk berbilang kaum dan masing-masing dengan kepentingan tertentu.\n\nDalam pada itu, Muhyiddin yang juga Anggota Parlimen Pagoh berkata sekurang-kurangnya satu Rang Undang-undang untuk meminda atau menghapuskan akta di bawah kementeriannya akan dibentangkan dalam Parlimen sebelum hujung tahun ini.\n\nBeliau berkata akta-akta itu termasuk Akta Kesalahan Keselamatan (Langkah-langkah Khas) 2012 (SOSMA), Akta Pencegahan Jenayah 1959 (POCA), Akta Perhimpunan Aman 2012, Akta Hasutan 1948 dan hukuman gantung mandatori.\n\n\"Satu jawatankuasa telah ditubuhkan untuk meneliti kesemua akta yang akan dipinda atau dihapuskan dan jawatankuasa berkenaan akan memperhalusi secara terperinci perkara-perkara berkaitan kesemua akta tersebut,\" kata Muhyiddin yang juga Anggota Dewan Undangan Negeri Gambir. - Bernama", "keyword": ["pelaksanaan", "universiti", "icerd", "ratifikasi", "perlembagaan", "ph", "muhyiddin", "akta", "bersatu", "pagoh", "langgar", "kaum"], "summary": "MUAR - Kerajaan Pakatan Harapan (PH) tidak akan melanggar mana-mana perkara yang termaktub dalam Perlembagaan Persekutuan berhubung isu meratifikasi Konvensyen Antarabangsa Mengenai Penghapusan Segala Bentuk Diskriminasi Kaum (ICERD).\nPresiden Parti Pribumi Bersatu Malaysia (Bersatu) Tan Sri Muhyiddin Yassin berkata, kerajaan masih mempunyai masa untuk memutuskan pelaksanaan ratifikasi ICERD dan tidak perlu terburu-buru kerana perkara itu perlu dinilai sedalam-dalamnya kerana tidak mahu me langgar Artikel 153 Perlembagaan Persekutuan, sistem Raja Berperlembagaan, kedudukan Islam dan mana-mana hak termaktub dalam Perlembagaan.\nMuhyiddin yang juga Menteri Dalam Negeri berkata PH adalah kerajaan yang bertanggungjawab dan segala keputusan yang akan diambil dalam pelaksanaan ratifikasi ICERD akan diteliti dan mengambil kira kepentingan semua pihak.\nSebarang bentuk pelaksanaan ratifikasi ICERD ini mesti ada proses konsultasi dengan pelbagai pihak sebelum ianya diputuskan oleh jemaah menteri.\nInfo yang kita terima, sebahagian besar tidak bersetuju,\" katanya yang juga Presiden PH Johor.", "news": "Kosmo!", "date": "11-11-2018", "language": "INDONESIA"}, {"title": "Theresa May tertekan hadapi tiga isu Brexit", "url": "http://www.utusan.com.my/berita/luar-negara/theresa-may-tertekan-hadapi-tiga-isu-brexit-1.567259", "authors": [], "top-image": "http://www.utusan.com.my/polopoly_fs/1.567272!/image/image.jpg_gen/derivatives/landscape_650/image.jpg", "text": "LONDON 5 Dis. \u2013 Perdana Menteri Britain, Theresa May berada dalam keadaan tertekan untuk mendapatkan persetujuan daripada Parti Kesatuan Demokratik (DUP) berhubung status sempadan Ireland apabila United Kingdom (UK) meninggalkan Kesatuan Eropah (EU).\n\nMenurut portal berita BBC, May juga telah menarik diri daripada perjanjian dengan Brussels yang akan memulakan perbincangan perdagangan selepas berdepan tentangan DUP.\n\nParti itu menegaskan, pihak\u00adnya tidak akan menerima sebarang perjanjian yang bakal me\u00adnyaksikan Ireland Utara diberi layanan berbeza berbanding seluruh UK.\n\nMay semakin tertekan untuk mendapatkan persetujuan me\u00adngenai isu perpisahan daripada EU sebelum pemimpin Eropah bertemu pada 14 Disember ini bagi memutuskan sama ada mahu memberikan lampu hijau memulakan perbincangan perdagangan selepas Brexit.\n\nKetiga-tiga isu yang perlu di\u00adselesaikan adalah mengenai sempadan Ireland, hak rakyat dan jumlah wang yang akan dibayar oleh UK selepas meninggalkan EU.\n\nPerbincangan dengan Pre\u00adsiden Suruhanjaya Eropah, Jean-Claude Juncker semalam berakhir tanpa kata sepakat walaupun kedua-dua pihak me\u00adngatakan mereka berharap mendapat persetujuan pada akhir minggu ini.\n\nMay sebelum ini dilaporkan merancang untuk membuat kenyataan besar kepada ahli Parlimen mengenai kejayaan dalam perbincangan Brexit hari ini tetapi usaha itu akhirnya terpaksa dibatalkan.\n\nDUP yang merupakan parti terbesar di Ireland Utara mempunyai 10 orang ahli Parlimen di Westminster dan sokongan mereka adalah penting kepada kerajaan pimpinan May.\n\nHal demikian kerana Parti Konservatif tidak mempunyai majoriti dalam House of Commons sejak pilihan raya pada bulan Jun dan bergantung kepada perjanjian dengan DUP untuk memastikan mereka terus bertahan.", "keyword": ["memulakan", "ireland", "brexit", "meninggalkan", "eropah", "tertekan", "perbincangan", "theresa", "sempadan", "uk", "persetujuan", "kesatuan", "hadapi"], "summary": "\u2013 Perdana Menteri Britain, Theresa May berada dalam keadaan tertekan untuk mendapatkan persetujuan daripada Parti Kesatuan Demokratik (DUP) berhubung status sempadan Ireland apabila United Kingdom (UK) meninggalkan Kesatuan Eropah (EU).\nMenurut portal berita BBC, May juga telah menarik diri daripada perjanjian dengan Brussels yang akan memulakan perbincangan perdagangan selepas berdepan tentangan DUP.\nMay semakin tertekan untuk mendapatkan persetujuan me\u00adngenai isu perpisahan daripada EU sebelum pemimpin Eropah bertemu pada 14 Disember ini bagi memutuskan sama ada mahu memberikan lampu hijau memulakan perbincangan perdagangan selepas Brexit.\nKetiga-tiga isu yang perlu di\u00adselesaikan adalah mengenai sempadan Ireland, hak rakyat dan jumlah wang yang akan dibayar oleh UK selepas meninggalkan EU.\nMay sebelum ini dilaporkan merancang untuk membuat kenyataan besar kepada ahli Parlimen mengenai kejayaan dalam perbincangan Brexit hari ini tetapi usaha itu akhirnya terpaksa dibatalkan.", "news": "Utusan Malaysia", "date": "12-05-2017", "language": "INDONESIA"}, {"title": "Jangan spekulasi isu Agong turun takhta", "url": "http://www.utusan.com.my/berita/terkini/jangan-spekulasi-isu-agong-turun-takhta-1.817586", "authors": ["Asma Hanim Mahmood"], "top-image": "http://www.utusan.com.my/polopoly_fs/1.817588!/image/image.jpeg_gen/derivatives/landscape_650/image.jpeg", "text": "KOTA BHARU 7 Jan. - Masyarakat diminta menghentikan spekulasi mengenai peletakan keputusan Sultan Muhammad V turun takhta sebagai Yang di-Pertuan Agong Ke XV sebaliknya perlu menghormati keputusan itu sebagai hak baginda.\n\nTimbalan Menteri Besar, Datuk Mohd Amar Nik Abdullah berkata, tidak ada sesiapa boleh mempersoalkan keputusan itu walaupun baginda tidak memberikan sebarang sebab.\n\nMengenai tular bahawa Sultan Muhammad V melepaskan takhta berikutan ura-ura perkahwinan dengan seorang wanita Rusia sekali gus bercanggah dengan Undang-undang Tubuh Kerajaan Kelantan, Mohd Amar menegaskan tidak ada halangan untuk baginda jika mahu berkahwin dengan sesiapa sahaja.\n\n\"Tidak ada orang tahu, dan baginda pun tidak sebut, cuma bagitahu baginda turun takhta, jadi tidak elok kita buat sebarang spekulasi, tak ada guna kita cari sebab, nak buat apa, bagi saya, saya terima macam itu sahaja\n\n\"Adapun soal kahwin itu tidak ada masalah, peraturan yang ada dalam Undang-undang Tubuh Kerajaan Kelantan adalah mengenai pelantikan Raja Perempuan, bukan peraturan tidak boleh (sewenang-wenang) berkahwin dengan sesiapa, itu ada beza,\" katanya.\n\nBeliau berkata demikian kepada pemberita selepas Majlis Penyampaian Watikah Pelantikan Ahli Majlis Pihak Berkuasa Tempatan (PBT) negeri di Dewan Teratai, Kompleks Kota Darulnaim di sini hari ini.\n\nSementara itu, ketika ditanya mengenai usaha yang dilakukan untuk meredakan spekulasi yang berlegar dalam masyarakat, Mohd Amar berkata, pihaknya tidak dapat memberi apa-apa penjelasan untuk rakyat kerana Kerajaan Pas Kelantan juga tiada sebarang maklumat.\n\n\"Kita nak jelaskan apa kerana kita (kerajaan) tak tahu, sebab itu bila kita tak tahu kita jangan buat spekulasi, perangai kita manusia ini suka sangat buat spekulasi,apa faedahnya kepada kita? Kalau benda tak ada faedah lebih baik kita duduk diam daripada buang masa buat spekulasi,\" katanya. - UTUSAN ONLINE", "keyword": ["amar", "sultan", "spekulasi", "undangundang", "agong", "tubuh", "baginda", "kelantan", "sesiapa", "v", "takhta"], "summary": "KOTA BHARU 7 Jan. - Masyarakat diminta menghentikan spekulasi mengenai peletakan keputusan Sultan Muhammad V turun takhta sebagai Yang di-Pertuan Agong Ke XV sebaliknya perlu menghormati keputusan itu sebagai hak baginda.\nTimbalan Menteri Besar, Datuk Mohd Amar Nik Abdullah berkata, tidak ada sesiapa boleh mempersoalkan keputusan itu walaupun baginda tidak memberikan sebarang sebab.\nMengenai tular bahawa Sultan Muhammad V melepaskan takhta berikutan ura-ura perkahwinan dengan seorang wanita Rusia sekali gus bercanggah dengan Undang-undang Tubuh Kerajaan Kelantan, Mohd Amar menegaskan tidak ada halangan untuk baginda jika mahu berkahwin dengan sesiapa sahaja.\n\"Kita nak jelaskan apa kerana kita (kerajaan) tak tahu, sebab itu bila kita tak tahu kita jangan buat spekulasi, perangai kita manusia ini suka sangat buat spekulasi,apa faedahnya kepada kita?\nKalau benda tak ada faedah lebih baik kita duduk diam daripada buang masa buat spekulasi,\" katanya.", "news": "Utusan Malaysia", "date": "01-06-2019", "language": "INDONESIA"}, {"title": "Hina Nabi:perlu undang-undang bersesuaian", "url": "http://www.utusan.com.my/berita/terkini/hina-nabi-perlu-undang-undang-bersesuaian-1.846987", "authors": ["Mohamad Faizal Hashim"], "top-image": "http://www.utusan.com.my/polopoly_fs/1.846988!/image/image.jpeg_gen/derivatives/landscape_650/image.jpeg", "text": "JOHOR BAHRU 23 Feb. - Tindakan undang-undang yang melindungi kesucian agama Islam daripada dihina kaum lain perlu dibincang dan difikirkan mengikut kesesuaian latar masyarakat dan negara pada hari ini.\n\nAhli Lembaga Pemegang Amanah Yayasan Dakwah Islamiah Malaysia (Yadim) Sheikh Umar Bagharib Ali berkata, perkara itu dilihat dapat menjaga batas hak kebebasan bersuara rakyat dalam memastikan keharmonian negara tidak tergugat.\n\n\"Berkenaan tindakan undang-undang ini, ia masih boleh dibincang dan difikirkan mengikut kesesuaian latar masyarakat dan negara kita bergerak pada hari ini.\n\n\"Perkara ini perlu dibincangkan di peringkat kepimpinan negara tertinggi, namun, saya rasa asasnya perlulah jelas bahawa kita ingin kebebasan tidak menceroboh sempadan yang boleh menyebabkan keharmonian negara kita tergugat,\" katanya kepada pemberita selepas merasmikan Pameran Kenegaraan dan Bintang Patriotik Mega, di sini sebentar tadi.\n\nBeliau berkata demikian ketika mengulas mengenai tindakan seorang lelaki yang memuat naik status menghina Nabi Muhammad SAW dan isteri baginda, Saidatina Aishah dalam akaun Facebook miliknya baru-baru ini.\n\nPada 19 Februari lalu, lelaki berusia 68 tahun telah ditahan di rumahnya di Mentakab, Temerloh, Pahang bagi membantu siasatan susulan kes tersebut dan dibebaskan semalam dengan jaminan polis. - UTUSAN ONLINE", "keyword": ["yayasan", "bersesuaian", "lelaki", "difikirkan", "hina", "undangundang", "latar", "kesesuaian", "dibincang", "yadim", "kebebasan", "nabiperlu", "keharmonian"], "summary": "JOHOR BAHRU 23 Feb. - Tindakan undang-undang yang melindungi kesucian agama Islam daripada dihina kaum lain perlu dibincang dan difikirkan mengikut kesesuaian latar masyarakat dan negara pada hari ini.\nAhli Lembaga Pemegang Amanah Yayasan Dakwah Islamiah Malaysia (Yadim) Sheikh Umar Bagharib Ali berkata, perkara itu dilihat dapat menjaga batas hak kebebasan bersuara rakyat dalam memastikan keharmonian negara tidak tergugat.\n\"Berkenaan tindakan undang-undang ini, ia masih boleh dibincang dan difikirkan mengikut kesesuaian latar masyarakat dan negara kita bergerak pada hari ini.\nBeliau berkata demikian ketika mengulas mengenai tindakan seorang lelaki yang memuat naik status menghina Nabi Muhammad SAW dan isteri baginda, Saidatina Aishah dalam akaun Facebook miliknya baru-baru ini.\nPada 19 Februari lalu, lelaki berusia 68 tahun telah ditahan di rumahnya di Mentakab, Temerloh, Pahang bagi membantu siasatan susulan kes tersebut dan dibebaskan semalam dengan jaminan polis.", "news": "Utusan Malaysia", "date": "02-22-2019", "language": "INDONESIA"}]