[{"title": "", "url": "https://www.bharian.com.my/node/231168", "authors": [], "top-image": "", "text": "", "keyword": [], "summary": "", "news": "Berita Harian", "date": "01-06-2017", "language": "INDONESIA"}, {"title": "Lim Guan Eng: RM10 prepaid top up should give you RM10 of credit", "url": "https://www.soyacincau.com/2018/09/02/lim-guan-eng-prepaid-mobile-reload-6-pct-sst-issue/", "authors": ["Alexander Wong", "Raywen Ong"], "top-image": "https://www.soyacincau.com/wp-content/uploads/2018/09/fbhero_prepaid_topup2.jpg", "text": "UPDATE: Prepaid services are officially exempted from SST beginning 6 September 2018. More details here.\n\nStarting 1 September 2018, all telcos had introduced 6% SST on all services. This is done in accordance with the Sales & Services Tax Act 2018 and it covers all users including postpaid, prepaid and broadband. For postpaid, the 6% tax is applied on the total taxable amount while prepaid users will have to pay the 6% tax at the point of top up.\n\nObviously, this had caused a lot of dissatisfaction for prepaid users as most of them are getting less value when they reload. For example, a RM10 top up will only come with RM9.43 of credit after deducting the 6% tax.\n\nThe Malaysian Minister of Finance, Lim Guan Eng, had responded that prepaid top ups should come with full value after topping up. If you top up RM10, you should get RM10 of credit. He added that the 6% SST should not be passed on to customers. As reported by NST and Astro Awani, he said that users getting RM9.43 instead of RM10 is a technical issue which needs to be ironed out.\n\nTq. Buat isu SST utk prepaid, perkara ini dlm perhatian KKMM. Kenyataan resmi akan dikeluarkan dlm masa terdekat berkenaannya https://t.co/i2F1vNNwOp \u2014 GobindSinghDeo (@GobindSinghDeo) September 1, 2018\n\nMeanwhile, Minister of Communications and Multimedia, Gobind Singh, had tweeted that his ministry is aware of the SST issue on prepaid reloads and they will be issuing a statement soon. At the time of posting, all prepaid reloads are still charged at 6% SST and telcos have tried to cushion the blow by offering extra freebies in the form of free minutes and free data. You can check out the full list here.\n\nIf the government wants to ensure that a RM10 top up remains RM10 in value, one possibility is to exempt prepaid from SST which currently isn\u2019t. This is similar to the previous administration\u2019s move to exempt prepaid from GST effective 1st January 2016. According to the Royal Malaysian Customs Department, prepaid service is still subjected to SST. You can refer to their telecommunications guide on Page 5.\n\nHowever, if the government is still insisting on taxing prepaid users, another alternative is to tax based on usage. This means you\u2019ll get full value upon top up but you\u2019ll be taxed only when you make a call, send an SMS or subscribe to a data plan.\n\nOf course, there\u2019s the last option of forcing telcos to absorb the 6% service tax for prepaid. If you\u2019re wondering why this wasn\u2019t an issue before GST, it is because our telcos have been absorbing the 6% tax all these while. The telcos had tried to impose the 6% tax on starter packs and reloads but the move was deferred after negotiations with the government. According to a report by TheStar from 2011, the telcos have paid a total of RM6 billion in service tax since 1998.\n\nAs mentioned by Lim Guan Eng, the list of items affected by SST will be reviewed taking into consideration the views of the people. You can expect more changes to SST to be made by end of this year. He had given an example whereby prawns were currently covered under SST because it was lumped together with abalone.\n\nFor telcos, they are only complying with Sales & Services Tax Act 2018 and the government has to make the necessary amendments if they intend to exempt reloads from SST. What do you think is the best solution? Should the 6% tax imposed for postpaid customers only? Let us know in the comments below.\n\n[ SOURCE 2 ]", "keyword": ["credit", "eng", "services", "telcos", "reloads", "rm10", "value", "tax", "lim", "2018", "guan", "sst", "prepaid", "users"], "summary": "This is done in accordance with the Sales & Services Tax Act 2018 and it covers all users including postpaid, prepaid and broadband.\nObviously, this had caused a lot of dissatisfaction for prepaid users as most of them are getting less value when they reload.\nThe Malaysian Minister of Finance, Lim Guan Eng, had responded that prepaid top ups should come with full value after topping up.\nIf the government wants to ensure that a RM10 top up remains RM10 in value, one possibility is to exempt prepaid from SST which currently isn\u2019t.\nHowever, if the government is still insisting on taxing prepaid users, another alternative is to tax based on usage.", "news": "SoyaCincau.com", "date": "09-02-2018", "language": "ENGLISH"}, {"title": "Celcom perkukuh kedudukan dalam industri", "url": "http://www.utusan.com.my/bisnes/korporat/celcom-perkukuh-kedudukan-dalam-industri-1.525826", "authors": [], "top-image": "http://www.utusan.com.my/polopoly_fs/1.525825!/image/image.jpg_gen/derivatives/landscape_650/image.jpg", "text": "KUALA LUMPUR 12 Sept. \u2013 Celcom Axiata Bhd. (Celcom) mengukuhkan kedudukannya dengan prestasi yang lebih baik berbanding industri dalam pendapatan perkhidmatan asas suku tahunan meskipun berdepan keadaan mencabar.\n\nPenyedia rangkaian telekomunikasi itu merekodkan peningkatan 1.4 peratus dalam pendapatan perkhidmatan kepada RM1.495 bi\u00adlion bagi suku kedua berakhir 30 Jun 2017 ketika industri merekodkan kemerosotan sebanyak 2 peratus.\n\nKetua Pegawai Eksekutifnya, Michael Kuehner berkata, dalam suku kajian itu, Celcom mencatatkan jumlah pendapatan bernilai RM1.621 bilion iaitu peningkatan 0.7 peratus daripada pencapaian suku pertama tahun ini.\n\nKatanya, keuntungan selepas cukai, pelunasan dan kepentingan minoriti (PATAMI) Celcom juga me\u00adlonjak 22.9 peratus kepada RM331 juta sementara pendapatan sebelum faedah, cukai, susut nilai dan pelunasan (EBITDA) meningkat 7.2 peratus kepada RM630 juta.\n\nMenurut beliau lagi, antara faktor yang mempengaruhi pertumbuhan itu adalah penambahba\u00adikan pendekatan dalam me\u00admenuhi kehendak pengguna serta penyela\u00adrasan pengurusan kewangan dan operasi syarikat.\n\n\u201cKami telah memperkenalkan program pendigitalan pengedar yang memperbaiki ketersediaan produk secara keseluruhan dan membolehkan pengalaman pengedaran yang lebih baik buat ekosistem jualan dan agihan,\u201d katanya ketika ditemui di taklimat media perniagaan suku kedua Celcom di sini hari ini.\n\nYang turut hadir, Timbalan Ketua Pegawai Eksekutif Operasi Perniagaan Celcom, Azwan Khan Osman Khan dan Ketua Pegawai Kewangan syarikat telekomunikasi itu, Jennifer Wong.", "keyword": ["khan", "cukai", "tahunan", "celcom", "rm630", "perkukuh", "merekodkan", "syarikatkami", "taklimat", "telekomunikasi", "pelunasan"], "summary": "KUALA LUMPUR 12 Sept. \u2013 Celcom Axiata Bhd.\n(Celcom) mengukuhkan kedudukannya dengan prestasi yang lebih baik berbanding industri dalam pendapatan perkhidmatan asas suku tahunan meskipun berdepan keadaan mencabar.\nKetua Pegawai Eksekutifnya, Michael Kuehner berkata, dalam suku kajian itu, Celcom mencatatkan jumlah pendapatan bernilai RM1.621 bilion iaitu peningkatan 0.7 peratus daripada pencapaian suku pertama tahun ini.\nKatanya, keuntungan selepas cukai, pelunasan dan kepentingan minoriti (PATAMI) Celcom juga me\u00adlonjak 22.9 peratus kepada RM331 juta sementara pendapatan sebelum faedah, cukai, susut nilai dan pelunasan (EBITDA) meningkat 7.2 peratus kepada RM630 juta.\nYang turut hadir, Timbalan Ketua Pegawai Eksekutif Operasi Perniagaan Celcom, Azwan Khan Osman Khan dan Ketua Pegawai Kewangan syarikat telekomunikasi itu, Jennifer Wong.", "news": "Utusan Malaysia", "date": "09-12-2017", "language": "INDONESIA"}, {"title": "Caj prabayar Celcom tiada SST", "url": "http://www.utusan.com.my/bisnes/korporat/caj-prabayar-celcom-tiada-sst-1.742504", "authors": [], "top-image": "http://www.utusan.com.my/polopoly_fs/1.742503!/image/image.jpg_gen/derivatives/landscape_650/image.jpg", "text": "KUALA LUMPUR 5 Sept. \u2013 Celcom Axiata Berhad (Celcom) tidak mengenakan cukai jualan dan perkhidmatan (SST) terhadap perkhidmatan prabayar berkuat kuasa esok.\n\nKetua Pegawai Eksekutif Celcom, Mohamad Idham Nawawi (gambar) berkata, pihaknya turut memberi rebat cukai kepada pelanggan yang telah membeli pelan prabayar sejak 1 September lalu.\n\nKatanya, Celcom me\u00adnyambut baik dan mengalu-alukan keputusan kerajaan yang memberi pengecualian cukai SST kepada perkhidmatan berkenaan.\n\n\u201cLangkah itu dilihat memberi impak positif kepada pengguna prabayar kerana telekomunikasi mudah alih telah menjadi sebahagian daripada gaya hidup rakyat Malaysia.\n\n\u201cCelcom juga komited untuk menyediakan pelanggan dengan pakej mampu milik yang mana ia selari dengan aspirasi dan inisiatif kerajaan dalam membangunkan kebajikan rak\u00adyat menerusi rangkai\u00adan kami yang luas di seluruh negara,\u201d katanya dalam kenya\u00adtaan di sini hari ini.\n\nKad nilai tambah prabayar telefon yang sepatutnya tersenarai antara barangan bebas SST tetap dikenakan cukai berkenaan yang mana ia mendatangkan rungutan daripada orang ramai.\n\nSehubungan itu, Kementerian Kewangan mengumumkan pengecualian SST ke atas perkhidmatan prabayar dan semua syarikat telekomunikasi perlu mengambil tindakan yang sewajarnya dengan segera dalam mematuhi penetapan pengecualian cukai tersebut.", "keyword": ["prabayar", "cukai", "tersenarai", "celcom", "telefon", "sepatutnya", "sewajarnya", "pengecualian", "caj", "telekomunikasi", "sst"], "summary": "KUALA LUMPUR 5 Sept. \u2013 Celcom Axiata Berhad (Celcom) tidak mengenakan cukai jualan dan perkhidmatan (SST) terhadap perkhidmatan prabayar berkuat kuasa esok.\nKetua Pegawai Eksekutif Celcom, Mohamad Idham Nawawi (gambar) berkata, pihaknya turut memberi rebat cukai kepada pelanggan yang telah membeli pelan prabayar sejak 1 September lalu.\nKatanya, Celcom me\u00adnyambut baik dan mengalu-alukan keputusan kerajaan yang memberi pengecualian cukai SST kepada perkhidmatan berkenaan.\nKad nilai tambah prabayar telefon yang sepatutnya tersenarai antara barangan bebas SST tetap dikenakan cukai berkenaan yang mana ia mendatangkan rungutan daripada orang ramai.\nSehubungan itu, Kementerian Kewangan mengumumkan pengecualian SST ke atas perkhidmatan prabayar dan semua syarikat telekomunikasi perlu mengambil tindakan yang sewajarnya dengan segera dalam mematuhi penetapan pengecualian cukai tersebut.", "news": "Utusan Malaysia", "date": "09-05-2018", "language": "INDONESIA"}, {"title": "Celcom, Malaysia Airlines jalin kerjasama", "url": "http://www.utusan.com.my/bisnes/korporat/celcom-malaysia-airlines-jalin-kerjasama-1.597255", "authors": ["Nabila Yasmin Razib"], "top-image": "http://www.utusan.com.my/polopoly_fs/1.597253!/image/image.jpg_gen/derivatives/landscape_650/image.jpg", "text": "KUALA LUMPUR 25 Jan. \u2013 Celcom Axiata Bhd. (Celcom) dan Malaysia Airlines Bhd. (MAB) menandatangani memorandum persefahaman (MoU) dalam perkongsian strategik yang akan menyaksikan kedua-dua syarikat memberi faedah besar kepada penggunanya.\n\nKetua Pegawai Eksekutif Celcom Axiata Bhd, Michael Kuehner berkata, beberapa faedah tersebut termasuk cara yang lebih mudah untuk mendapatkan dan mem\u00adbelanjakan mata ganjaran Enrich, diskaun penerbangan untuk semua pelanggan Celcom, serta pelan perayauan yang menarik.\n\nKatanya, kerjasama strategik Celcom dengan Malaysia Airlines melambangkan kesungguhan dan komitmen telekomunikasi untuk meningkatkan peranti dan pengalaman digitalnya, ke arah memberi manfaat kepada para pelanggan dan pekerja Malaysia Airlines.\n\n\u201cKedua-dua pelanggan Celcom dan Enrich tidak lama lagi akan menikmati pengalaman hebat dalam penawaran digital dan penghargaan yang inovatif yang akan memperkayakan gaya hidup mereka,\u201d katanya kepada pembe\u00adrita selepas majlis menandata\u00adngani Memorandum Persefahaman (MoU) antara Celcom dan Malaysia Airlines di sini hari ini.\n\nYang turut hadir, Ketua Pegawai Eksekutif Malaysia Airlines, Kapten Izham Ismail.\n\nKuehner berkata, Celcom dan Malaysia Airlines masing-masing akan mula membuat pengumuman mengenai tawaran dan ganjaran hebat yang menanti pelanggan mereka bermula 1 Februari depan.\n\nSementara itu Izham berkata, kerjasama tersebut juga merupakan sebahagian besar daripada matlamat Malaysia Airlines dalam menghubungkan orang ramai sama ada melalui perjalanan mahupun telefon mudah alih.\n\n\u201cKerjasama ini bakal membolehkan ahli Enrich menikmati ganjaran dengan lebih cepat melalui kaedah yang baharu dan inovatif dalam mengumpul dan menebus mata ganjaran,\u201d katanya.\n\nMengenai khabar angin mengenai penggabungan semula antara Telekom Malaysia Bhd. (TM) dan Axiata Group Bhd., Kuehner berkata ia disifatkan sebagai logik, tetapi ia tertakluk kepada pemegang saham untuk membuat keputusan tersebut.\n\nJelasnya, TM dan Axiata masing-masing merupakan gergasi telekomunikasi di negara ini dan sebagai anak syarikat Axiata, Celcom mungkin menerima ke\u00adlebihan daripada penggabungan tersebut sekiranya ia benar-benar berlaku.\n\n\u201cSaya boleh bayangkan banyak sinergi boleh dihasilkan dari penggabungan ini, namun ia hanya sekadar khabar angin,\u201d katanya.", "keyword": ["penggabungan", "telekomunikasi", "celcom", "persefahaman", "enrich", "ganjaran", "strategik", "airlines", "tm", "jalin", "axiata"], "summary": "KUALA LUMPUR 25 Jan. \u2013 Celcom Axiata Bhd.\n(Celcom) dan Malaysia Airlines Bhd.\nKetua Pegawai Eksekutif Celcom Axiata Bhd, Michael Kuehner berkata, beberapa faedah tersebut termasuk cara yang lebih mudah untuk mendapatkan dan mem\u00adbelanjakan mata ganjaran Enrich, diskaun penerbangan untuk semua pelanggan Celcom, serta pelan perayauan yang menarik.\nKatanya, kerjasama strategik Celcom dengan Malaysia Airlines melambangkan kesungguhan dan komitmen telekomunikasi untuk meningkatkan peranti dan pengalaman digitalnya, ke arah memberi manfaat kepada para pelanggan dan pekerja Malaysia Airlines.\nKuehner berkata, Celcom dan Malaysia Airlines masing-masing akan mula membuat pengumuman mengenai tawaran dan ganjaran hebat yang menanti pelanggan mereka bermula 1 Februari depan.", "news": "Utusan Malaysia", "date": "01-25-2018", "language": "INDONESIA"}, {"title": "4 telco tawar pakej kurang RM100", "url": "http://www.utusan.com.my/berita/nasional/4-telco-tawar-pakej-kurang-rm100-1.762823", "authors": ["Muzdalifah Mustapha"], "top-image": "http://www.utusan.com.my/polopoly_fs/1.762879!/image/image.jpg_gen/derivatives/landscape_650/image.jpg", "text": "PUTRAJAYA 7 Okt. - Telekom Malaysia (TM), Maxis, Celcom dan TIME dotCom (TIME) kini menawarkan pakej permulaan jalur lebar talian tetap pada harga kurang daripada RM100.\n\nSuruhanjaya Komunikasi dan Multimedia Malaysia (SKMM) dalam satu kenyataan memaklumkan, penurunan harga yang dibuat oleh empat syarikat telekomunikasi itu lanjutan daripada penguatkuasaan Standard Mandatori Mengenai Capaian (MSAP).\n\nPakej permulaan itu adalah TM (30 Mbps) pada harga RM79 berbanding RM139 (sebelum pelaksanaan MSAP) iaitu penurunan sebanyak 43 peratus; Celcom (40 Mbps) berharga RM80 berbanding RM180 sebelum ini, penurunan sebanyak 56 peratus.\n\nMaxis (30 Mbps) kini berharga RM89 berbanding RM139 (sebelum MSAP) penurunan sebanyak 36 peratus dan TIME (100 Mbps) kini berharga RM99 berbanding RM149 sebelum ini, penurunan sebanyak 34 peratus.\n\n\u201cPelaksanaan MSAP dan pe\u00adnurunan harga adalah selaras usaha kerajaan untuk menyedia\u00adkan jalur lebar yang berkualiti tinggi dan bertaraf dunia pada harga berpatutan,\u201d jelas kenya\u00adtaan itu di sini hari ini.\n\nSKMM berkata, selain pakej permulaan, TIME turut memperkenalkan pakej permulaan gigabit pada harga RM199 dan ini merupakan kali pertama pakej seumpama itu diperkenalkan kepada sebahagian besar segmen penduduk di Malaysia.\n\nPakej turbo TIME yang ditawarkan kini adalah berharga RM129 untuk 100 Mbps, harga RM139 untuk 300 Mbps dan harga RM329 untuk 800 Mbps.\n\nSementara itu syarikat TM, telah meningkatkan kepantasan jalur lebar 10 kali ganda berbanding sebelum MSAP.\n\nPada Jun lalu, Menteri Komunikasi dan Multimedia, Gobind Singh Deo menjangkakan menerusi MSAP harga jalur lebar akan dikurangkan sekurang-kurangnya 25 peratus menjelang 31 Disember ini.", "keyword": ["penurunan", "tawar", "permulaan", "multimedia", "mbps", "pakej", "rm100", "telco", "tm", "berharga", "lebar", "rm139", "msap"], "summary": "- Telekom Malaysia (TM), Maxis, Celcom dan TIME dotCom (TIME) kini menawarkan pakej permulaan jalur lebar talian tetap pada harga kurang daripada RM100.\nPakej permulaan itu adalah TM (30 Mbps) pada harga RM79 berbanding RM139 (sebelum pelaksanaan MSAP) iaitu penurunan sebanyak 43 peratus; Celcom (40 Mbps) berharga RM80 berbanding RM180 sebelum ini, penurunan sebanyak 56 peratus.\nMaxis (30 Mbps) kini berharga RM89 berbanding RM139 (sebelum MSAP) penurunan sebanyak 36 peratus dan TIME (100 Mbps) kini berharga RM99 berbanding RM149 sebelum ini, penurunan sebanyak 34 peratus.\nSKMM berkata, selain pakej permulaan, TIME turut memperkenalkan pakej permulaan gigabit pada harga RM199 dan ini merupakan kali pertama pakej seumpama itu diperkenalkan kepada sebahagian besar segmen penduduk di Malaysia.\nPakej turbo TIME yang ditawarkan kini adalah berharga RM129 untuk 100 Mbps, harga RM139 untuk 300 Mbps dan harga RM329 untuk 800 Mbps.", "news": "Utusan Malaysia", "date": "10-07-2018", "language": "INDONESIA"}, {"title": "Celcom lancar kempen keselamatan dalam talian untuk kanak-kanak", "url": "http://www.utusan.com.my/bisnes/ekonomi/celcom-lancar-kempen-keselamatan-dalam-talian-untuk-kanak-kanak-1.528687", "authors": ["Muhd. Shahizam Tazali"], "top-image": "http://www.utusan.com.my/polopoly_fs/1.528691!/image/image.jpeg_gen/derivatives/landscape_650/image.jpeg", "text": "KUALA LUMPUR 20 Sept. - Celcom Axiata Berhad melancarkan kempen #parentsunite for online safety yang bertujuan memupuk kesedaran kepada ibu bapa dalam menyediakan ruang digital yang selamat kepada anak-anak.\n\nTimbalan Ketua Pegawai Eksekutif Operasi Perniagaan Celcom Axiata Berhad, Azwan Khan Osman Khan berkata, demografi penggunaan peranti pintar pada masa kini menunjukkan sebilangan besar kanank-kanak menjadi mangsa dalam talian.\n\nKatanya, ramai ibu bapa menyediakan anak-anak dengan peranti pintar bagi tujuan perhubungan, namun secara tidak langsung mendedahkan mereka kepada dunia luar tanpa batasan.\n\n\u201cSebagai sebuah penyedia komunikasi mudah alih, adalah menjadi tanggungjawab kami untuk menyediakan pengalaman digital yang selamat kepada kanak-kanak.\n\n\u201cInisiatif ini dapat menangani kadar jenayah siber yang merbahaya seperti kenalan di media sosial, buli siber, isi kandungan yang tidak sesuai dan penipuan dalam talian,\u201d katanya dalam majlis pelancaran kempen #parentsunite for online safety di sini hari ini. - UTUSAN ONLINE", "keyword": ["selamat", "khan", "digital", "peranti", "pintar", "celcom", "talian", "online", "siber", "safety", "kempen", "lancar", "parentsunite", "kanakkanak"], "summary": "KUALA LUMPUR 20 Sept. - Celcom Axiata Berhad melancarkan kempen #parentsunite for online safety yang bertujuan memupuk kesedaran kepada ibu bapa dalam menyediakan ruang digital yang selamat kepada anak-anak.\nTimbalan Ketua Pegawai Eksekutif Operasi Perniagaan Celcom Axiata Berhad, Azwan Khan Osman Khan berkata, demografi penggunaan peranti pintar pada masa kini menunjukkan sebilangan besar kanank-kanak menjadi mangsa dalam talian.\nKatanya, ramai ibu bapa menyediakan anak-anak dengan peranti pintar bagi tujuan perhubungan, namun secara tidak langsung mendedahkan mereka kepada dunia luar tanpa batasan.\n\u201cSebagai sebuah penyedia komunikasi mudah alih, adalah menjadi tanggungjawab kami untuk menyediakan pengalaman digital yang selamat kepada kanak-kanak.\n\u201cInisiatif ini dapat menangani kadar jenayah siber yang merbahaya seperti kenalan di media sosial, buli siber, isi kandungan yang tidak sesuai dan penipuan dalam talian,\u201d katanya dalam majlis pelancaran kempen #parentsunite for online safety di sini hari ini.", "news": "Utusan Malaysia", "date": "09-19-2017", "language": "INDONESIA"}, {"title": "PM umum manfaat untuk pekerja wanita Axiata Celcom", "url": "http://www.utusan.com.my/berita/nasional/pm-umum-manfaat-untuk-pekerja-wanita-axiata-celcom-1.614929", "authors": ["Azrul Hakimie Anuer"], "top-image": "http://www.utusan.com.my/polopoly_fs/1.614989!/image/image.jpg_gen/derivatives/landscape_650/image.jpg", "text": "KUALA LUMPUR 23 Feb. - Perdana Menteri, Datuk Seri Najib Tun Razak mengumumkan kakitangan wanita Axiata Celcom yang mengandung lebih daripada lima bulan dibenarkan pulang awal selepas separuh hari bekerja.", "keyword": ["dibenarkan", "kakitangan", "celcom", "manfaat", "separuh", "najib", "mengandung", "23", "razak", "axiata", "pulang"], "summary": "KUALA LUMPUR 23 Feb. - Perdana Menteri, Datuk Seri Najib Tun Razak mengumumkan kakitangan wanita Axiata Celcom yang mengandung lebih daripada lima bulan dibenarkan pulang awal selepas separuh hari bekerja.", "news": "Utusan Malaysia", "date": "02-23-2018", "language": "INDONESIA"}, {"title": "Celcom Axiata taja Tuisyen Mara RM1 Juta", "url": "http://www.utusan.com.my/berita/nasional/celcom-axiata-taja-tuisyen-mara-rm1-juta-1.765292", "authors": ["Nuraikha Sharipul Bahari"], "top-image": "http://www.utusan.com.my/polopoly_fs/1.765295!/image/image.jpeg_gen/derivatives/landscape_650/image.jpeg", "text": "KUALA KRAI 11 Okt. - Celcom Axiata Berhad memperuntukkan hampir RM1 juta pada tahun ini untuk membantu meningkatkan tahap pendidikan pelajar melalui program Tuisyen Mara.\n\nPengurus Pembangunan Masyarakat, Celcom Axiata Berhad, Mohd Fadzly Kamaruzzaman berkata, program tersebut melibatkan kira-kira 22,200 pelajar di 29 buah pusat di seluruh negara.\n\nBeliau berkata, tajaan yang memasuki tahun kedua itu merupakan salah satu tanggungjawab sosial korporat (CSR) kepada masyarakat.\n\n\u201cTahun ini lebih banyak pusat tusiyen berbanding hanya dua pada tahun lalu. Kita akan meneruskan nilai murni ini pada masa hadapan bagi membantu pelajar kurang berkemampuan agar memperoleh kejayaan dalam akademik.\n\n\"Hal ini juga secara langsung menunjukkan keprihatinan dan kepedulian korporat terhadap pembangunan akademik anak setempat, \" katanya.\n\nBeliau berkata demikian kepada pemberita selepas merasmikan Majlis Perasmian Penutupan Tuisyen Mara 2018 Parlimen Kuala Krai di Maktab Rendah Sains Mara (MRSM) Kuala Krai, di sini hari ini.\n\nYang turut hadir, Ketua Seksyen Transformasi Kecemerlangan Pelajar Yayasan Pelajaran Mara (YPM), Isa Chik.\n\nSementara itu, Isa berkata, Tuisyen Mara 2018 anjuran YPM merupakan kelas secara percuma kepada pelajar daripada keluarga berpendapatan rendah khususnya di luar bandar sejak tahun 2016.\n\n\"Jumlah ke\u00adseluruhan pelajar yang mengikuti program ini sejak 2016 ialah seramai 30,335 orang meliputi 12,989 pelajar bagi tahun 2016 dan 17,346 orang tahun lalu.\n\n\u201cTahun ini, jumlah penyertaan pelajar meningkat apabila turut dilaksanakan di seluruh kawasan Parlimen melibatkan 111 pusat Ujian Pencapaian Sekolah Rendah (UPSR) dan 111 pusat untuk tuisyen Sijil Pelajaran Malaysia (SPM),\" ujarnya. - UTUSAN ONLINE", "keyword": ["isa", "ypm", "celcom", "krai", "pelajaran", "rm1", "tuisyen", "korporat", "melibatkan", "taja", "pelajar", "axiata", "mara"], "summary": "- Celcom Axiata Berhad memperuntukkan hampir RM1 juta pada tahun ini untuk membantu meningkatkan tahap pendidikan pelajar melalui program Tuisyen Mara.\nPengurus Pembangunan Masyarakat, Celcom Axiata Berhad, Mohd Fadzly Kamaruzzaman berkata, program tersebut melibatkan kira-kira 22,200 pelajar di 29 buah pusat di seluruh negara.\nBeliau berkata demikian kepada pemberita selepas merasmikan Majlis Perasmian Penutupan Tuisyen Mara 2018 Parlimen Kuala Krai di Maktab Rendah Sains Mara (MRSM) Kuala Krai, di sini hari ini.\nYang turut hadir, Ketua Seksyen Transformasi Kecemerlangan Pelajar Yayasan Pelajaran Mara (YPM), Isa Chik.\nSementara itu, Isa berkata, Tuisyen Mara 2018 anjuran YPM merupakan kelas secara percuma kepada pelajar daripada keluarga berpendapatan rendah khususnya di luar bandar sejak tahun 2016.", "news": "Utusan Malaysia", "date": "10-11-2018", "language": "INDONESIA"}, {"title": "Celcom tingkatkan program pemasaran 2015", "url": "http://www.utusan.com.my/bisnes/korporat/celcom-tingkatkan-program-pemasaran-2015-1.47987", "authors": ["Nabila Yasmin Razib"], "top-image": "http://www.utusan.com.my/polopoly_fs/1.47986!/image/image.jpg_gen/derivatives/landscape_650/image.jpg", "text": "KUALA LUMPUR 14 Jan. \u2013 Pembekal perkhidmatan telekomunikasi terkemuka. Celcom Axiata Bhd. (Celcom) berharap 2015 bakal menjadi tahun yang cemerlang selari dengan usahanya mempertingkatkan program-program pemasaran Celcom.\n\nKetua Pegawai Pemasaran Celcom, Zalman Aefendy Zainal Abidin berkata, beberapa rancangan telah diatur bagi menambah bilangan pelanggan mudah alihnya.\n\n\u201cKita akan bergerak lebih agresif pada tahun ini memandangkan beberapa isu berkaitan teknikal telah di berjaya diselesaikan, diharap 2015 menjadi tahun yang memberangsangkan buat Celcom,\u201d katanya kepada pemberita selepas pelancaran telefon pintar baharu BlackBerry Classic di sini hari ini.\n\nYang turut hadir, Pengarah Kanan Pengurusan Produk APAC BlackBerry, Damian Tay dan Pengurus Portfolio Kanan Perusahaan BlackBerry, Adrian Rusu.\n\nCelcom membawakan secara eksklusif telefon pintar BlackBerry Classic dengan harga serendah RM388 dengan pelan First.\n\nZalman berkata, Celcom komited memberikan pelanggannya pilihan bagi membolehkan mereka berada pada satu tahap ke hadapan berbanding pesaingnya.\n\n\u201cDengan pelan First by Celcom, pelanggan Celcom kini boleh menjadi antara yang pertama mendapatkan BlackBerry Classic di Malaysia.\n\n\u201cUsaha sama berterusan antara BlackBerry dan Celcom menunjukkan komitmen kami sebagai pembekal telekomunikasi utama Malaysia yang menawarkan pengalaman eksklusif dengan peranti baharu ini,\u201d katanya.\n\nSementara itu, Tay berkata, BlackBerry Classic menawarkan pengalaman komunikasi yang hebat bagi penggemar model BlackBerry sebelum ini iaitu BlackBerry Bold dan Curve yang ternanti-nanti keistimewaan baharu daripada jenama telefon pintar ini.\n\nBlackBerry Classic dikuasakan 1.5 GHz Dual-core Processor dengan paparan skrin 3.5 inci (720 x 720 piksel), 16GB Memori + 2GB RAM serta kamera belakang lapan mega piksel kamera hadapan dua mega piksel serta papan kekunci dan \u2018Trackpad\u2019 yang popular dalam kalangan penggemar tegar BlackBerry.", "keyword": ["penggemar", "tingkatkan", "pintar", "celcom", "telefon", "pengalaman", "pemasaran", "2015", "tay", "piksel", "telekomunikasi", "classic", "blackberry"], "summary": "(Celcom) berharap 2015 bakal menjadi tahun yang cemerlang selari dengan usahanya mempertingkatkan program-program pemasaran Celcom.\nKetua Pegawai Pemasaran Celcom, Zalman Aefendy Zainal Abidin berkata, beberapa rancangan telah diatur bagi menambah bilangan pelanggan mudah alihnya.\n\u201cKita akan bergerak lebih agresif pada tahun ini memandangkan beberapa isu berkaitan teknikal telah di berjaya diselesaikan, diharap 2015 menjadi tahun yang memberangsangkan buat Celcom,\u201d katanya kepada pemberita selepas pelancaran telefon pintar baharu BlackBerry Classic di sini hari ini.\nCelcom membawakan secara eksklusif telefon pintar BlackBerry Classic dengan harga serendah RM388 dengan pelan First.\n\u201cDengan pelan First by Celcom, pelanggan Celcom kini boleh menjadi antara yang pertama mendapatkan BlackBerry Classic di Malaysia.", "news": "Utusan Malaysia", "date": "01-14-2015", "language": "INDONESIA"}, {"title": "Celcom sasar tingkat jumlah pelanggan 30 peratus", "url": "http://www.utusan.com.my/bisnes/ekonomi/celcom-sasar-tingkat-jumlah-pelanggan-30-peratus-1.515761", "authors": ["Afiq Mohd. Shah"], "top-image": "http://www.utusan.com.my/polopoly_fs/1.515760!/image/image.jpg_gen/derivatives/landscape_650/image.jpg", "text": "KUALA LUMPUR 16 Ogos \u2013 Celcom Axiata Berhad (Celcom) menyasarkan peningkatan 30 peratus jumlah pelanggan pascabayar menerusi pengenalan dua produk pelan pascabayar terbaharu syarikat telekomunikasi berkenaan iaitu First Gold Supreme dan First Platinum Plus.\n\nKetua Pegawai Pemasaran Celcom, Zalman Aefendy Zainal Abidin berkata, Celcom mempunyai kira-kira 2.9 juta pelanggan pascabayar daripada keseluruhan 10.2 juta pelanggannya sehingga suku pertama 2017.\n\nMenurutnya, pelan terbaharu tersebut merupakan pelan paling lengkap bagi pelanggan yang mahukan data internet yang besar dengan nilai terbaik.\n\n\u201cPelan First Gold Supreme boleh didapati pada harga RM128 sebulan di mana pelanggan akan memperoleh 50 gigabit (GB) internet iaitu 25 GB internet harian dan 25 GB pada hujung minggu serta 25 GB lagi untuk aplikasi Video Walla secara percuma.\n\n\u201cFirst Platinum Plus pula ditawarkan pada harga RM188 untuk 100 GB internet setiap hari ditambah dengan 100 GB Video Walla percuma.\n\n\u201cKedua-dua pelan ini disasarkan untuk pengguna data internet seluruh negara yang mementingkan pengalaman digital dan penstriman video terbaik tanpa bimbang kehabisan internet,\u201d katanya kepada pemberita selepas majlis pelancaran First Gold Supreme dan First Platinum Plus di sini hari ini.\n\nYang turut hadir, Timbalan Ketua Pegawai Eksekutif, Operasi Perniagaan Celcom, Azwan Khan Osman Khan.\n\nSelain First Gold Supreme dan First Platinum Plus, Celcom masih mengekalkan produk pelan pascabayar sebelum ini iaitu First Gold pada harga RM80 untuk 20 GB internet, First Gold Plus berharga RM98 (40 GB internet) dan First Platinum yang telah diperbaharui pada harga RM148 untuk 60 GB internet dan 30 GB Video Walla.\n\nMengulas lanjut, Zalman Aefendy berkata, Celcom juga memperkenalkan dua program terkini bagi membolehkan pelanggan memiliki telefon pintar baharu dengan lebih mudah sempena sambutan kemerdekaan negara ke-60.\n\nKatanya, pelanggan yang mendaftar pelan Gold Plus, Gold Supreme, First Platinum atau First Platinum Plus bermula hari ini sehingga 30 September boleh memilih telefon pintar pilihan secara percuma.\n\n\u201cAntara telefon pintar yang ditawarkan adalah seperti Huawei P10, iPhone 6 32GB, Samsung Galaxy J7 Pro, Oppo A77 dan banyak lagi manakala pelanggan pelan Platinum Plus boleh menikmati diskaun sehingga 55 peratus untuk telefon model Samsung S8 dan iPhone 7.\n\n\u201cSelain itu, kami juga memperkenalkan program Celcom EasyPhone di mana pelanggan boleh memiliki peranti terbaharu daripada 30 pilihan telefon pintar yang disediakan secara mudah dengan ansuran bulanan serendah RM30 sebulan,\u201d katanya.", "keyword": ["plus", "gb", "celcom", "telefon", "supreme", "internet", "30", "sasar", "gold", "video", "pelan", "platinum"], "summary": "KUALA LUMPUR 16 Ogos \u2013 Celcom Axiata Berhad (Celcom) menyasarkan peningkatan 30 peratus jumlah pelanggan pascabayar menerusi pengenalan dua produk pelan pascabayar terbaharu syarikat telekomunikasi berkenaan iaitu First Gold Supreme dan First Platinum Plus.\nKetua Pegawai Pemasaran Celcom, Zalman Aefendy Zainal Abidin berkata, Celcom mempunyai kira-kira 2.9 juta pelanggan pascabayar daripada keseluruhan 10.2 juta pelanggannya sehingga suku pertama 2017.\n\u201cFirst Platinum Plus pula ditawarkan pada harga RM188 untuk 100 GB internet setiap hari ditambah dengan 100 GB Video Walla percuma.\nKatanya, pelanggan yang mendaftar pelan Gold Plus, Gold Supreme, First Platinum atau First Platinum Plus bermula hari ini sehingga 30 September boleh memilih telefon pintar pilihan secara percuma.\n\u201cSelain itu, kami juga memperkenalkan program Celcom EasyPhone di mana pelanggan boleh memiliki peranti terbaharu daripada 30 pilihan telefon pintar yang disediakan secara mudah dengan ansuran bulanan serendah RM30 sebulan,\u201d katanya.", "news": "Utusan Malaysia", "date": "08-16-2017", "language": "ENGLISH"}, {"title": "Kempen keselamatan dalam talian aspirasi TN50 dilaksana", "url": "http://www.utusan.com.my/berita/nasional/kempen-keselamatan-dalam-talian-aspirasi-tn50-dilaksana-1.589177", "authors": [], "top-image": "http://www.utusan.com.my/polopoly_fs/1.589178!/image/image.jpg_gen/derivatives/landscape_650/image.jpg", "text": "KUALA LUMPUR 12 Jan. - Program kesedaran \u2018Parents Unite for Online Safety\u2019 merupakan aspirasi Transformasi Nasional 2050 (TN50) pertama dilaksanakan kerajaan dengan kerjasama syarikat korporat.\n\nMenteri Belia dan Sukan Khairy Jamaluddin berkata program dengan kerjasama Celcom Axiata Berhad merupakan kempen keselamatan dalam talian untuk generasi muda, dilaksanakan lebih awal walaupun TN50 hanya akan dilancarkan September ini.\n\n\u201cIa antara idea yang datang daripada dialog TN50 sejak tahun lepas. Ada banyak lagi tetapi Celcom yang pertama menyahut aspirasi ini untuk dilaksanakan sebelum pelancaran TN50 sendiri,\u201d katanya pada perasmian program \u2018Parents Unite for Online Safety\u2019 di Menara Celcom di sini.\n\nTurut hadir Ketua Pegawai Eksekutif Celcom Axiata Berhad, Michael Kuehner.\n\nMelalui program tersebut 175 Pusat Internet 1Malaysia (PI1M) di seluruh negara akan dilengkapi KidSafe, iaitu aplikasi penapisan Internet.\n\nProgram tersebut turut mendapat kerjasama pertubuhan bukan kerajaan, Brainy Bunch International Islamic Montessori, Protect and Save Children dan Kumpulan Wanita IKRAM.\n\nMaklumat lanjut mengenai program tersebut boleh didapati di www.celcom.com.my/personal/services/kidsafe.\n\nSementara itu, Khairy berkata terdapat beberapa lagi aspirasi janaan TN50 dengan kerjasama syarikat swasta dan syarikat berkaitan kerajaan akan diumum dalam masa dua hingga tiga minggu akan datang.\n\n\u201cIa akan dilaksanakan sebelum aspirasi belia TN50 dilancarkan awal bulan depan,\u201d katanya. \u2013 BERNAMA", "keyword": ["unite", "celcom", "parents", "talian", "aspirasi", "online", "dilaksanakan", "safety", "khairy", "kempen", "tn50", "dilaksana", "dilancarkan"], "summary": "KUALA LUMPUR 12 Jan. - Program kesedaran \u2018Parents Unite for Online Safety\u2019 merupakan aspirasi Transformasi Nasional 2050 (TN50) pertama dilaksanakan kerajaan dengan kerjasama syarikat korporat.\nMenteri Belia dan Sukan Khairy Jamaluddin berkata program dengan kerjasama Celcom Axiata Berhad merupakan kempen keselamatan dalam talian untuk generasi muda, dilaksanakan lebih awal walaupun TN50 hanya akan dilancarkan September ini.\nAda banyak lagi tetapi Celcom yang pertama menyahut aspirasi ini untuk dilaksanakan sebelum pelancaran TN50 sendiri,\u201d katanya pada perasmian program \u2018Parents Unite for Online Safety\u2019 di Menara Celcom di sini.\nSementara itu, Khairy berkata terdapat beberapa lagi aspirasi janaan TN50 dengan kerjasama syarikat swasta dan syarikat berkaitan kerajaan akan diumum dalam masa dua hingga tiga minggu akan datang.\n\u201cIa akan dilaksanakan sebelum aspirasi belia TN50 dilancarkan awal bulan depan,\u201d katanya.", "news": "Utusan Malaysia", "date": "01-11-2018", "language": "INDONESIA"}, {"title": "Celcom perkenal pelan EasyPhone baharu", "url": "http://www.utusan.com.my/bisnes/ekonomi/celcom-perkenal-pelan-easyphone-baharu-1.682009", "authors": ["Muhd. Shahizam Tazali"], "top-image": "http://www.utusan.com.my/polopoly_fs/1.682012!/image/image.jpeg_gen/derivatives/landscape_650/image.jpeg", "text": "KUALA LUMPUR 30 Mei - Celcom Axiata Berhad (Celcom) menawarkan kaedah yang fleksibel dan paling mudah untuk memiliki peranti terkini dengan penambahbaikan pada pelan EasyPhone.\n\nKetua Penetapan Harga dan Pemasaran Runcit Celcom, Zuwairi Zakaria berkata, melalui EasyPhone baharu para pelanggan boleh memiliki atau menyewa serta menaik taraf peranti mereka pada bila-bila masa.\n\nMenurut beliau, promosi berkenaan ditawarkan kepada semua pelanggan Celcom menerusi kempen #kitaboleh sempena Piala Dunia 2018 yang akan berlangsung tidak lama lagi.\n\n\u201cEasyPhone baharu menawarkan fleksibiliti untuk menaik taraf peranti serendah RM120. Selain itu, para pelanggan juga boleh memiliki atau menyewa telefon pintar dengan bayaran serendah RM35 sebulan.\n\n\u201cOrang ramai boleh mendapatkan peranti idaman mereka dengan pelan EasyPhone baharu bermula 1 Jun,\u201d katanya pada majlis pelancaran Celcom EasyPhone baharu di sini hari ini. - UTUSAN ONLINE", "keyword": ["serendah", "taraf", "perkenal", "peranti", "easyphone", "celcom", "menaik", "menyewa", "zakaria", "pelan", "zuwairi"], "summary": "KUALA LUMPUR 30 Mei - Celcom Axiata Berhad (Celcom) menawarkan kaedah yang fleksibel dan paling mudah untuk memiliki peranti terkini dengan penambahbaikan pada pelan EasyPhone.\nKetua Penetapan Harga dan Pemasaran Runcit Celcom, Zuwairi Zakaria berkata, melalui EasyPhone baharu para pelanggan boleh memiliki atau menyewa serta menaik taraf peranti mereka pada bila-bila masa.\nMenurut beliau, promosi berkenaan ditawarkan kepada semua pelanggan Celcom menerusi kempen #kitaboleh sempena Piala Dunia 2018 yang akan berlangsung tidak lama lagi.\n\u201cEasyPhone baharu menawarkan fleksibiliti untuk menaik taraf peranti serendah RM120.\n\u201cOrang ramai boleh mendapatkan peranti idaman mereka dengan pelan EasyPhone baharu bermula 1 Jun,\u201d katanya pada majlis pelancaran Celcom EasyPhone baharu di sini hari ini.", "news": "Utusan Malaysia", "date": "05-29-2018", "language": "INDONESIA"}, {"title": "Transformasi Celcom Blue Cube", "url": "http://www.utusan.com.my/bisnes/ekonomi/transformasi-celcom-blue-cube-1.563742", "authors": ["Akmyr Syahar Azwar"], "top-image": "http://www.utusan.com.my/polopoly_fs/1.563751!/image/image.jpg_gen/derivatives/landscape_650/image.jpg", "text": "KUALA LUMPUR 30 Nov. - Celcom Axiata Bhd. memperkenalkan reka bentuk baharu Celcom Blue Cube lengkap dengan suasana kelainan dalam usaha meningkatkan pengalaman pelanggan.\n\nKetua Pegawai Eksekutif Celcom, Michael Kuehner berkata, imej baharu itu menyediakan pengalaman runcit yang menarik dan selesa menggabungkan inovasi terkini serta moden.\n\n\u201cKami ingin mengubah cara pelanggan berhubung dengan jenama Celcom mengikut keselesaan seperti suasana sosial sebaik sahaja mereka melangkah masuk ke dalam premis.\n\n\u201cPerkhidmatan runcit yang cemerlang ini juga mencerminkan imej korporat syarikat, serta berpotensi untuk menjana hasil jualan,\u201d katanya ketika berucap memperkenalkan konsep baharu itu di sini hari ini. - UTUSAN ONLINE", "keyword": ["blue", "suasana", "transformasi", "runcit", "utusan", "terkini", "celcom", "pengalaman", "sosial", "selesa", "memperkenalkan", "cube", "imej"], "summary": "KUALA LUMPUR 30 Nov. - Celcom Axiata Bhd.\nmemperkenalkan reka bentuk baharu Celcom Blue Cube lengkap dengan suasana kelainan dalam usaha meningkatkan pengalaman pelanggan.\nKetua Pegawai Eksekutif Celcom, Michael Kuehner berkata, imej baharu itu menyediakan pengalaman runcit yang menarik dan selesa menggabungkan inovasi terkini serta moden.\n\u201cKami ingin mengubah cara pelanggan berhubung dengan jenama Celcom mengikut keselesaan seperti suasana sosial sebaik sahaja mereka melangkah masuk ke dalam premis.\n\u201cPerkhidmatan runcit yang cemerlang ini juga mencerminkan imej korporat syarikat, serta berpotensi untuk menjana hasil jualan,\u201d katanya ketika berucap memperkenalkan konsep baharu itu di sini hari ini.", "news": "Utusan Malaysia", "date": "11-29-2017", "language": "INDONESIA"}, {"title": "Persaingan sengit syarikat telekomunikasi pada 2016", "url": "http://www.utusan.com.my/bisnes/korporat/persaingan-sengit-syarikat-telekomunikasi-pada-2016-1.425507", "authors": [], "top-image": "http://www.utusan.com.my/polopoly_fs/1.425506!/image/image.jpg_gen/derivatives/landscape_650/image.jpg", "text": "KUALA LUMPUR 28 Dis \u2013 Tahun 2016 dapat dirumuskan sebagai tahun perang harga bagi syarikat telekomunikasi mudah alih, berikutan persaingan sengit dalam pasaran yang tepu mendorong mereka untuk mencari aliran pendapatan baharu bagi mengekalkan perniagaan pada masa depan.\n\nPenganalisis Kanan bagi Asia Pasifik Current Analysis Group, Alfie Amir berkata, syarikat telekomunikasi mudah alih menyaksikan aliran penurunan dalam perolehan dan hasil purata setiap pelanggan (ARPU) mereka, selain jumlah pelanggan.\n\nSehingga Oktober lalu, purata ARPU bagi syarikat telekomunikasi sebanyak RM41.50 berban\u00adding RM43.03 pada tahun lepas, dan dijangka terus merosot pada tahun depan dengan kadar pertumbuhan tahunan terkumpul sebanyak 2.6 peratus dari 2016 hingga 2021, katanya kepada Bernama.\n\nPerolehan mencapai paras ter\u00adtinggi 2013 dan lembap pada 2014 sebelum mula merosot 2015 dan tahun ini, ia dijangka merosot dengan lebih ketara.\n\nDari segi jumlah pelanggan, pengendali mudah alih mencatatkan 46 juta pelanggan pada 2015 dan jumlahnya dijangka susut kepada 44.9 juta tahun ini dan kepada 44.5 juta 2017, kata Alfie.\n\nSusulan persekitaran mencabar ini, syarikat telekomunikasi, iaitu tiga peserta utama - Maxis, Celcom dan Digi, menghadapi perang harga dan turut memberi lebih banyak nilai untuk menarik lebih ramai pelanggan terutamanya daripada pesaing mereka.\n\nDalam menangani perang harga, Maxis selain mengurangkan harga, memberi le\u00adbih penekanan kepada me\u00adningkatkan nilai produknya dan menekankan pengalaman pelanggan untuk menjadikannya produk premium berbanding pesaing, katanya.\n\n\u201cOleh yang demikian, mereka kehilangan bahagian pasaran pelanggan tetapi dari segi ARPU, mereka lebih stabil berikutan hanya kehilangan pelanggan bernilai rendah tetapi berjaya mengekalkan pelanggan bernilai tinggi berbanding pesaing,\u201d kata Alfie.\n\nMelihat kepada keputusan suku ketiga syarikat telekomunikasi tahun ini, seorang lagi penganalisis berkata, Maxis yang mengekalkan harga premiumnya dengan gabungan ARPU RM100, menunjukkan pemulihan de\u00adngan momentum untuk meraih pendapatan, mengatasi pesaing\u00adan dari segi margin.\n\nMelangkah ke 2017, Alfie berharap syarikat telekomunikasi akan menyedari bahawa perang harga tidak benar-benar berjaya di Malaysia dan hanya berkesan untuk segmen tertentu.\n\nBeliau berkata, syarikat te\u00adlekomunikasi perlu mencari ka\u00ade\u00addah baharu untuk relevan dalam pasaran dengan memanfaatkan penggunaan Internet of Things dan Analitis Data Raya (BDA).\n\nSementara itu, satu lagi perkara penting pada tahun ini adalah langkah mengejutkan yang di\u00adumumkan oleh Suruhanjaya Komunikasi dan Multimedia Malaysia pada Februari bahawa ia akan mengagihkan semula spektrum dua jalur lebar 900MHz dan 1800 MHz kepada empat pengendali iaitu Maxis, Celcom, Digi dan U Mobile.\n\nAlfie berkata, pengagihan semula spektrum itu akan mening\u00adkatkan lagi persaingan sengit sedia ada berikutan pengendali utama akan berada pada tahap persaingan yang adil.\n\nDalam langkah ini, Digi dan U Mobile akan mendapat lebih banyak akses kepada spektrum cekap perbelanjaan modal ini.\n\nAlfie berkata, fi spektrum yang dikenakan kepada syarikat te\u00adlekomunikasi dijangka menjejaskan jumlah perolehan perkhid\u00admatan mereka antara 10 dan 15 peratus daripada margin pendapatan.\n\n\u201cSyarikat telekomunikasi perlu mencari jalan untuk meng\u00adoptimumkan spektrum tersebut dengan menarik lebih ramai pe\u00adlanggan,\u201d katanya.\n\nMengenai masa depan, beliau menjangka 2017 akan menyaksikan persaingan dalam kalangan peserta selepas Telekom Malaysia Bhd. (TM) melancarkan cabang mudah alihnya, \u2018webe\u2019, yang sebelum ini dikenali sebagai Packet One Networks pada 30 September lalu.\n\n\u201cLangkah ini akan memboleh\u00adkan TM menyediakan perkhid\u00admatan talian tetap dan mudah alih. Sebelum webe, Maxis adalah satu-satunya peserta yang menawarkan perkhidmatan talian tetap dan mudah alih dan berkembang dengan perlahan dari segi inovasi kedua-dua perkhidmatan itu,\u201d katanya.\n\nCelcom turut mengambil bahagian selepas prapelancaran perkhid\u00admatan talian te\u00adtap\u00adnya pada awal tahun ini untuk pelanggan terpi\u00adlih dan dijangka memuktamad\u00adkan tawaran tersebut kepada pengguna pada tahun depan.- BERNAMA", "keyword": ["arpu", "persaingan", "talian", "pesaing", "sengit", "spektrum", "mengekalkan", "2016", "alih", "telekomunikasi", "maxis", "pengendali"], "summary": "KUALA LUMPUR 28 Dis \u2013 Tahun 2016 dapat dirumuskan sebagai tahun perang harga bagi syarikat telekomunikasi mudah alih, berikutan persaingan sengit dalam pasaran yang tepu mendorong mereka untuk mencari aliran pendapatan baharu bagi mengekalkan perniagaan pada masa depan.\nMelangkah ke 2017, Alfie berharap syarikat telekomunikasi akan menyedari bahawa perang harga tidak benar-benar berjaya di Malaysia dan hanya berkesan untuk segmen tertentu.\nAlfie berkata, pengagihan semula spektrum itu akan mening\u00adkatkan lagi persaingan sengit sedia ada berikutan pengendali utama akan berada pada tahap persaingan yang adil.\nAlfie berkata, fi spektrum yang dikenakan kepada syarikat te\u00adlekomunikasi dijangka menjejaskan jumlah perolehan perkhid\u00admatan mereka antara 10 dan 15 peratus daripada margin pendapatan.\n\u201cSyarikat telekomunikasi perlu mencari jalan untuk meng\u00adoptimumkan spektrum tersebut dengan menarik lebih ramai pe\u00adlanggan,\u201d katanya.", "news": "Utusan Malaysia", "date": "12-28-2016", "language": "INDONESIA"}, {"title": "Celcom sasar liputan 4G sehingga 85 peratus pada 2017", "url": "http://www.utusan.com.my/bisnes/ekonomi/celcom-sasar-liputan-4g-sehingga-85-peratus-pada-2017-1.487701", "authors": [], "top-image": "http://www.utusan.com.my/polopoly_fs/1.487699!/image/image.jpg_gen/derivatives/landscape_650/image.jpg", "text": "KUALA LUMPUR 30 Mei \u2013 Celcom Axiata Bhd. (Celcom) memper\u00aduntukkan perbelanjaan modal (capex) sebanyak RM1.5 bilion, lebih tinggi berbanding RM1.2 bilion pada tahun lalu.\n\nKetua Pegawai Kewangannya, Jennifer Wong berkata, sebanyak 70 peratus daripada peruntukan tersebut akan digunakan untuk pengembangan rangkaian sejajar dengan sasaran untuk mencapai liputan 4G sehingga 85 peratus menjelang hujung tahun ini.\n\nKatanya, pada suku pertama 2017, Celcom telah membelanjakan sebanyak RM167 juta daripada capex tersebut supaya pe\u00adlanggan terus mendapat liputan 4G secara meluas dan konsisten.\n\n\u201cSebelum ini, kami banyak memberi fokus kepada teknologi maklumat (IT) tetapi tahun ini ia lebih tertumpu kepada pengembangan rangkaian terutama untuk mencapai sasaran liputan 4G, 85 peratus berbanding sekarang 77 peratus.\n\n\u201cUntuk itu, Celcom secara agresif akan melabur dalam penambahbaikan rangkaian bagi menyokong pertumbuhan yang ketara dalam penggunaan data termasuk pelan tindakan untuk menguji teknologi pemprosesan berkapasiti 700 Megabait sesaat (Mbps) pada pertengahan tahun depan diikuti LTE Advanced Pro (Piawaian 4.5G dengan kapasiti pempro\u00adsesan 1 Gigabait sesaat (Gbps) pada pertengahan 2019,\u201d katanya.\n\nBeliau berkata demikian dalam sidang akhbar mengumumkan pres\u00adtasi Celcom bagi suku pertama 2017 di sini hari ini. Yang turut hadir, Ketua Pegawai Eksekutif Celcom, Michael Kuehner dan Timbalan Ketua Pegawai Eksekutif Celcom, Azwan Khan Osman Khan.\n\nBagi suku pertama berakhir 31 Mac 2017, keuntungan keseluruhan Celcom menurun 2.2 peratus kepada RM1.609 bilion berbanding RM1.646 bilion bagi tempoh sama tahun sebe\u00adlumnya.\n\nPerolehan data pula secara keseluruhan melonjak 29.8 peratus tahun ke tahun kepada RM661 juta, menyumbang 41 peratus kepada keuntungan syarikat.\n\nCelcom mengekalkan pendapatan sebelum faedah, cukai, susut nilai dan pelunasan (EBITDA) sebanyak RM587 juta manakala keuntungan selepas cukai, pelunasan dan kepenti\u00adngan mino\u00adriti (PATAMI) pada RM269 juta.\n\nUntuk tempoh berkenaan juga, Celcom mencatatkan sebanyak 10.2 juta pelanggan iaitu pe\u00adnu\u00adrunan berban\u00adding suku tahun terakhir 2016 dise\u00adbabkan oleh peng\u00aduncupan segmen prabayar yang mengalami tekanan pasaran dan dipengaruhi oleh jenama produk yang kurang ditonjolkan dan kekangan pengedaran, yang kini sedang ditangani oleh syarikat.\n\nSementara itu, Kuehner berkata, syarikat terus stabil dan me\u00adlaksanakan beberapa inisiatif untuk meningkatkan penguasaan pasaran menjelang hujung tahun ini walaupun berdepan cabaran pasaran yang kompetitif dan te\u00adrus menguncup.\n\nKatanya, transformasi penyusunan semula Celcom pada suku ketiga 2016 juga semakin menampakkan hasilnya dengan pelaksanaan beberapa inisiatif, antaranya pemacuan kos yang efisien dengan sasaran untuk mencapai kadar optimum yang bersesuaian dengan pasaran yang stabil.\n\n\u201cMalah, untuk tempoh beberapa bulan akan datang, terdapat perubahan terkini dalam usaha mentransformasikan cawangan-cawangan runcit kami kepada outlet dengan meningkatkan dan membina pengetahuan umum mengenai kehadiran kami secara dalam talian,\u201d katanya.", "keyword": ["pelunasan", "2017", "celcom", "4g", "liputan", "85", "rangkaian", "sasar", "sasaran", "pengembangan", "pemprosesan", "pertengahan"], "summary": "Ketua Pegawai Kewangannya, Jennifer Wong berkata, sebanyak 70 peratus daripada peruntukan tersebut akan digunakan untuk pengembangan rangkaian sejajar dengan sasaran untuk mencapai liputan 4G sehingga 85 peratus menjelang hujung tahun ini.\nKatanya, pada suku pertama 2017, Celcom telah membelanjakan sebanyak RM167 juta daripada capex tersebut supaya pe\u00adlanggan terus mendapat liputan 4G secara meluas dan konsisten.\n\u201cSebelum ini, kami banyak memberi fokus kepada teknologi maklumat (IT) tetapi tahun ini ia lebih tertumpu kepada pengembangan rangkaian terutama untuk mencapai sasaran liputan 4G, 85 peratus berbanding sekarang 77 peratus.\nBeliau berkata demikian dalam sidang akhbar mengumumkan pres\u00adtasi Celcom bagi suku pertama 2017 di sini hari ini.\nYang turut hadir, Ketua Pegawai Eksekutif Celcom, Michael Kuehner dan Timbalan Ketua Pegawai Eksekutif Celcom, Azwan Khan Osman Khan.", "news": "Utusan Malaysia", "date": "05-30-2017", "language": "INDONESIA"}, {"title": "Celcom Axiata labur RM100 juta", "url": "http://www.kosmo.com.my/niaga/celcom-axiata-labur-rm100-juta-1.819997", "authors": ["Haikal Raman"], "top-image": "http://www.kosmo.com.my/polopoly_fs/1.819996!/image/image.jpg_gen/derivatives/landscape_650/image.jpg", "text": "Celcom Axiata labur RM100 juta Bina pusat IoT dan infrastruktur dalam tempoh lima tahun akan datang\n\nIDHAM (dua dari kanan) bersama Jamaludin (kiri) dan Gobind (tiga dari kanan) pada majlis perasmian menara pejabat korporat Celcom Axiata di Petaling Jaya semalam.\n\nPETALING JAYA - Celcom Axiata Bhd. (Celcom Axiata) memperuntukkan pelaburan sebanyak RM100 juta bagi membangunkan Pusat Kecemerlangan Objek Rangkaian Internet (IoT) dan infrastruktur berkaitannya dalam tempoh lima tahun akan datang.\n\nKetua Pegawai Eksekutifnya, Idham Nawawi berkata, syarikat kini menuju ke arah pelaksanaan revolusi perindustrian 4.0 dengan disokong oleh pembangunan pusat kecemerlangan tersebut selain rangkaian, kandungan dan kajian serta pembangunan ekosistem di Malaysia.\n\n\u201cCelcom telah terlibat dalam forum IoT lebih lima tahun lalu. \u201cIa adalah seiring dengan pembangunan industri berkenaan di Malaysia.\n\n\u201cSehubungan itu, menerusi inisiatif tersebut diharapkan dapat memacu syarikat ke peringkat lebih baik.\n\n\u201cMalah, syarikat sentiasa memainkan peranan penting dan menjadi asas dalam membina negara dengan memiliki liputan rangkaian terluas di Malaysia, menghubungkan serta menyediakan kesamarataan dan kete\u00adrangkuman kepada kumpulan kurang mendapat perkhidmatan,\u201d katanya.\n\nBeliau berkata demikian pada sidang akhbar selepas majlis sambutan ulang tahun ke-31 Celcom dan pelancaran menara pejabat korporat baharunya, @celcom di sini semalam.\n\nMajlis tersebut telah disempurnakan oleh Menteri Komunikasi dan Multimedia, Datuk Go\u00adbind Singh Deo.\n\nTurut hadir Pengerusi Celcom Axiata, Tan Sri. Jamaludin Ibrahim.\n\nSelain itu, Idham menerangkan, pelancaran menara @celcom tersebut melambangkan 31 tahun syarikat bersama negara dalam memajukan masyarakat selain membuktikan kesediaan syarikat untuk menjadi peneraju dalam industri digital ini.\n\n\u201cMenara @celcom setinggi 31 tingkat dan mampu menempatkan seramai 1,700 kakitangan itu menawarkan persekitaran kerja yang moden, pintar dan berteknologi tinggi.\n\n\u201cIa juga merupakan rumah bagi Pusat Kecemerlangan IoT Kumpulan Axiata termasuk akademi baharu bagi The Aca\u00addemy @celcom dan akademi virtual Celcom iaitu sebagai hab inovasi digital yang tidak hanya untuk kumpulan sebaliknya bagi Malaysia dan serantau,\u201d ujarnya.", "keyword": ["celcom", "iot", "rm100", "pelancaran", "korporat", "rangkaian", "menara", "labur", "kecemerlangan", "axiata", "kanan"], "summary": "Celcom Axiata labur RM100 juta Bina pusat IoT dan infrastruktur dalam tempoh lima tahun akan datangIDHAM (dua dari kanan) bersama Jamaludin (kiri) dan Gobind (tiga dari kanan) pada majlis perasmian menara pejabat korporat Celcom Axiata di Petaling Jaya semalam.\nPETALING JAYA - Celcom Axiata Bhd.\n(Celcom Axiata) memperuntukkan pelaburan sebanyak RM100 juta bagi membangunkan Pusat Kecemerlangan Objek Rangkaian Internet (IoT) dan infrastruktur berkaitannya dalam tempoh lima tahun akan datang.\nBeliau berkata demikian pada sidang akhbar selepas majlis sambutan ulang tahun ke-31 Celcom dan pelancaran menara pejabat korporat baharunya, @celcom di sini semalam.\n\u201cMenara @celcom setinggi 31 tingkat dan mampu menempatkan seramai 1,700 kakitangan itu menawarkan persekitaran kerja yang moden, pintar dan berteknologi tinggi.", "news": "Kosmo!", "date": "01-10-2019", "language": "INDONESIA"}, {"title": "Pribumi Mall pasaran dalam talian jual produk Orang Asli Tasik Chini", "url": "http://www.utusan.com.my/berita/wilayah/pahang/pribumi-mall-pasaran-dalam-talian-jual-produk-orang-asli-tasik-chini-1.771317", "authors": ["Zamzurina Ahmad"], "top-image": "http://www.utusan.com.my/polopoly_fs/1.771318!/image/image.jpeg_gen/derivatives/landscape_650/image.jpeg", "text": "PEKAN 20 Okt. - Celcom Axiata Berhad mewujudkan portal jualan dalam talian, Pribumi Mall sebagai usaha memasarkan produk-produk masyarakat Orang Asli sekitar Tasik Chini sempena pelancaran Sri Gumum Cyber Cube di Pusat Penyelidikan Tasik Chini di sini.\n\nTimbalan Menteri Komunikasi dan Multimedia, Eddin Syazlee Shith berkata, pusat internet itu dibangunkan dengan kerjasama Universiti Kebangsaan Malaysia (UKM) yang salah satu peranannya adalah membangunkan produk Orang Asli berketurunan Jakun di pasaran digital.\n\n\u201cMelalui katalog \u2018Pribumi Mall yang boleh didapati di portal DesaMall kira-kira 30 produk yang dihasilkan masyarakat di sekitar Tasik Chini seperti sumpit, beg mengkuang dan akar kayu dijual.\n\n\u201cSri Gumum Cyber Cube itu juga turut dilengkapi komputer dan kemudahan internet 4G turut menyediakan latihan bagi memperkasakan Orang Asli terutama usahawan dalam talian,\u201d kata beliau.\n\nBeliau berkata demikian kepada pemberita selepas Pelancaran Sri Gumum Cyber Cube dan Penanaman Semula Pokok di Tasik Chini Rozab Biosfera Unisco sempena Program Khidmat Masyarakat Bersama Orang Asli Jakun anjuran Celcom Axiata Berhad di sini hari ini.\n\nSebanyak 1,000 pokok ditanam di sekitar tasik berkenaan sempena program tersebut.\n\nYang turut hadir ialah Timbalan Naib Canselor (Hal Ehwal Penyelidikan dan Inovasi )UKM, Profesor Dr. Mohd. Ekhwan Toriman; Ketua Pegawai Korporat Celcom Axiata Berhad, Zuraida Jamaluddin. UTUSAN ONLINE", "keyword": ["gumum", "sempena", "asli", "pribumi", "celcom", "talian", "chini", "tasik", "cyber", "mall", "cube", "berhad", "axiata"], "summary": "- Celcom Axiata Berhad mewujudkan portal jualan dalam talian, Pribumi Mall sebagai usaha memasarkan produk-produk masyarakat Orang Asli sekitar Tasik Chini sempena pelancaran Sri Gumum Cyber Cube di Pusat Penyelidikan Tasik Chini di sini.\n\u201cMelalui katalog \u2018Pribumi Mall yang boleh didapati di portal DesaMall kira-kira 30 produk yang dihasilkan masyarakat di sekitar Tasik Chini seperti sumpit, beg mengkuang dan akar kayu dijual.\n\u201cSri Gumum Cyber Cube itu juga turut dilengkapi komputer dan kemudahan internet 4G turut menyediakan latihan bagi memperkasakan Orang Asli terutama usahawan dalam talian,\u201d kata beliau.\nBeliau berkata demikian kepada pemberita selepas Pelancaran Sri Gumum Cyber Cube dan Penanaman Semula Pokok di Tasik Chini Rozab Biosfera Unisco sempena Program Khidmat Masyarakat Bersama Orang Asli Jakun anjuran Celcom Axiata Berhad di sini hari ini.\nEkhwan Toriman; Ketua Pegawai Korporat Celcom Axiata Berhad, Zuraida Jamaluddin.", "news": "Utusan Malaysia", "date": "10-19-2018", "language": "INDONESIA"}, {"title": "Aplikasi Yoodo dilancar", "url": "http://www.utusan.com.my/bisnes/korporat/aplikasi-yoodo-dilancar-1.601546", "authors": ["Akmyr Syahar Azwar"], "top-image": "http://www.utusan.com.my/polopoly_fs/1.601545!/image/image.jpg_gen/derivatives/landscape_650/image.jpg", "text": "KUALA LUMPUR 1 Feb. - Jenama perkhidmatan tele\u00adkomunikasi mudah alih baharu, Yoodo menyasarkan sebanyak 200,000 langganan menjelang hujung tahun ini, susulan pelancarannya hari ini.\n\nKetua Yoodo, Farid Yunus berkata, untuk mencapai sasaran berkenaan, Yoodo perlu mendapatkan sekurang-kurangnya 600 pengaktifan baharu setiap hari bermula Selasa lalu.\n\n\u201cBerdasarkan kepada kaji selidik yang dijalankan, kami mendapati terdapat seramai lima juta rakyat Malaysia yang kerap membeli-belah dalam talian, ini adalah pasaran sasaran utama kami.\n\n\u201cKami tidak merancang untuk mengambil alih dunia, tetapi lebih kepada pengalaman pelanggan. Sasaran hanya sederhana, kami tidak mahu terlalu bercita-cita tinggi,\u201d katanya pada majlis pelancaran Yoodo di sini kelmarin.\n\nYang turut hadir, Timbalan Ketua Pegawai Eksekutif Operasi Perniagaan Celcom Axiata Bhd. (Celcom), Azwan Khan Osman Khan.\n\nMenurut Farid, Yoodo memberikan kebebasan kepada pengguna untuk memilih dan mengawal pelan mudah alih mereka, dan boleh diubah suai mengikut keperluan, tanpa gimik, caj tersembunyi atau komitmen.\n\n\u201cBerbeza dengan pembekal lain, buat pertama kalinya, Yoodo menawarkan pakej panggilan, data, mesej dan kandungan boleh diubah suai mengikut keperluan pengguna dengan lebih kurang 1,000 kombinasi unik.\n\n\u201cIa memberikan kebebasan penuh kepada pelanggan untuk mengubah, menambah atau mengurangkan kuota pakej mereka pada bila-bila masa menerusi aplikasi Yoodo,\u201d ujarnya.\n\nFarid memberitahu, pengguna boleh menempah kad SIM percuma melalui aplikasi atau laman web Yoodo dan selepas itu, mereka boleh mengubah suai pelan mudah alih mengikut kehendak masing-masing.\n\nYoodo merupakan perkhidmatan bebas yang dimiliki dan dikendalikan oleh Celcom.", "keyword": ["keperluan", "aplikasi", "celcom", "pakej", "suai", "kebebasan", "alih", "sasaran", "dilancar", "mengubah", "pelan", "yoodo"], "summary": "KUALA LUMPUR 1 Feb. - Jenama perkhidmatan tele\u00adkomunikasi mudah alih baharu, Yoodo menyasarkan sebanyak 200,000 langganan menjelang hujung tahun ini, susulan pelancarannya hari ini.\nKetua Yoodo, Farid Yunus berkata, untuk mencapai sasaran berkenaan, Yoodo perlu mendapatkan sekurang-kurangnya 600 pengaktifan baharu setiap hari bermula Selasa lalu.\nMenurut Farid, Yoodo memberikan kebebasan kepada pengguna untuk memilih dan mengawal pelan mudah alih mereka, dan boleh diubah suai mengikut keperluan, tanpa gimik, caj tersembunyi atau komitmen.\n\u201cIa memberikan kebebasan penuh kepada pelanggan untuk mengubah, menambah atau mengurangkan kuota pakej mereka pada bila-bila masa menerusi aplikasi Yoodo,\u201d ujarnya.\nFarid memberitahu, pengguna boleh menempah kad SIM percuma melalui aplikasi atau laman web Yoodo dan selepas itu, mereka boleh mengubah suai pelan mudah alih mengikut kehendak masing-masing.", "news": "Utusan Malaysia", "date": "02-01-2018", "language": "INDONESIA"}, {"title": "Xpax lancar pelan internet diperbaharui", "url": "http://www.utusan.com.my/bisnes/ekonomi/xpax-lancar-pelan-internet-diperbaharui-1.651898", "authors": ["Nabila Yasmin Razib"], "top-image": "http://www.utusan.com.my/polopoly_fs/1.651902!/image/image.jpg_gen/derivatives/landscape_650/image.jpg", "text": "KUALA LUMPUR 18 April - Celcom melancarkan pelan internet Xpax yang diperbaharui dengan pilihan pelan pascabayar atau prabayar bagi pengguna berusia 25 tahun.\n\nTimbalan Ketua Pegawai Eksekutif Celcom Axiata Bhd., Azwan Khan Osman Khan berkata, pelancaran pelan dengan tema Xactly You itu menawarkan 50 peratus lebih banyak internet untuk semua pelan internet bulanan.\n\nKatanya, pek permulaan Xpax ditawarkan pada harga RM10 dengan internet asas 10GB percuma, kredit prabayar bernilai RM6 dan bonus internet pengaktifan sebanyak 300MB dengab tempoh sah selama lima hari.\n\n\u201cBagi pascabayar internet bulanan Xpax Youth, dua pelan ditawarkan iaitu RM50 dengan 15GB internet dan RM79 dengan 22.5GB internet,\u201d katanya pada majlis pelancaran Xpax di sini hari ini. -UTUSAN ONLINE", "keyword": ["khan", "prabayar", "youth", "celcom", "internet", "xpax", "pelancaran", "pascabayar", "ditawarkan", "pelan", "diperbaharui", "lancar"], "summary": "KUALA LUMPUR 18 April - Celcom melancarkan pelan internet Xpax yang diperbaharui dengan pilihan pelan pascabayar atau prabayar bagi pengguna berusia 25 tahun.\nTimbalan Ketua Pegawai Eksekutif Celcom Axiata Bhd., Azwan Khan Osman Khan berkata, pelancaran pelan dengan tema Xactly You itu menawarkan 50 peratus lebih banyak internet untuk semua pelan internet bulanan.\nKatanya, pek permulaan Xpax ditawarkan pada harga RM10 dengan internet asas 10GB percuma, kredit prabayar bernilai RM6 dan bonus internet pengaktifan sebanyak 300MB dengab tempoh sah selama lima hari.\n\u201cBagi pascabayar internet bulanan Xpax Youth, dua pelan ditawarkan iaitu RM50 dengan 15GB internet dan RM79 dengan 22.5GB internet,\u201d katanya pada majlis pelancaran Xpax di sini hari ini.\n-UTUSAN ONLINE", "news": "Utusan Malaysia", "date": "04-17-2018", "language": "INDONESIA"}, {"title": "TM beri kontrak 4G MOCN kepada Celcom", "url": "https://www.sinarharian.com.my/article/14359/BISNES/TM-beri-kontrak-4G-MOCN-kepada-Celcom", "authors": [], "top-image": "https://www.sinarharian.com.my/uploads/images/2019/02/22/196866.jpg", "text": "A post shared by unifi (@unifi) on Feb 21, 2019 at 3:57am PST", "keyword": ["post", "mocn", "21", "357am", "celcom", "shared", "2019", "4g", "pst", "tm", "unifi"], "summary": "A post shared by unifi (@unifi) on Feb 21, 2019 at 3:57am PST", "news": "Sinarharian", "date": "02-21-2019", "language": "ENGLISH"}, {"title": "Tawar jalur lebar lebih murah", "url": "http://www.utusan.com.my/bisnes/korporat/tawar-jalur-lebar-lebih-murah-1.679090", "authors": ["Nabila Yasmin Razib"], "top-image": "http://www.utusan.com.my/polopoly_fs/1.679088!/image/image.jpg_gen/derivatives/landscape_650/image.jpg", "text": "KUALA LUMPUR 24 Mei - Celcom Axiata Bhd. (Celcom) sedia bekerjasama dengan kerajaan dan Kementerian Komunikasi dan Multimedia bagi menawarkan jalur lebar berkelajuan tinggi pada harga yang lebih rendah.\n\nTimbalan Ketua Pegawai Eksekutif Operasi Perniagaan Celcom, Azwan Khan Osman Khan berkata, sejak beberapa tahun kebelakangan ini, Celcom komited menawarkan internet berkelajuan tinggi menerusi penawaran produk dan perkhidmatannya.\n\n\u201cJika anda telah mengikuti kami selama tiga hingga empat tahun yang lalu anda pasti dapat melihat bahawa semua pelaburan yang dibuat Celcom adalah bagi menaik taraf mutu kualiti dan kelajuan liputan perkhidmatan dari 3G ke 4G dan kemudiannya ke evolusi jangka panjang 4G (LTE).\n\n\u201cMalah Celcom merupakan syarikat telekomunikasi pertama di Asia Tenggara yang berjaya melakukan percubaan rangkaian 5G walaupun kami tidak mempunyai rancangan untuk melancarkannya.\n\n\u201cJadi kami komited sepenuhnya untuk meningkatkan kelajuan pada harga yang kekal berpatutan dan kami berharap untuk terlibat dengan menteri serta kementerian baharu ini untuk melihat apa yang dapat kami dapat lakukan untuk menyokong visi kerajaan,\u201d katanya kepada pemberita pada sesi taklimat prestasi kewangan suku pertama Celcom di sini hari ini.\n\nYang turut hadir, Ketua Pegawai Eksekutif Celcom, Michael Kuehner; Ketua Pegawai Digital Celcom, Dave Morrow dan Ke\u00adtua Pegawai Kewangan Celcom, Jennifer Wong.\n\nSemalam, Menteri Komunikasi dan Multimedia, Gobind Singh Deo berjanji untuk berusaha ke arah mencapai sambu\u00adngan jalur lebar dua kali ganda kelajuan pada separuh harga untuk rakyat.\n\nBeliau berkata, orang ramai te\u00adlah mengadu tentang kualiti jalur lebar di Malaysia yang jauh lebih rendah dari negara maju yang lain.\n\nKatanya, beliau akan melihat pelbagai aspek termasuk masalah yang dihadapi oleh syarikat telekomunikasi dan mencari penyelesaian untuk meningkatkan kualiti perkhidmatan jalur lebar di negara ini.\n\nPakatan Harapan dalam manifestonya sebelum ini turut berjanji akan menurunkan kos internet jalur lebar ke paras separuh dari sekarang dan pada masa yang sama mempertingkat kelajuannya sebanyak dua kali ganda.\n\nSementara itu, pada suku pertama 2018 menyaksikan Celcom mencatat hasil keseluruhan berjumlah RM1.636 bilion, pe\u00adningkatan sebanyak 2.3 peratus berbanding suku pertama tahun sebelumnya.\n\nHasil perkhidmatan pula meningkat dua peratus tahun ke tahun kepada RM1.504 bilion, lebih baik berbanding pertumbuhan Industri.\n\nSyarikat telekomunikasi itu juga merekodkan pendapatan sebelum cukai, faedah, susut nilai dan pelunasan (EBITDA) sebanyak RM518 juta, manakala keuntungan selepas cukai dan kepen\u00adtingan minoriti bagi suku pertama 2018 berjumlah RM187 juta.", "keyword": ["kualiti", "tawar", "kelajuan", "khan", "multimedia", "celcom", "separuh", "murah", "komited", "telekomunikasi", "lebar", "komunikasi"], "summary": "(Celcom) sedia bekerjasama dengan kerajaan dan Kementerian Komunikasi dan Multimedia bagi menawarkan jalur lebar berkelajuan tinggi pada harga yang lebih rendah.\nTimbalan Ketua Pegawai Eksekutif Operasi Perniagaan Celcom, Azwan Khan Osman Khan berkata, sejak beberapa tahun kebelakangan ini, Celcom komited menawarkan internet berkelajuan tinggi menerusi penawaran produk dan perkhidmatannya.\nSemalam, Menteri Komunikasi dan Multimedia, Gobind Singh Deo berjanji untuk berusaha ke arah mencapai sambu\u00adngan jalur lebar dua kali ganda kelajuan pada separuh harga untuk rakyat.\nBeliau berkata, orang ramai te\u00adlah mengadu tentang kualiti jalur lebar di Malaysia yang jauh lebih rendah dari negara maju yang lain.\nKatanya, beliau akan melihat pelbagai aspek termasuk masalah yang dihadapi oleh syarikat telekomunikasi dan mencari penyelesaian untuk meningkatkan kualiti perkhidmatan jalur lebar di negara ini.", "news": "Utusan Malaysia", "date": "05-24-2018", "language": "INDONESIA"}, {"title": "Ejen Maya Pintar Celcom diperkenal", "url": "http://www.utusan.com.my/bisnes/korporat/ejen-maya-pintar-celcom-diperkenal-1.683751", "authors": ["Muhd. Shahizam Tazali"], "top-image": "http://www.utusan.com.my/polopoly_fs/1.683750!/image/image.jpg_gen/derivatives/landscape_650/image.jpg", "text": "KUALA LUMPUR 1 Jun - Celcom Axiata Berhad (Celcom) memperkenalkan per\u00adkhidmatan Ejen Maya Pintar yang menampilkan dua karakter iaitu Clive dan Emma yang akan menjawab segala pertanyaan serta melakukan transaksi harian daripada para pelanggan.\n\nKetua Pegawai Khidmat Pelanggan dan Pengalaman Celcom, Rene Werner berkata, perkhidmatan tersebut menggabungkan kecanggihan kepintaran buatan (AI) dan teknologi pembelajaran mesin (machine learning) untuk melahirkan dua karakter dengan persona\u00adliti tersendiri.\n\nJelas beliau, kombinasi tekno\u00adlogi dan personaliti berkenaan adalah yang pertama di Asia.\n\n\u201cEjen Maya Pintar merupakan kerjasama antara Celcom dan Microsoft dengan jumlah pelaburan pada peringkat awal melebihi RM1 juta dan akan bertambah susulan keperluan untuk menjadikan kandungan dan operasi yang lebih baik dan lancar.\n\n\u201cBuat masa ini Clive dan Emma hanya menggunakan Bahasa Inggeris kerana pembangunan sistem itu menggunakan bahasa berke\u00adnaan. Bahasa Malaysia akan menyusul kemudian memandang\u00adkan 70 peratus hingga 80 peratus pe\u00adlanggan kami menggunakan bahasa kebangsaan,\u201d katanya dalam majlis pelancaran perkhidmatan Ejen Maya Pintar Celcom di sini hari ini.\n\nYang turut hadir, Ketua Pegawai Eksekutif Celcom, Michael Kuehner, Pengarah Urusan Microsoft Malaysia Sdn. Bhd., K. Raman; Pengarah Tadbir Urus Pengalaman Pelanggan Celcom, Chew Su Fong; Pengurus Besar Perkhidmatan Microsoft Malaysia Sdn. Bhd., Andrew Lau dan Pengurus Besar Perusahaan Komersial Microsoft Malaysia Sdn. Bhd., L. Thiyagu.\n\nTerdahulu, Celcom yang diwakili oleh Kuehner dan Raman bagi pihak Microsoft Malaysia menandatangani perjanjian memorandum persefahaman (MoU) untuk menjalin kerjasama strategik dalam empat teras utama iaitu penggunaan teknologi baharu, pemasaran bersama bagi perusahaan kecil dan sederhana (PKS), penyelesaian tempat kerja moden dan aktiviti merekrut bersama.\n\nTambah Werner, AI merupakan antara perkara terpenting yang sedang dibangunkan manusia dan mempunyai pelbagai potensi untuk pelbagai kaedah pada masa depan.\n\nKatanya, Clive dan Emma diintegrasikan dengan Language Understanding Intelligent Service (LUIS) Microsoft dan menggunakan teknologi pembelajaran yang diperkukuh bagi kemas kini dan penambahbaikan secara berterusan.\n\n\u201cIa akan menghasilkan pengalaman perbualan yang lebih semula jadi berbanding interaksi biasa yang statik dan berpandukan skrip sedia ada. Clive dan Emma berperanan untuk memberi maklum balas kepada transaksi harian pe\u00adlanggan antaranya prabayar, pascabayar, soalan lazim, perayauan data dan suara serta perbualan ringan dengan karakter,\u201d ujarnya.", "keyword": ["pintar", "werner", "celcom", "microsoft", "pengalaman", "maya", "diperkenal", "ejen", "karakter", "clive", "emma", "transaksi"], "summary": "KUALA LUMPUR 1 Jun - Celcom Axiata Berhad (Celcom) memperkenalkan per\u00adkhidmatan Ejen Maya Pintar yang menampilkan dua karakter iaitu Clive dan Emma yang akan menjawab segala pertanyaan serta melakukan transaksi harian daripada para pelanggan.\nKetua Pegawai Khidmat Pelanggan dan Pengalaman Celcom, Rene Werner berkata, perkhidmatan tersebut menggabungkan kecanggihan kepintaran buatan (AI) dan teknologi pembelajaran mesin (machine learning) untuk melahirkan dua karakter dengan persona\u00adliti tersendiri.\n\u201cEjen Maya Pintar merupakan kerjasama antara Celcom dan Microsoft dengan jumlah pelaburan pada peringkat awal melebihi RM1 juta dan akan bertambah susulan keperluan untuk menjadikan kandungan dan operasi yang lebih baik dan lancar.\nBahasa Malaysia akan menyusul kemudian memandang\u00adkan 70 peratus hingga 80 peratus pe\u00adlanggan kami menggunakan bahasa kebangsaan,\u201d katanya dalam majlis pelancaran perkhidmatan Ejen Maya Pintar Celcom di sini hari ini.\nBhd., K. Raman; Pengarah Tadbir Urus Pengalaman Pelanggan Celcom, Chew Su Fong; Pengurus Besar Perkhidmatan Microsoft Malaysia Sdn.", "news": "Utusan Malaysia", "date": "06-01-2018", "language": "INDONESIA"}, {"title": "Celcom tawar EasyPhone serendah RM74 sebulan", "url": "http://www.utusan.com.my/bisnes/ekonomi/celcom-tawar-easyphone-serendah-rm74-sebulan-1.520794", "authors": ["Zunaidah Zainon"], "top-image": "http://www.utusan.com.my/polopoly_fs/1.520792!/image/image.jpg_gen/derivatives/landscape_650/image.jpg", "text": "KUALA LUMPUR 29 Ogos - Celcom Xpax menawarkan Easy\u00adPhone untuk pelanggan prabayar dengan pelbagai tele\u00adfon pintar melalui skim ansuran 24 bulan pada harga se\u00adrendah RM74 sebulan.\n\nKetua Pegawai Pemasaran Celcom Axiata Berhad, Zalman Aefendy Zainal Abidin berkata, EasyPhone adalah prabayar eksklusif dan pertama seumpamanya dalam pasaran yang membolehkan pemilikan mudah telefon pintar.\n\nKatanya, EasyPhone untuk prabayar adalah unik kerana menawarkan pilihan untuk lebih daripada 30 siri model terkini Samsung, Huawei, Oppo, Xiaomi, iPhone 6 dan iPhone 7.\n\n\u201cSebelum ini, pelan ansuran ini hanya dapat dinikmati pengguna pascabayar, namun kini Celcom menjadi yang pertama dalam memperkenalkan pelan ansuran pembelian telefon pintar kepada pengguna prabayar.\n\n\u201cMalah, kerjasama dengan AEON Credit Service (M) Berhad, EasyPhone untuk prabayar adalah perintis bagi pelan pembiayaan ansuran telefon pintar yang menyediakan pengalaman terbaik kepada pengguna,\u201d katanya selepas me\u00adlancarkan Celcom Xpax EasyPhone di sini hari ini.\n\nEasyPhone memudahkan pengguna memiliki telefon pintar tanpa kad kredit atau bayaran pendahuluan.\n\nSelain itu, dengan setiap pendaftaran EasyPhone untuk prabayar, pengguna akan menikmati masa berbual bernilai RM30 yang disertakan sebagai sebahagian da\u00adripada jumlah ansuran bulanan selama 24 bulan.\n\nMenurut Zalman Aefendy, me\u00adlalui tawaran tersebut, pengguna boleh memperolehinya melalui portal aplikasi digital atau ber\u00adkunjung ke cawangan Blue Cube untuk mendaftar.\n\n\u201cKami mahu pengguna menikmati pengalaman digital terbaik yang dipacu oleh rangkaian Lightning Fast LTE Celcom,\u201d katanya.", "keyword": ["serendah", "tawar", "prabayar", "pintar", "easyphone", "celcom", "telefon", "pengalaman", "rm74", "xpax", "sebulan", "zalman", "ansuran", "pelan"], "summary": "KUALA LUMPUR 29 Ogos - Celcom Xpax menawarkan Easy\u00adPhone untuk pelanggan prabayar dengan pelbagai tele\u00adfon pintar melalui skim ansuran 24 bulan pada harga se\u00adrendah RM74 sebulan.\nKetua Pegawai Pemasaran Celcom Axiata Berhad, Zalman Aefendy Zainal Abidin berkata, EasyPhone adalah prabayar eksklusif dan pertama seumpamanya dalam pasaran yang membolehkan pemilikan mudah telefon pintar.\n\u201cSebelum ini, pelan ansuran ini hanya dapat dinikmati pengguna pascabayar, namun kini Celcom menjadi yang pertama dalam memperkenalkan pelan ansuran pembelian telefon pintar kepada pengguna prabayar.\n\u201cMalah, kerjasama dengan AEON Credit Service (M) Berhad, EasyPhone untuk prabayar adalah perintis bagi pelan pembiayaan ansuran telefon pintar yang menyediakan pengalaman terbaik kepada pengguna,\u201d katanya selepas me\u00adlancarkan Celcom Xpax EasyPhone di sini hari ini.\nEasyPhone memudahkan pengguna memiliki telefon pintar tanpa kad kredit atau bayaran pendahuluan.", "news": "Utusan Malaysia", "date": "08-29-2017", "language": "INDONESIA"}, {"title": "", "url": "https://www.bharian.com.my/berita/nasional/2018/02/392021/penjajaran-semula-pendidikan-pada-pasca-pru14-pm", "authors": [], "top-image": "", "text": "", "keyword": [], "summary": "", "news": "Berita Harian", "date": "02-23-2018", "language": "INDONESIA"}, {"title": "22,200 terima manfaat tuisyen Mara", "url": "http://www.utusan.com.my/berita/wilayah/pahang/22-200-terima-manfaat-tuisyen-mara-1.751572", "authors": ["Abdul Rashid", "Abdul Rahman"], "top-image": "http://www.utusan.com.my/polopoly_fs/1.751571!/image/image.jpg_gen/derivatives/landscape_650/image.jpg", "text": "BERA 20 Sept. - Yayasan Pelajaran Mara (YPM) terus komited membantu pelajar mendapat bimbingan tambahan dalam pelajaran dengan meneruskan program Tuisyen Mara tahun ini melibatkan seramai kira-kira 22,200 orang di seluruh negara.\n\nKetua Seksyen Transformasi Kecemerlangan Pelajar YPM, Isa Chik berkata, penyertaan pelajar yang terus meningkat itu menyaksikan tuisyen yang mula diadakan pada 2013 berkenaan diperluaskan ke semua 222 Parlimen pada tahun ini.\n\n\u201cProgram ini mencapai kejayaan apabila dapat membantu meningkatkan prestasi dan mutu pelajaran pelajar di seluruh negara dengan jumlah ke\u00adseluruhan pelajar yang mengikuti program ini sejak 2016 ialah seramai 30,335 orang meliputi 12,989 pelajar bagi tahun 2016 dan 17,346 orang tahun lalu.\n\n\u201cTahun ini, jumlah penyertaan pelajar meningkat apabila ia dilaksanakan di seluruh kawasan Parlimen melibatkan 111 pusat Ujian Pencapaian Sekolah Rendah (UPSR) dan 111 pusat untuk tuisyen Sijil Pelajaran Malaysia (SPM),\u201d katanya dalam majlis perasmian Tuisyen Mara 2018 di Sekolah Menengah Kebangsaan (SMK) Seri Bera, di sini hari ini.\n\nYang turut hadir, Pegawai Pendidikan daerah, Baharum Samat dan Pengurus Jualan Kawasan Pahang Celcom Axiata Bhd., Mohammad Rafiq Ramli.\n\nIsa berkata, program tuisyen yang bermula Februari lalu, melibatkan empat subjek teras iaitu Bahasa Melayu, Bahasa Inggeris, Matematik dan Sains.\n\nKatanya, program yang meliputi 10 pertemuan sepanjang tahun itu mendatangkan manfaat dengan pelbagai bimbingan oleh guru berpengalaman.\n\nDalam pada itu, beliau berkata, selain RM4.3 juta yang diperuntukkan YPM dalam program tersebut, pihaknya turut me\u00adnerima sumbangan Celcom Axiata Bhd. kira-kira RM1 juta.\n\n\u2018Dengan nilai sumbangan besar ini, Celcom menaja 29 pusat tuisyen di seluruh negara pada tahun ini berbanding hanya dua pada tahun lalu,\u201d katanya.", "keyword": ["terima", "penyertaan", "22200", "pelajaran", "manfaat", "ypm", "celcom", "seramai", "tuisyen", "melibatkan", "sumbangan", "pelajar", "mara"], "summary": "BERA 20 Sept. - Yayasan Pelajaran Mara (YPM) terus komited membantu pelajar mendapat bimbingan tambahan dalam pelajaran dengan meneruskan program Tuisyen Mara tahun ini melibatkan seramai kira-kira 22,200 orang di seluruh negara.\nKetua Seksyen Transformasi Kecemerlangan Pelajar YPM, Isa Chik berkata, penyertaan pelajar yang terus meningkat itu menyaksikan tuisyen yang mula diadakan pada 2013 berkenaan diperluaskan ke semua 222 Parlimen pada tahun ini.\nIsa berkata, program tuisyen yang bermula Februari lalu, melibatkan empat subjek teras iaitu Bahasa Melayu, Bahasa Inggeris, Matematik dan Sains.\nDalam pada itu, beliau berkata, selain RM4.3 juta yang diperuntukkan YPM dalam program tersebut, pihaknya turut me\u00adnerima sumbangan Celcom Axiata Bhd.\n\u2018Dengan nilai sumbangan besar ini, Celcom menaja 29 pusat tuisyen di seluruh negara pada tahun ini berbanding hanya dua pada tahun lalu,\u201d katanya.", "news": "Utusan Malaysia", "date": "09-20-2018", "language": "INDONESIA"}, {"title": "Teknologi tanpa wayar: Kerajaan kaji beberapa polisi", "url": "http://www.utusan.com.my/berita/nasional/teknologi-tanpa-wayar-kerajaan-kaji-beberapa-polisi-1.819778", "authors": ["C. Sheila Rani"], "top-image": "http://www.utusan.com.my/polopoly_fs/1.755157!/image/image.jpg_gen/derivatives/landscape_650/image.jpg", "text": "KUALA LUMPUR 10 Jan. - Kementerian Komunikasi dan Multimedia sedang mengkaji polisi-polisi berkaitan khususnya melibatkan spektrum dan struktur industri dalam usaha memperluaskan teknologi tanpa wayar di negara ini.\n\nMenterinya, Gobind Singh Deo berkata, langkah itu selaras dengan usaha kerajaan untuk menjadikan Malaysia sebagai negara digital.\n\n\"Teknologi tanpa wayar adalah penting dalam mencapai objektif ini dan untuk itu, kementerian saya sedang meneliti beberapa polisi yang berkaitan.\n\n\"Tindakan ini juga secara tidak langsung dapat mewujudkan sebuah industri yang mampan selain situasi menang-menang bagi rakyat, kerajaan dan operator,\" katanya dalam Majlis Pelancaran Ibu Pejabat Celcom baharu, @celcom, di sini hari ini.\n\nYang turut hadir, Pengerusi Celcom Axiata Berhad, Tan Sri Jamaludin Ibrahim dan Ketua Pegawai Eksekutif Celcom Axiata Berhad, Idham Nawawi. - UTUSAN ONLINE", "keyword": ["struktur", "utusan", "celcom", "wayar", "spektrum", "situasi", "kaji", "berhad", "singh", "axiata", "selaras"], "summary": "KUALA LUMPUR 10 Jan. - Kementerian Komunikasi dan Multimedia sedang mengkaji polisi-polisi berkaitan khususnya melibatkan spektrum dan struktur industri dalam usaha memperluaskan teknologi tanpa wayar di negara ini.\nMenterinya, Gobind Singh Deo berkata, langkah itu selaras dengan usaha kerajaan untuk menjadikan Malaysia sebagai negara digital.\n\"Teknologi tanpa wayar adalah penting dalam mencapai objektif ini dan untuk itu, kementerian saya sedang meneliti beberapa polisi yang berkaitan.\nYang turut hadir, Pengerusi Celcom Axiata Berhad, Tan Sri Jamaludin Ibrahim dan Ketua Pegawai Eksekutif Celcom Axiata Berhad, Idham Nawawi.\n- UTUSAN ONLINE", "news": "Utusan Malaysia", "date": "01-10-2019", "language": "INDONESIA"}, {"title": "Celcom tawar iPhone X bermula RM138 sebulan", "url": "http://www.utusan.com.my/bisnes/korporat/celcom-tawar-iphone-x-bermula-rm138-sebulan-1.560087", "authors": ["Nabila Yasmin Razib Pix"], "top-image": "http://www.utusan.com.my/polopoly_fs/1.560086!/image/image.jpg_gen/derivatives/landscape_650/image.jpg", "text": "KUALA LUMPUR 24 Nov. \u2013 Celcom Axiata Bhd. (Celcom) mengumumkan model baharu iPhone X kini boleh didapati di semua cawangan Celcom dan Blue Cubes di seluruh negara bermula hari ini pada harga serendah RM138 sebulan.\n\nTimbalan Ketua Pegawai Eksekutif Celcom, Azwan Khan Osman berkata, Celcom juga turut menawarkan pilihan pelan menarik bagi pelanggan prabayar dan pasca bayar bagi memiliki iPhone X.\n\nBeliau berkata, pelanggan Cel\u00adcom kini boleh memiliki iPhone X baharu dengan program ansuran 24 bulan tanpa faedah, EasyPhone\u2122, yang tersedia untuk pe\u00adlanggan pasca bayar dan prabayar.\n\n\u201cPelanggan juga boleh memilih untuk memadankan iPhone X mereka dengan pelbagai pelan pasca bayar Celcom FIRST \u2122, mengikut keperluan data mereka.\n\n\u201cKami amat berbesar hati dapat menawarkan produk terbaharu ini khusus untuk pelanggan setia Celcom,\u201d katanya dalam kenyataan di sini hari ini.\n\niPhone X didatangkan dengan reka bentuk kaca dan keluli tahan karat cantik serta paparan Super Retina 5.8 inci dan cip Aion Bio\u00adnik bagi pengalaman yang me\u00adngagumkan.\n\nIa juga dilengkapi pengecas tanpa wayar dan Face ID, satu dari\u00adpada kaedah inovatif dan selamat untuk membuka kunci tele\u00adfon, mengesahkan dan membuat pembayaran melalui Apple Pay.\n\nPelanggan boleh melayari laman web Celcom, www.celcom.com.my untuk maklumat lanjut mengenai pelan yang ditawarkan.", "keyword": ["tawar", "pasca", "wwwcelcomcommy", "iphone", "x", "celcom", "24", "rm138", "sebulan", "bayar", "pelan", "xbeliau", "web"], "summary": "(Celcom) mengumumkan model baharu iPhone X kini boleh didapati di semua cawangan Celcom dan Blue Cubes di seluruh negara bermula hari ini pada harga serendah RM138 sebulan.\nTimbalan Ketua Pegawai Eksekutif Celcom, Azwan Khan Osman berkata, Celcom juga turut menawarkan pilihan pelan menarik bagi pelanggan prabayar dan pasca bayar bagi memiliki iPhone X.Beliau berkata, pelanggan Cel\u00adcom kini boleh memiliki iPhone X baharu dengan program ansuran 24 bulan tanpa faedah, EasyPhone\u2122, yang tersedia untuk pe\u00adlanggan pasca bayar dan prabayar.\n\u201cPelanggan juga boleh memilih untuk memadankan iPhone X mereka dengan pelbagai pelan pasca bayar Celcom FIRST \u2122, mengikut keperluan data mereka.\niPhone X didatangkan dengan reka bentuk kaca dan keluli tahan karat cantik serta paparan Super Retina 5.8 inci dan cip Aion Bio\u00adnik bagi pengalaman yang me\u00adngagumkan.\nPelanggan boleh melayari laman web Celcom, www.celcom.com.my untuk maklumat lanjut mengenai pelan yang ditawarkan.", "news": "Utusan Malaysia", "date": "11-24-2017", "language": "INDONESIA"}, {"title": "Celcom lancar Celcom Home Wireless", "url": "http://www.utusan.com.my/bisnes/ekonomi/celcom-lancar-celcom-home-wireless-1.658591", "authors": ["Muhd. Shahizam Tazali"], "top-image": "http://www.utusan.com.my/polopoly_fs/1.658609!/image/image.jpg_gen/derivatives/landscape_650/image.jpg", "text": "KUALA LUMPUR 26 April - Celcom Axiata Berhad (Celcom) melancarkan Celcom Home Wireless iaitu perkhidmatan jalur lebar untuk kegunaan kediaman yang dipacu rangkaian 4G dengan data sehingga satu terabait (TB).\n\nKetua Pemasaran Prabayar dan Pascabayar Celcom, Daren Victor berkata, produk terbaharu berkenaan sangat mudah digunakan serta mempunyai kelajuan internet purata mencecah 30Mbps.\n\nKatanya, Celcom Home Wireless tidak memerlukan pemasangan yang kompleks kerana ia direka berdasarkan konsep pasang, pakai dan nikmati (plug, play, enjoy).\n\n\u201cTerdapat tiga pakej yang ditawarkan iaitu Home Wireless Gold yang berharga RM74.20 dengan data 25 gigabait (GB) berserta 40GB Walla, Home Wireless Gold Plus (RM106+50GB+100GB Walla) dan Home Wireless Platinum (RM159+150GB+1TB Walla),\u201d katanya dalam majlis pelancaran Celcom Home Wireless di sini hari ini.\n\nYang turut hadir, Timbalan Ketua Pegawai Eksekutif Operasi Perniagaan Celcom, Azwan Khan Osman Khan. - UTUSAN ONLINE", "keyword": ["khan", "victor", "terabait", "utusan", "celcom", "terbaharu", "walla", "gold", "wireless", "lancar", "tbketua"], "summary": "KUALA LUMPUR 26 April - Celcom Axiata Berhad (Celcom) melancarkan Celcom Home Wireless iaitu perkhidmatan jalur lebar untuk kegunaan kediaman yang dipacu rangkaian 4G dengan data sehingga satu terabait (TB).\nKetua Pemasaran Prabayar dan Pascabayar Celcom, Daren Victor berkata, produk terbaharu berkenaan sangat mudah digunakan serta mempunyai kelajuan internet purata mencecah 30Mbps.\nKatanya, Celcom Home Wireless tidak memerlukan pemasangan yang kompleks kerana ia direka berdasarkan konsep pasang, pakai dan nikmati (plug, play, enjoy).\n\u201cTerdapat tiga pakej yang ditawarkan iaitu Home Wireless Gold yang berharga RM74.20 dengan data 25 gigabait (GB) berserta 40GB Walla, Home Wireless Gold Plus (RM106+50GB+100GB Walla) dan Home Wireless Platinum (RM159+150GB+1TB Walla),\u201d katanya dalam majlis pelancaran Celcom Home Wireless di sini hari ini.\nYang turut hadir, Timbalan Ketua Pegawai Eksekutif Operasi Perniagaan Celcom, Azwan Khan Osman Khan.", "news": "Utusan Malaysia", "date": "04-25-2018", "language": "INDONESIA"}, {"title": "Axiata teruskan tajaan ke atas BAM hingga 31 Ogos 2020", "url": "http://www.utusan.com.my/sukan/badminton/axiata-teruskan-tajaan-ke-atas-bam-hingga-31-ogos-2020-1.532213", "authors": [], "top-image": "http://www.utusan.com.my/polopoly_fs/1.532211!/image/image.jpg_gen/derivatives/landscape_650/image.jpg", "text": "KUALA LUMPUR 29 Sept. - Persiapan skuad badminton negara bagi menghadapi Sukan Olimpik 2020 di Tokyo, Jepun pasti berjalan lancar terutama apabila Celcom Axiata Berhad melanjutkan tajaan ke atas badan induk itu selama 15 bulan dengan nilai RM10 juta.\n\nLanjutan tajaan tersebut akan bermula pada 4 Jun 2019 hingga 31 Ogos 2020 dan sebelum ini pada Mac 2016, Celcom Axiata memeterai perjanjian sebagai salah satu penaja utama BAM dengan nilai tajaan keseluruhan sebanyak RM24 juta untuk tempoh selama tiga tahun. Presiden BAM, Datuk Seri Mohamad Norza Zakaria berkata, pihaknya amat teruja dengan lanjutan kontrak tersebut terutama selepas kejayaan tahun pertama tajaan. \u201cCelcom Axiata sudah menjadi sebahagian daripada keluarga badminton kami dan kami berharap dapat mengeratkan lagi hubungan ini untuk memajukan sukan badminton negara bagi kedua-dua peringkat elit dan akar umbi. \u201cKami juga berharap kerjasama ini akan menyuburkan lagi perkembangan kami serta memacu program elit untuk membawa pulang pingat emas pertama negara di Tokyo nanti,\u201d katanya dalam majlis menandatangani perjanjian lanjutan tajaan Celcom Axiata dengan BAM di Pusat Konvensyen Sime Darby di sini, hari ini.\n\nTurut hadir pada majlis tersebut ialah Penaung BAM, Datin Seri Rosmah Mansor yang turut menyaksikan majlis menandatangani perjanjian kontrak baharu tajaan tersebut.\n\nSementara itu, Pengerusi Celcom Axiata Berhad, Tan Sri Jamaluddin Ibrahim berkata, tajaan tersebut adalah salah satu usaha membantu skuad badminton negara ke Sukan Olimpik Tokyo 2020. \u201cDalam komitmen kami untuk membangunkan bakat baharu dan juara, kami bangga menjadi penyokong utama BAM bagi memacu pembangunan badminton di Malaysia, sebelum ini Celcom Axiata berpeluang menandatangani tajaan bernilai RM24 juta pada Mac 2016 dan ini adalah satu penghormatan buat kami apabila dapat melanjutkan penajaan ini. \u201cKami ingin turut serta dalam perjalanan BAM ke Olimpik dan ia akan menjadi penghormatan tertinggi untuk kami menyaksikan hero-hero negara bertanding di bawah naungan kami pada 2020 nanti,\u201d kata Jamaluddin. - UTUSAN ONLINE", "keyword": ["teruskan", "skuad", "celcom", "badminton", "tokyo", "31", "bam", "tajaan", "olimpik", "menandatangani", "axiata", "2020"], "summary": "KUALA LUMPUR 29 Sept. - Persiapan skuad badminton negara bagi menghadapi Sukan Olimpik 2020 di Tokyo, Jepun pasti berjalan lancar terutama apabila Celcom Axiata Berhad melanjutkan tajaan ke atas badan induk itu selama 15 bulan dengan nilai RM10 juta.\nLanjutan tajaan tersebut akan bermula pada 4 Jun 2019 hingga 31 Ogos 2020 dan sebelum ini pada Mac 2016, Celcom Axiata memeterai perjanjian sebagai salah satu penaja utama BAM dengan nilai tajaan keseluruhan sebanyak RM24 juta untuk tempoh selama tiga tahun.\nPresiden BAM, Datuk Seri Mohamad Norza Zakaria berkata, pihaknya amat teruja dengan lanjutan kontrak tersebut terutama selepas kejayaan tahun pertama tajaan.\nTurut hadir pada majlis tersebut ialah Penaung BAM, Datin Seri Rosmah Mansor yang turut menyaksikan majlis menandatangani perjanjian kontrak baharu tajaan tersebut.\nSementara itu, Pengerusi Celcom Axiata Berhad, Tan Sri Jamaluddin Ibrahim berkata, tajaan tersebut adalah salah satu usaha membantu skuad badminton negara ke Sukan Olimpik Tokyo 2020.", "news": "Utusan Malaysia", "date": "09-29-2017", "language": "INDONESIA"}]