[{"title": "Dahmakan, Ayam Brand jalin kerjasama tawar menu berasaskan santan bermutu", "url": "http://www.kosmo.com.my/negara/dahmakan-ayam-brand-jalin-kerjasama-tawar-menu-berasaskan-santan-bermutu-1.710763", "authors": [], "top-image": "http://www.kosmo.com.my/polopoly_fs/1.710765!/image/image.jpg_gen/derivatives/landscape_650/image.jpg", "text": "SHAH ALAM \u2013 Jenama pengeluar makanan siap proses terkemuka, Ayam Brand menjalinkan kerjasama dengan pengendali perkhidmatan penghantaran makanan tempatan, dahmakan bagi memberi peluang kepada pelanggannya menikmati hidangan sihat berasaskan santan.\n\nKetua Pegawai Eksekutif dan Pengasas Bersama dahmakan, Jonathan Weins berkata, antara menu ditawarkan adalah rendang ayam dan ayam percik yang disediakan oleh cef dari hotel lima bintang untuk dinikmati ketika waktu makan tengah hari serta makan malam.\n\n\u201cRakyat Malaysia memang gemar makan dan mempunyai citarasa yang baik apabila menyentuh tentang hidangan kegemaran masyarakat tempatan seperti nasi lemak, rendang dan kari.\n\n\u201cKami di dahmakan, sangat menitikberatkan aspek kualiti makanan. Kami ingin memastikan bahan-bahan yang digunakan adalah terbaik dan sekali gus tidak berkompromi dari segi rasa serta aroma makanan tersebut,\u201d katanya.\n\nSementara itu, Penasihat Pemasaran Strategik Ayam Brand Malaysia, Nathan Deverre berkata, kerjasama tersebut dilihat dapat menarik pelanggan baharu bagi kedua-dua belah pihak yang menginginkan hidangan dengan rasa santan sebenar.\n\n\u201cAyam Brand mengutamakan kebaikan, kepelbagaian dan kemudahan santan sejak bertahun-tahun lamanya.\n\n\u201cKerjasama dengan dahmakan membolehkan kami menarik pengguna baharu yang pasti menghargai kualiti rasa santan dalam hidangan makanan tempatan,\u201d katanya.\n\nKolaborasi antara dahmakan dan Ayam Brand tersebut akan berlangsung selama tiga bulan bermula 29 Jun lalu dan tempahan boleh dibuat di laman web https://dahmakan.com/menu atau aplikasi dahmakan yang boleh dimuat turun melalui AppStore dan Google Play Store.\n\nTempahan makanan akan dihantar dalam masa 45 minit selepas tempahan dilakukan terus ke rumah atau pejabat. \u2013 K! ONLINE", "keyword": ["santan", "kualiti", "menu", "dahmakan", "tempahan", "ayam", "makan", "brand", "hidangan", "rendang", "tawar", "bermutu", "jalin", "berasaskan", "weins"], "summary": "SHAH ALAM \u2013 Jenama pengeluar makanan siap proses terkemuka, Ayam Brand menjalinkan kerjasama dengan pengendali perkhidmatan penghantaran makanan tempatan, dahmakan bagi memberi peluang kepada pelanggannya menikmati hidangan sihat berasaskan santan.\nKetua Pegawai Eksekutif dan Pengasas Bersama dahmakan, Jonathan Weins berkata, antara menu ditawarkan adalah rendang ayam dan ayam percik yang disediakan oleh cef dari hotel lima bintang untuk dinikmati ketika waktu makan tengah hari serta makan malam.\nSementara itu, Penasihat Pemasaran Strategik Ayam Brand Malaysia, Nathan Deverre berkata, kerjasama tersebut dilihat dapat menarik pelanggan baharu bagi kedua-dua belah pihak yang menginginkan hidangan dengan rasa santan sebenar.\n\u201cAyam Brand mengutamakan kebaikan, kepelbagaian dan kemudahan santan sejak bertahun-tahun lamanya.\n\u201cKerjasama dengan dahmakan membolehkan kami menarik pengguna baharu yang pasti menghargai kualiti rasa santan dalam hidangan makanan tempatan,\u201d katanya.", "news": "Kosmo!", "date": "07-17-2018", "language": "INDONESIA"}, {"title": "Tukar kerja jadi penghantar makanan", "url": "http://www.kosmo.com.my/k2/rencana-utama/tukar-kerja-jadi-penghantar-makanan-1.825081", "authors": [], "top-image": "http://www.kosmo.com.my/polopoly_fs/1.825076!/image/image.jpg_gen/derivatives/landscape_650/image.jpg", "text": "Penghantar makanan mampu meraih sehingga RM1,500 seminggu berdasarkan jumlah perjalanan yang berjaya diselesaikan. Gambar hiasan\n\nKUALA LUMPUR, 2 November 2018--Wawancara bersama Ketua Grabfood Malaysia, Rashid Shukor di Bandar Utama.GAMBAR/AMIR HAFIZ ABD RAHMAN/WARTAWAN/IQBAL (RENCANA KOSMO!)\n\nRashid menunjukkan beg khas GrabFood yang direka dengan penebat haba dan kalis air bagi memudahkan proses penghantaran makanan.\n\nDari kanan: Hairil, Fendi dan seorang lagi rakan mereka Mohd. Afandi Mat Saat menunjukkan contoh aplikasi tempahan makanan, GrabFood.\n\nBertugas sebagai jurutera dalam sektor swasta dengan pendapatan bulanan sekitar RM4,000 dilihat sudah pun memberikan Hairil Johari , 31, kehidupan yang cukup selesa.\n\nSelama lebih enam tahun, pemuda kelahiran Cheras, Kuala Lumpur itu tiada masalah bekerja dalam suasana pejabat.\n\nSehinggalah kelahiran anak ketiganya kira-kira dua tahun lalu apabila Hairil berhadapan dengan detik sukar dalam kerjayanya yang tidak ubah seperti telur di hujung tanduk.\n\nAnak kesayangan pemuda itu kerap dikejarkan ke hospital atas faktor kesihatan menyebabkan Hairil terpaksa mengambil cuti bekerja yang banyak bagi menguruskan musibah itu.\n\nRentetan itu, Hairil terpaksa mengundurkan diri melangkah keluar daripada pekerjaan tersebut bagi mengelakkan reputasinya terjejas.\n\nDi situlah bermulanya dugaan paling hebat dalam hidupnya apabila Hairil perlu menyara seluruh keluarga biarpun tidak memiliki sebarang pekerjaan.\n\nKetika itu jugalah Hairil dipertemukan dengan salah satu kerjaya yang disifatkannya sebagai menyeronokkan hasil saranan seorang sahabat karibnya iaitu kerjaya sebagai penghantar makanan.\n\n\u201cSaya mula dapat tahu mengenai kerjaya penghantar tempahan makanan bermotosikal ini daripada rakan-rakan yang mencadangkan pekerjaan ini kepada saya setelah berhenti kerja.\n\n\u201cPada mulanya ada juga perasaan takut kerana sebelum ini saya memang tiada langsung pengalaman melakukan penghantaran tempahan makanan.\n\n\u201cSetelah berjaya menyempurnakan tugasan penghantaran makanan dengan menaiki motosikal setiap hari di sekitar Kuala Lumpur, lama-kelamaan timbul rasa seronok kerana setiap minggu pasti akan dapat pulangan,\u201d ujarnya yang mula bekerja sebagai penghantar makanan menerusi Uber Eat kira-kira dua tahun lalu kepada K2 di Kuala Lumpur baru-baru ini.\n\nKongsi Hairil, pada minggu-minggu terawal melaksanakan tugasan itu, dia hanya meraih sekitar RM500 setiap minggu.\n\nPotensi\n\nNamun, setelah hampir dua tahun mempelajari selok-belok kerjaya itu, Hairil kini mampu menarik nafas lega apabila berjaya meraih pendapatan sehingga RM1,200 seminggu.\n\nPendapatan itu dikira berdasarkan jumlah perjalanan yang berjaya dilaksanakan setiap hari.\n\nMenariknya, Hairil tidak perlu khuatir lagi akan sebarang peruntukan cuti demi menguruskan keadaan anaknya yang perlu berulang-alik ke hospital.\n\nHal ini kerana kerjaya sebagai penghantar makanan itu dilihat lebih fleksibel dari segi masa sekali gus memberikan Hairil seratus peratus kebebasan.\n\nKerjaya sebagai penghantar makanan semakin diterima dalam masyarakat sebagai salah satu profesion yang memiliki potensi besar.\n\nHal ini kerana penghantaran makanan sehingga ke depan pintu dilihat semakin menjadi trend dalam kalangan peminat gastronomi tempatan sejak kebelakangan ini.\n\nSenario itu berbeza berbanding lima tahun dahulu yang mana kebanyakan masyarakat memilih untuk berkunjung ke kedai makan mahupun restoran untuk menikmati sesuatu hidangan.\n\nBagaimanapun, keadaan itu sudah pun berubah dan masyarakat tidak perlu lagi bersusah-payah untuk keluar dari rumah bagi mendapatkan makanan yang diidamkan sebaliknya hanya tunggu makanan itu dihantar pada waktu yang telah dipersetujui.\n\nDengan lahirnya pelbagai aplikasi mudah alih yang boleh dimuat turun menerusi telefon pintar, ia membolehkan masyarakat selaku pengguna menikmati pengalaman gastronomi dengan mudah.\n\nAntara aplikasi perkhidmatan penghantaran makanan yang popular ketika ini ialah GrabFood, Foodpanda, Dahmakan, Mammam, Cooked dan banyak lagi.\n\nKerjaya sebagai penghantar makanan itu sebenarnya membuka peluang khususnya kepada generasi muda untuk menambah pendapatan serta memperbaiki kehidupan mereka.\n\nItulah juga perkongsian Fendi Nawawi, 34, yang melakukan transformasi kerjaya dari seorang penghantar kurier kepada penghantar makanan.\n\nBerbekalkan kepakaran lebih 13 tahun dalam perkhidmatan kurier, Fendi menggunakan kemahiran yang dimiliki untuk menyampaikan makanan dalam keadaan segar seperti baru keluar dapur.\n\nKebiasaannya, sesuatu tempahan penghantaran makanan itu akan berjaya Fendi selesaikan dalam tempoh kurang dari 30 minit.\n\nKunci kepada kejayaan tempoh penghantaran minimum yang dikecapi Fendi ialah perancangan perjalanan yang sistematik.\n\n\u201cPendapatan kerjaya ini memang dikira daripada jumlah perjalanan penghantaran makanan setiap hari, namun kita perlu bijak merancang agar kerja itu lebih mudah serta efisien.\n\n\u201cKebiasaannya, saya akan berikan fokus terhadap kawasan-kawasan tumpuan sekitar ibu kota antaranya seperti Ampang, Bangsar, Mont Kiara, Petaling Jaya dan Bandar Sunway.\n\n\u201cPerancangan perjalanan yang tersusun itu juga akan membolehkan penghantar makanan menghantar sehingga lebih 10 tempahan setiap hari,\u201d jelas pemuda kelahiran Ampang itu.\n\nJelas Fendi, salah satu perkara penting yang perlu diberikan perhatian oleh penghantar makanan ialah platform pengendali perkhidmatan tersebut.\n\nPlatform\n\nKatanya, individu yang berminat perlu berdaftar secara sah dan bekerja di bawah platform pengendali perkhidmatan penghantaran makanan yang telah dikenali.\n\nIa bagi memastikan faktor kebajikan dan keselamatan individu lebih terjamin.\n\nKetua GrabFood Malaysia, Rashid Shukor berkata, sebagai salah sebuah pengendali platform yang menyediakan perkhidmatan penghantaran makanan sejak Mei tahun lalu, pihaknya amat berpuas hati melihat sambutan menggalakkan antara pengguna dan penghantar makanan.\n\nJusteru, GrabFood komited untuk terus membawa aneka makanan kepada pelanggan dengan mudah agar segmen gastronomi tempatan dapat terus berkembang.\n\n\u201cSehingga kini, terdapat lebih 1,000 saudagar niaga yang terdiri daripada restoran, gerai dan kedai makan terkemuka tempatan yang menyediakan hidangan signatur mereka seperti nasi berlauk, nasi lemak, spageti, mi goreng serta hidangan Barat yang terlibat dalam aplikasi ini.\n\n\u201cMisalnya, kami bawakan kepada pengguna aneka hidangan popular tempatan seperti Nasi Lemak Bumbung Petaling Jaya, Restoran Devi\u2019s Corner Bangsar, McDonald\u2019s dan Texas Chicken.\n\n\u201cSelain itu, kami juga mampu menghantar aiskrim seperti Baskin Robbins ke hadapan rumah yang semestinya memberikan kepuasan kepada pengguna,\u201d jelasnya.\n\nKongsi Rashid, keupayaan untuk menghantar makanan seperti aiskrim dapat dilakukan kerana setiap penghantar makanan menggunakan beg khas yang direka dengan penebat haba.\n\nOleh itu, makanan yang panas dapat dikekalkan habanya, manakala makanan yang sejuk juga akan kekal dingin sehingga sampai ke tangan pengguna.\n\nSelain itu, ia juga kalis air dan kukuh membolehkan sesuatu makanan itu terpelihara sepanjang proses penghantaran.\n\nPada hemat Rashid, golongan penghantar makanan merupakan elemen penting yang menggerakkan trend baharu ini.\n\nJusteru, bagi memastikan kebajikan golongan penghantar makanan terpelihara, GrabFood turut menyediakan hentian khas iaitu Grab Driver Pit Stop yang terletak di Centrepoint, Bandar Utama dan Dagang Avenue, Ampang.\n\nIa membolehkan golongan penghantar makanan yang menggunakan motosikal duduk berehat, berteduh pada hari hujan dan panas sambil menikmati minuman kopi percuma.\n\nKata Rashid, ia sebagai salah satu cara untuk menghargai keringat golongan penghantar makanan setelah berhempas pulas menyelesaikan tempahan pelanggan.\n\n\u201cSuatu masa dahulu, pengguna perlu keluar sendiri untuk mendapatkan makanan tetapi kini ekosistem itu kini telah berubah hasil komitmen golongan penghantar makanan,\u201d tuturnya menutup bicara.\n\nSejak kebelakangan ini, perkhidmatan penghantaran makanan sehingga ke depan pintu dilihat semakin menjadi trend dalam kalangan peminat gastronomi tempatan.", "keyword": ["tempahan", "penghantaran", "perjalanan", "penghantar", "hairil", "kerjaya", "tukar", "fendi", "golongan", "grabfood", "rashid"], "summary": "\u201cSaya mula dapat tahu mengenai kerjaya penghantar tempahan makanan bermotosikal ini daripada rakan-rakan yang mencadangkan pekerjaan ini kepada saya setelah berhenti kerja.\nItulah juga perkongsian Fendi Nawawi, 34, yang melakukan transformasi kerjaya dari seorang penghantar kurier kepada penghantar makanan.\nPada hemat Rashid, golongan penghantar makanan merupakan elemen penting yang menggerakkan trend baharu ini.\nIa membolehkan golongan penghantar makanan yang menggunakan motosikal duduk berehat, berteduh pada hari hujan dan panas sambil menikmati minuman kopi percuma.\n\u201cSuatu masa dahulu, pengguna perlu keluar sendiri untuk mendapatkan makanan tetapi kini ekosistem itu kini telah berubah hasil komitmen golongan penghantar makanan,\u201d tuturnya menutup bicara.", "news": "Kosmo!", "date": "01-18-2019", "language": "INDONESIA"}, {"title": "Menu is changed daily to keep offerings fresh", "url": "http://www.astroawani.com/video-malaysia/menu-changed-daily-keep-offerings-fresh-145203", "authors": [], "top-image": "https://brightcove04pmdo-a.akamaihd.net/4508222217001/4508222217001_5345243598001_5345222289001-vs.jpg?pubId=4508222217001&videoId=5345222289001", "text": "While that covered the ordering process, the most integral work within the dahmakan service is actually what goes on in the kitchen. Their senior sous chef Riza Ismail talks to us regarding the inspiration behind the menu.", "keyword": ["changed", "process", "menu", "daily", "offerings", "fresh", "work", "senior", "riza", "ordering", "sous", "regarding", "talks", "service"], "summary": "While that covered the ordering process, the most integral work within the dahmakan service is actually what goes on in the kitchen.\nTheir senior sous chef Riza Ismail talks to us regarding the inspiration behind the menu.", "news": "Astro Awani", "date": "03-02-2017", "language": "ENGLISH"}, {"title": "Uber Eats diperluas ke Petaling Jaya", "url": "http://www.kosmo.com.my/k2/varia/uber-eats-diperluas-8232-ke-petaling-jaya-1.626330", "authors": [], "top-image": "http://www.kosmo.com.my/polopoly_fs/1.626326!/image/image.jpg_gen/derivatives/landscape_650/image.jpg", "text": "UBER Eats memberi pilihan sehingga 400 buah restoran kepada pengguna sekitar Kuala Lumpur dan Petaling Jaya.\n\nPENGGUNA di Kuala Lumpur dan Petaling Jaya kini boleh menikmati perkhidmatan penghantaran makanan Uber Eats hanya di hujung jari.\n\nKEENAKAN makanan dari Restoran Ravis Banana Leaf antara yang ditawarkan oleh Uber Eats.\n\nPERKHIDMATAN penghantaran makanan secara online bukanlah sesuatu yang baharu bagi rakyat di negara ini terutama warga kota.\n\nKesibukan bekerja dengan kesesakan jalan raya hampir setiap hari membuatkan ramai memilih untuk melanggan perkhidmatan yang memudahkan urusan mereka termasuk untuk menjamah makanan.\n\nAntara syarikat penghantaran makanan yang popular di negara ini ialah Foodpanda, dahmakan dan DCentro.\n\nMelihat kepada perkembangan dan sambutan orang ramai terhadap perkhidmatan ini, Uber Eats tampil memberi lebih pilihan kepada pelanggan di negara ini.\n\nLebih dikenali sebagai syarikat yang menawarkan perkhidmatan tempahan teksi online atau e-hailing di negara ini, Uber kini melebarkan perkhidmatannya melalui aplikasi penghantaran makanan Uber Eats.\n\nAkaun\n\nSama seperti perkhidmatan penghantaran secara online lain, perkhidmatan ini membolehkan para pengguna membuat tempahan makanan melalui aplikasi Uber Eats.\n\nMereka kemudian hanya perlu menunggu dan menerima makanan di mana sahaja pengguna berada sama ada di rumah atau pejabat.\n\nLebih menarik, pengguna juga boleh memilih menggunakan aplikasi berasingan Uber Eats ataupun akaun yang sama mereka gunakan untuk menempah kenderaan di aplikasi Uber.\n\nMula dilancarkan pada September tahun lalu, Uber Eats pada awalnya hanya memfokuskan kawasan perkhidmatan mereka di sekitar Kuala Lumpur.\n\nNamun, maklum balas baik yang diterima daripada orang ramai membuatkan syarikat ini kini melebarkan kawasan perkhidmatannya ke sekitar Petaling Jaya, Selangor.\n\nPengurus Besar Uber Eats (Malaysia dan Singapura), Shri Chakravarthy Gopalakrishnan memberitahu, perkhidmatan penghantaran ke pintu rumah penduduk Petaling Jaya mula beroperasi pada 1 Mac 2018.\n\n\u201cSejak dilancarkan enam bulan lalu, ramai bertanya bilakah perkhidmatan ini akan sampai ke Petaling Jaya yang juga mempunyai kepadatan penduduk yang tinggi seperti Kuala Lumpur.\n\n\u201cKami teruja untuk memberi pengalaman perkhidmatan Uber Eats ke satu lagi bandar sibuk di negara ini,\u201d katanya menerusi satu kenyataan baru-baru ini.\n\nAntara kawasan di sekitar Petaling Jaya yang terlibat ialah Bandar Sunway, Bandar Utama, Damansara, Seksyen 17, SS2, SS15 dan Taman Tun Dr. Ismail.\n\nTambah Shri Chakravarthy, setakat ini, pihaknya mempunyai lebih 400 buah restoran tempatan yang menyajikan pelbagai makanan di bawah perkhidmatan Uber Eats.\n\n\u201cKita juga mempunyai variasi pilihan restoran tempatan mengikut cita rasa orang Malaysia seperti Restoran The Fish Bowl, Goodness Greens Cafe, Lim Fried Chicken, Pickle & Fig, Ravi\u2019s Banana Leaf dan Rojak & Cendol Mustaffa.\n\nHalal\n\n\u201cSecara tidak langsung, Uber Eats bukan sahaja menghubungkan rakyat Malaysia dengan makanan kegemaran mereka, malah menyumbang kepada peningkatan ekonomi restoran tempatan di negara ini.\n\n\u201cSelain itu, fleksibiliti waktu penghantaran bermula dari pukul 9 pagi sehinggalah 12 tengah malam membolehkan pengguna menikmati sarapan sehinggalah makan malam dalam tempoh hanya 33 minit,\u201d jelasnya.\n\nMenurut Shri Chakravarthy, Uber Eats turut bekerjasama dengan Jabatan Kemajuan Islam Malaysia dalam melaksanakan konsep mengasingkan penghantaran makanan halal dan tidak halal agar sentimen pengguna tempatan tidak terjejas.\n\nBuat masa ini, Uber Eats hanya menyokong pembayaran menggunakan kad kredit atau debit sahaja dengan caj penghantaran RM5.\n\nSempena pelancaran perkhidmatan ini ke Petaling Jaya, pengguna baharu yang memuat turun aplikasi Uber Eats dengan kod promosi PJMAKAN akan menikmati servis penghantaran makanan percuma tanpa had tempahan minimum.\n\nOrang ramai yang ingin mendapat maklumat lanjut mengenai Uber Eats Malaysia boleh melayari www.ubereats.com dan memuat turun aplikasi Uber Eats di Google Play Store bagi pengguna Android dan di Apple App Store bagi pengguna peranti Apple.", "keyword": ["eats", "restoran", "tempahan", "penghantaran", "jaya", "petaling", "aplikasi", "uber", "online", "shri", "diperluas"], "summary": "UBER Eats memberi pilihan sehingga 400 buah restoran kepada pengguna sekitar Kuala Lumpur dan Petaling Jaya.\nPENGGUNA di Kuala Lumpur dan Petaling Jaya kini boleh menikmati perkhidmatan penghantaran makanan Uber Eats hanya di hujung jari.\nMelihat kepada perkembangan dan sambutan orang ramai terhadap perkhidmatan ini, Uber Eats tampil memberi lebih pilihan kepada pelanggan di negara ini.\nLebih menarik, pengguna juga boleh memilih menggunakan aplikasi berasingan Uber Eats ataupun akaun yang sama mereka gunakan untuk menempah kenderaan di aplikasi Uber.\nOrang ramai yang ingin mendapat maklumat lanjut mengenai Uber Eats Malaysia boleh melayari www.ubereats.com dan memuat turun aplikasi Uber Eats di Google Play Store bagi pengguna Android dan di Apple App Store bagi pengguna peranti Apple.", "news": "Kosmo!", "date": "03-12-2018", "language": "INDONESIA"}]