[{"title": "Security Vs. Free Speech: India Blocks Film On Assassination", "url": "https://www.npr.org/2014/08/28/344036665/india-tries-to-find-the-fine-balance-between-censorship-and-public-safety", "authors": ["Julie Mccarthy"], "top-image": "https://media.npr.org/assets/img/2014/08/28/kaum-de-heere-2_wide-8564b378a708482481596da08de5da519778a483.jpg?s=1400", "text": "Security Vs. Free Speech: India Blocks Film On Assassination\n\nEnlarge this image toggle caption Kaum de Heere Kaum de Heere\n\nA new film projects a decidedly different perspective about one of the most convulsive episodes in India's modern age.\n\nKaum De Heere, or Diamonds of the Community, looks at the 1984 assassination of Prime Minister Indira Gandhi \u2014 through the lens of her assassins.\n\nProducer Satish Katyal rejects the criticism that the film eulogizes Gandhi's killers. \"It has a human angle,\" he says. \"It's about their personal lives. Why did they suddenly commit this act?\"\n\nGandi's assassins, Beant Singh and Satwant Singh, both Sikh, were also her bodyguards. The pair unloaded their weapons into the 66-year-old Indian leader on the morning of Oct. 31, 1984, to avenge an event a few months earlier \u2014 an army storming of the Sikh's holiest shrine in a bid to flush out Sikh separatists hiding there.\n\nSociologist Surinder Singh Jodhka says the assault on the Golden Temple in June 1984 shocked the community. Gandhi's assassination in turn provoked riots, centered in New Delhi, in which Hindus hunted down and killed Sikhs. Estimates of the number dead \"vary from 4,000 to 10,000-plus in the country,\" Jodkha says.\n\nThirty years on, Jodkha says, \"what happened in either in the Golden Temple or in Delhi is not something that will be forgotten.\"\n\nThat's evidently what concerns the government.\n\nIndia's Home Ministry, which oversees the country's security, stopped the release of the film last week, concluding it \"was highly objectionable,\" according to the Press Trust of India. The film's producers have appealed for its release. It's already been screened in the U.S., the U.K. and Australia.\n\nIndia's Congress Party, headed by Sonia Gandhi, the daughter-in-law of Indira Gandhi, objects to the release of the film in India. Party spokesman Abhishek Manu Singhvi says both his party and the ruling BJP Party have deep misgivings about the movie.\n\nEnlarge this image toggle caption STF/AFP/Getty Images STF/AFP/Getty Images\n\n\"The very title of it clearly suggests an inflammatory, a provocative re-creation of completely unnecessary tensions. The important thing is India has pulled together. We have got over that state of affairs, and I think that's the way it should be left,\" Singhvi says.\n\nBut civil liberties activist Gautam Navlakha says the Indian government historically has justified banning films using the claim that a particular picture could \"hurt the sentiments\" of a community, or that it departs from mainstream orthodoxy on issues such as religious fundamentalism or Indo-Pakistan relations.\n\n\"This is a choice that authorities have to make. On whose side of the divide are they standing? On the side of freedom of expression? Or those who want to censor it or ban it?\" Navlakha says.\n\nNavlakha says that the body that determines whether a film is banned is a relic from the British colonial era, when the Film Certification Board was a tool to crush dissent. Last week allegations of corruption hit the board when the CEO, Rakesh Kumar, was arrested on charges of soliciting bribes to speed the certification process.\n\nSome 16,000 films are certified by the board each year, with the help of panels that screen them. The 80 or so films that have been refused can be appealed.\n\nDocumentary filmmaker Anand Patwardhan says he has had to \"incessantly\" battle the system to get his films released. \"Regardless of which government has been in power, the censor board\" \u2014 his term for the Film Certification Board \u2014 \"has been used to curtail or modify dissent,\" he says.\n\nIndia has long struggled with bans on films and books. It barred the import of Salman Rushdie's The Satanic Verses, a work that ignited a furor in the Muslim world.\n\nLeela Samson, the chairwoman of the Central Board of Film Certification, says film approval must take into account the range of sensitivities in a place as breathtakingly diverse as India.\n\n\"Look at the complexities. You have multiple languages, multiple religions, multiple social strata, multiple advantages, disadvantages. It can be very problematic,\" Samson says.\n\nBut free speech advocate Gautam Navlakha laments that India has not made more strides since gaining independence.\n\n\"One would have expected that in 67 years that we would become more democratic, more tolerant \u2014 rather than become more intolerant and narrow-minded,\" he says.\n\nFollow NPR's Julie McCarthy on Twitter: @JulieMcCarthyJM.", "keyword": ["speech", "assassination", "film", "singh", "vs", "films", "navlakha", "certification", "multiple", "security", "party", "free", "release", "board", "india", "blocks"], "summary": "Security Vs. Free Speech: India Blocks Film On AssassinationEnlarge this image toggle caption Kaum de Heere Kaum de HeereA new film projects a decidedly different perspective about one of the most convulsive episodes in India's modern age.\n\"Regardless of which government has been in power, the censor board\" \u2014 his term for the Film Certification Board \u2014 \"has been used to curtail or modify dissent,\" he says.\nLeela Samson, the chairwoman of the Central Board of Film Certification, says film approval must take into account the range of sensitivities in a place as breathtakingly diverse as India.\nYou have multiple languages, multiple religions, multiple social strata, multiple advantages, disadvantages.\nBut free speech advocate Gautam Navlakha laments that India has not made more strides since gaining independence.", "news": "NPR", "date": "08-28-2014", "language": "ENGLISH"}, {"title": "", "url": "https://www.bharian.com.my/berita/nasional/2018/05/431388/buka-tanah-rancangan-uitm-untuk-kaum-india", "authors": [], "top-image": "", "text": "", "keyword": [], "summary": "", "news": "Berita Harian", "date": "05-28-2018", "language": "INDONESIA"}, {"title": "Bollywood dan akulturasi 'yang melindungi' keturunan India dari diskriminasi", "url": "https://www.bbc.com/indonesia/indonesia-44273829", "authors": ["Abraham Utama", "Bbc News Indonesia"], "top-image": "https://ichef.bbci.co.uk/news/1024/branded_indonesia/C0B3/production/_101813394_047128003-1.jpg", "text": "Hak atas foto GOH CHAI HIN/AFP Image caption Presiden Joko Widodo kanan menyambut PM India Narendra Modi di Istana, Jakarta, Rabu (30/05).\n\nPada hari pertamanya di Jakarta, Rabu (30/05), Perdana Menteri India Narendra Modi mengunjungi patung Arjuna Wiwaha di kawasan Merdeka Barat, bersama Presiden Jokowi.\n\nPatung itu menjadi bagian pertemuan bilateral keduanya karena dianggap sebagai bukti hubungan baik India dan Indonesia.\n\nBerselang beberapa jam kemudian, saat berpidato di depan sekitar 3.000 keturunan India, Modi berulang kali menyebut betapa budaya dan bahasa India telah melebur menjadi bagian dari keseharian masyarakat Indonesia.\n\nModi mencontohkan kata bahasa dan istilah rupiah, yang memiliki padanan kata dan pelafalan nyaris serupa dalam bahasa Hindi.\n\n\"Banyaknya istilah India yang digunakan di sini mencerminkan hubungan yang telah berlangsung sejak lama. Hubungan ini natural,\" ujar Modi .\n\nTensi primordial\n\nModi secara khusus juga menyebut festival Bali Jatra, yang secara harafiah berarti perjalanan menuju Bali.\n\nTradisi itu, kata Modi, dirayakan setiap jelang akhir tahun di negara bagian Odisha sebagai pengingat atas pengembaraan sejumlah pelaut dari Kerajaan Kalingga ke Nusantara berabad-abad silam.\n\n\"Apakah hubungan ini hanya akan menjadi bagian dari arkeologi? Saya rasa generasi berikutnya mendatang akan tetap berhubungan secara personal,\" ucapnya.\n\nHak atas foto BBC Indonesia Image caption Narendra Modi bertemu dengan komunitas India di Jakarta di sela-sela kunjungannya, Rabu (30/05).\n\nDampak akulturasi yang disebut Modi itu setidaknya dirasakan Samdeep Raina, warga negara India asal Kashmir yang telah menetap di Indonesia selama 20 tahun.\n\nSamdeep mengaku belum pernah mengalami tensi primordial yang menyinggung suku, etnik, dan agama selama tinggal di Jakarta.\n\n\"Ada faktor pengikat di antara kita. Indonesia sangat menyukai film India,\" tuturnya.\n\nSetelah perfilman India era Amitabh Bachchan hingga Shah Rukh Khan, sebagian masyarakat Indonesia belakangan ini memang menggandrungi beberapa serial dari negara tersebut.\n\nBeberapa televisi nasional menempatkan serial drama, salah satunya Mahabrata, pada jam tayang utama. Tak sedikit pula pemain peran serial itu yang telah diundang datang ke Indonesia karena jumlah penggemar yang besar.\n\n\"Komunitas India di Indonesia merasa aman. Tak ada keraguan soal itu. Itu pula alasan kenapa komunitas ini terus berkembang,\" kata Samdeep.\n\nHak atas foto BBC Indonesia Image caption Perdana Menteri India Narendra Modi mengatakan budaya dan bahasa India telah melebur menjadi bagian masyarakat Indonesia.\n\nNiyati Dave, warga negara India yang sejak dekade 1990-an tinggal di Jakarta, bahkan mengaku tak berpikir pulang kampung karena keamanan dan kenyamanan yang dirasakannya di Indonesia.\n\nNiyati berkata, semakin hari semakin banyak warga India selatan maupun utara berimigrasi ke Indonesia.\n\n\"Kami dihargai dan dibantu. Tidak ada masalah. Tidak ada perasaan diremehkan atau dilecehkan,\" ujarnya.\n\nMenjadi WNI\n\nSejumlah penelitian menaksir jumlah keturunan India di Indonesia mencapai lebih dari 100.000 orang. Mayoritas dari mereka tinggal di kota besar seperti Bali, Medan, Surabaya, Yogyakarta dan Bandung.\n\nDi Medan, mayoritas keturunan India merupakan orang Tamil. Sejak 2011, mereka memiliki perkumpulan yang berbadan hukum, yaitu Indonesia Tamil Sangam.\n\nTak hanya Tamil, keturunan India di Indonesia juga berasal dari suku lain, antara lain Punjabi dan Sindhi. Sebagian dari mereka memilih mengubah kewarganegaraan menjadi Indonesia, hal langka menurut Samdeep Raina.\n\n\"Itu biasanya dilakukan oleh warga keturunan India yang ingin menjadi bagian dari pemerintahan, misalnya sebagai pejabat,\" tuturnya.\n\nKeturunan India yang berstatus WNI menjadi figur publik karena pencapaian mereka. Di perfilman ada nama Raam Punjabi yang memiliki rumah produksi tenar.\n\nDi bidang olahraga, terdapat pelari keturunan India dekade 1960-an bernama Gurnam Singh. Sementara publik sepak bola nasional mengenal pemain asal Medan, Wijay.\n\nAdapun, di bidang hak asasi manusia, terdapat Harbrinderjit Singh Dillon yang pernah mendapatkan penghargaan dari pemerintah India sebagai warga keturunan yang berdampak positif bagi masyarakat Indonesia.\n\nDi Jogja, hampir sebagian besar dari 17 keluarga keturunan India di kota itu telah berstatus warga Indonesia. April lalu BBC Indonesia berbincang dengan mereka yang mayoritas merupakan pengusaha tekstil.\n\nHak atas foto Biro Pers/AFP Image caption Presiden Joko Widodo dan PM Narendra Modi menerbangkan layang-layang dalam Pameran Layang-layang Indonesia-India.\n\nTak seperti kolega mereka di kota lain, keturunan India di Yogyakarta menghadapi persoalan yang dianggap Komnas HAM dan Ombudsman sebagai tindak diskriminatif.\n\nBerdasarkan Instruksi Wakil Kepala Daerah DIY tahun 1975, warga keturunan di Yogyakarta, termasuk India, tak dapat memiliki hak atas tanah, meski berstatus WNI.\n\nNamun mereka satu suara: menerima aturan dan tak menggugat regulasi yang mengatur tentang penyeragaman kebijakan pemberian hak atas tanah terhadap WNI nonpribumi.\n\n\"Orang India jarang menyuarakan 'ini bagus atau itu jelek'. Semuanya bagus. Itulah mengapa orang India dihargai masyarakat, ke mana saja pasti diterima,\" kata Dev Anand, pedagang tekstil di Jogja.\n\nTapi apa akan yang terjadi jika komunitas India menghadapi situasi darurat sosial maupun perang? Narendra Modi menyatakan pemerintah India akan secara sukarela memberikan bantuan.\n\n\"Banyak orang India berimigrasi berabad-abad lalu. Setelah terjadi konflik di berbagai tempat di dunia, pemerintah India membawa setidaknya 9.000 orang kembali pulang ke India,\" ujar Modi.\n\nItu pula yang setidaknya membuat keturunan India seperti Dev merasa selalu memiliki rumah kedua, selain Indonesia. Ia yakin komunitasnya akan selalu mulus hidup berdampingan dengan masyarakat yang beragam.\n\n\"Tapi kalau terjadi pengusiran, kami tetap diterima di India,\" ujarnya.", "keyword": ["tamil", "caption", "keturunan", "hak", "serial", "bollywood", "diskriminasi", "foto", "narendra", "melindungi", "yogyakarta", "modi", "image", "akulturasi"], "summary": "Hak atas foto GOH CHAI HIN/AFP Image caption Presiden Joko Widodo kanan menyambut PM India Narendra Modi di Istana, Jakarta, Rabu (30/05).\nPada hari pertamanya di Jakarta, Rabu (30/05), Perdana Menteri India Narendra Modi mengunjungi patung Arjuna Wiwaha di kawasan Merdeka Barat, bersama Presiden Jokowi.\nHak atas foto BBC Indonesia Image caption Narendra Modi bertemu dengan komunitas India di Jakarta di sela-sela kunjungannya, Rabu (30/05).\nTak hanya Tamil, keturunan India di Indonesia juga berasal dari suku lain, antara lain Punjabi dan Sindhi.\nHak atas foto Biro Pers/AFP Image caption Presiden Joko Widodo dan PM Narendra Modi menerbangkan layang-layang dalam Pameran Layang-layang Indonesia-India.", "news": "BBC Indonesia", "date": "05-30-2018", "language": "ENGLISH"}, {"title": "PM umum peruntukan khas AS1M untuk kaum India B40", "url": "https://www.malaysiakini.com/news/412507", "authors": [], "top-image": "http://i.malaysiakini.com/1159/71f2ba1142207ef1a81497df3da9ad9b.jpeg", "text": "Looks like Javascript is disabled in your browser. Malaysiakini requires Javascript to run normally. Click here to enable Javascript in your browser.", "keyword": ["kaum", "normally", "looks", "javascript", "as1m", "khas", "malaysiakini", "enable", "b40", "disabled", "run", "browser", "requires", "peruntukan"], "summary": "Looks like Javascript is disabled in your browser.\nMalaysiakini requires Javascript to run normally.\nClick here to enable Javascript in your browser.", "news": "Malaysiakini (caruman)", "date": "02-16-2018", "language": "ENGLISH"}, {"title": "", "url": "https://www.bharian.com.my/berita/nasional/2018/11/499864/tiada-diskriminasi-kaum-india-vigneswaran", "authors": [], "top-image": "", "text": "", "keyword": [], "summary": "", "news": "Berita Harian", "date": "11-19-2018", "language": "INDONESIA"}, {"title": "3,407 PR kaum India diberi status warganegara", "url": "https://www.malaysiakini.com/news/438851", "authors": [], "top-image": "http://i.malaysiakini.com/389/ae0ad89579f6f621aa2dc1270d1b3d72.gif", "text": "Looks like Javascript is disabled in your browser. Malaysiakini requires Javascript to run normally. Click here to enable Javascript in your browser.", "keyword": ["status", "kaum", "normally", "looks", "warganegara", "javascript", "pr", "malaysiakini", "run", "enable", "disabled", "3407", "browser", "requires"], "summary": "Looks like Javascript is disabled in your browser.\nMalaysiakini requires Javascript to run normally.\nClick here to enable Javascript in your browser.", "news": "Malaysiakini (caruman)", "date": "08-14-2018", "language": "ENGLISH"}, {"title": "", "url": "https://www.bharian.com.my/berita/nasional/2017/10/343325/bajet-2018-tangani-isu-masyarakat-india", "authors": [], "top-image": "", "text": "", "keyword": [], "summary": "", "news": "Berita Harian", "date": "10-28-2017", "language": "INDONESIA"}, {"title": "Tolak permohonan PPKOHNJ, kaum India dianaktirikan?", "url": "http://www.utusan.com.my/berita/politik/tolak-permohonan-ppkohnj-kaum-india-dianaktirikan-1.867905", "authors": ["Zulhisham Isahak"], "top-image": "http://www.utusan.com.my/polopoly_fs/1.867906!/image/image.jpg_gen/derivatives/landscape_650/image.jpg", "text": "JOHOR BAHRU 23 Mac - Kerajaan Negeri perlu menjelaskan keputusan menolak permohonan mululuskan tapak untuk upacara terakhir kematian kaum India di mukim Sungai Tiram di sini.\n\nPengerusi MIC Johor, R. Vidyananthan berkata,permohonan atas tapak seluas 0.441 hektar itu adalah daripada Persatuan Pengurusan Kematian Orang-Orang Hindu Negeri Johor (PPKOHNJ) untuk kegunaan dan pengurusan upacara terakhir tersebut.\n\n\u201cKerajaan negeri melalui Majlis Mesyuarat Kerajaan Johor telah menolak akuan semula permohonan merizabkan tanah tersebut, namun bersetuju untuk memberi kelonggaran bagi mencari tapak lain yang bersesuaian.\n\n\u201cPada zaman pemerintahan Barisan Nasional (BN) dahulu, tanah ini telah dikenal pasti, diperuntuk dan sudah pun diberikan kepada Majlis Perbandaran Pasir Gudang (MPPG) untuk membina infrastruktur serba moden dan lengkap bagi kegunaan pengurusan khairat kaum India di tapak itu,\u201d katanya dalam satu kenyataan di sini sebentar tadi.\n\nBeliau yang juga Ahli Dewan Undangan Negeri (ADUN) Kahang berkata, tapak itu amat penting kerana di kawasan sekitar daerah ini dengan kepadatan penduduk yang semakin bertambah sekian tahun, masyarakat India tidak mempunyai tempat yang sesuai bagi melakukan pengurusan upacara terakhir kematian dengan cara yang terhormat dan sistematik.\n\nNamun begitu ujarnya, setelah Pakatan Harapan (PH) mengambil alih pentadbiran kerajaan negeri , permohonan pihak PPKOHNJ itu telah ditolak.\n\nSetelah lebih 20 tahun masyarakat India berusaha untuk mendapatkan tapak berkenaan katanya, penolakan itu seakan dipolitikkan kerajaan negeri di bawah PH selepas keputusan berkenaan diambil oleh Majlis Mesyuarat Kerajaan Johor.\n\n\u201cDi sini saya mahu kerajaan negeri memberi penjelasan mengenai keputusan yang diambil. Pertama, apakah justifikasi akuan semula permohonan merizabkan tanah ini ditolak sedangkan peruntukan pembangunan insfrastruktur telah diberikan kepada MPPG?\n\n\u201cKaum India di negeri Johor memerlukan penjelasan yang telus daripada pihak berwajib. Ini seakan menidakkan hak kaum India untuk beragama dan menguruskan hal ehwal masyarakat kami di negeri kami sendiri,\u201d tegasnya.\n\nKedua katanya, berapa lama lagi masa yang diperlukan untuk mencari tapak yang lebih \u2018sesuai\u2019 di kawasan lain?\n\n\u201cAdakah tapak yang di mohon sekarang ini tidak sesuai dan jika ianya benar apakah sebabnya,\u201d soalnya.\n\nVidyanathan berkata, Ironinya beberapa tahun dahulu, ada ahli-ahli politik DAP menyerahkan memorandum kepada kerajaan BN pada waktu itu untuk menggesa pihak berwajib menyelesaikan masalah tersebut.\n\nNamun pada hari ini katanya, apabila mereka sudah berkuasa, tapak berkenaan sudah ditolak kelulusannya pula.\n\n\u201cKetiga, suka juga saya untuk bertanya, di manakah ahli-ahli politik PH yang berbangsa India dalam usaha menyelesaikan isu ini? Adakah mereka tidak berjuang dan mempertahankan kepentingan masyarakat India kepada pembuat-pembuat dasar yang lain?\n\n\u201cPada hemat saya mereka seakan memandang remeh terhadap perkara ini sedangkan ianya adalah amat asasi kepada kelangsungan cara hidup kami di negeri Johor,\u201d katanya.\n\nTindakan sebegitu kata beliau, merupakan penghinaan kepada nilai pelbagai agama dan kebudayaan yang menjadi tonggak kestabilan sosial di Johor.\n\nKaum India memohon penjelasan berhubung perkara tersebut kerana mereka seakan dianaktirikan kerana tiadanya penjelasan yang diberikan bagi keputusan yang telah diambil, katanya. - UTUSAN ONLINE", "keyword": ["kaum", "ppkohnj", "tolak", "diambil", "penjelasan", "johor", "kematian", "permohonan", "upacara", "ph", "seakan", "tapak", "dianaktirikan"], "summary": "JOHOR BAHRU 23 Mac - Kerajaan Negeri perlu menjelaskan keputusan menolak permohonan mululuskan tapak untuk upacara terakhir kematian kaum India di mukim Sungai Tiram di sini.\n\u201cKerajaan negeri melalui Majlis Mesyuarat Kerajaan Johor telah menolak akuan semula permohonan merizabkan tanah tersebut, namun bersetuju untuk memberi kelonggaran bagi mencari tapak lain yang bersesuaian.\nNamun begitu ujarnya, setelah Pakatan Harapan (PH) mengambil alih pentadbiran kerajaan negeri , permohonan pihak PPKOHNJ itu telah ditolak.\nIni seakan menidakkan hak kaum India untuk beragama dan menguruskan hal ehwal masyarakat kami di negeri kami sendiri,\u201d tegasnya.\nKaum India memohon penjelasan berhubung perkara tersebut kerana mereka seakan dianaktirikan kerana tiadanya penjelasan yang diberikan bagi keputusan yang telah diambil, katanya.", "news": "Utusan Malaysia", "date": "03-23-2019", "language": "INDONESIA"}, {"title": "Parti baharu untuk kaum India tunggu kelulusan RoS - Waytha Moorthy", "url": "http://www.utusan.com.my/berita/politik/parti-baharu-untuk-kaum-india-tunggu-kelulusan-ros-waytha-moorthy-1.744174", "authors": [], "top-image": "http://www.utusan.com.my/polopoly_fs/1.732795!/image/image.jpg_gen/derivatives/landscape_650/image.jpg", "text": "KUALA LUMPUR 8 Sept. - Sebuah parti politik baharu untuk kaum India di negara ini dikenali Malaysian Advancement Party (MAP) kini dalam proses penubuhan dan sedang menunggu kelulusan pendaftaran daripada Jabatan Pendaftaran Pertubuhan Malaysia (RoS).\n\nPengerusi penaja Senator P. Waytha Moorthy berkata, permohonan untuk penubuhan parti politik baharu itu telah dimajukan kepada RoS oleh jawatankuasa penaja MAP dua minggu lalu.\n\n\"Objektif utama parti ialah melindungi, mempromosi dan membawa kepentingan kaum India di Malaysia dalam politik, ekonomi, pendidikan, kebudayaan, agama dan sosial.\n\n\"Menerusi kelahiran parti politik baharu ini, wujud harapan dan peluang baharu bagi kaum India di negara ini dalam memastikan suara mereka diwakili dengan lebih berkesan agar tiada yang terpinggir,\" katanya dalam kenyataan, di sini hari ini.\n\nWaytha Moorthy yang juga Menteri di Jabatan Perdana Menteri berkata, kaum India akan berpeluang untuk menikmati kemajuan dan pembangunan yang dikecapi negara dengan lebih menyeluruh.\n\n\"Ia akan mengusahakan pemerkasaan dan penambahbaikan kaum India seiring Perlembagaan Persekutuan dalam meningkatkan kedudukan sosioekonomi serta menggalakkan perpaduan di negara ini,\" katanya.\n\nWaytha Moorthy berkata, parti itu juga akan bekerja dan menyertai semua parti komponen Pakatan Harapan untuk meningkatkan agenda pembaharuan di bawah 'Malaysia Baharu'. -BERNAMA", "keyword": ["ros", "kaum", "penubuhan", "wujud", "waytha", "penaja", "map", "terpinggir", "tunggu", "pendaftaran", "harapan", "kelulusan", "moorthy"], "summary": "KUALA LUMPUR 8 Sept. - Sebuah parti politik baharu untuk kaum India di negara ini dikenali Malaysian Advancement Party (MAP) kini dalam proses penubuhan dan sedang menunggu kelulusan pendaftaran daripada Jabatan Pendaftaran Pertubuhan Malaysia (RoS).\nPengerusi penaja Senator P. Waytha Moorthy berkata, permohonan untuk penubuhan parti politik baharu itu telah dimajukan kepada RoS oleh jawatankuasa penaja MAP dua minggu lalu.\n\"Objektif utama parti ialah melindungi, mempromosi dan membawa kepentingan kaum India di Malaysia dalam politik, ekonomi, pendidikan, kebudayaan, agama dan sosial.\nWaytha Moorthy yang juga Menteri di Jabatan Perdana Menteri berkata, kaum India akan berpeluang untuk menikmati kemajuan dan pembangunan yang dikecapi negara dengan lebih menyeluruh.\nWaytha Moorthy berkata, parti itu juga akan bekerja dan menyertai semua parti komponen Pakatan Harapan untuk meningkatkan agenda pembaharuan di bawah 'Malaysia Baharu'.", "news": "Utusan Malaysia", "date": "09-08-2018", "language": "INDONESIA"}, {"title": "Bantu kaum India bukan retorik", "url": "http://www.utusan.com.my/berita/nasional/bantu-kaum-india-bukan-retorik-1.600795", "authors": ["Zulkifli Sainuddin"], "top-image": "http://www.utusan.com.my/polopoly_fs/1.600793!/image/image.jpg_gen/derivatives/landscape_650/image.jpg", "text": "KUALA SELANGOR 31 Jan. - Datuk Seri Najib Tun Razak menegaskan bahawa agenda kerajaan untuk me\u00adningkatkan taraf hidup kaum India merupakan komitmen yang berterusan dan bukan percaturan politik semata-mata.\n\nPerdana Menteri berkata, buktinya kerajaan telah membangunkan Pelan Tindakan Masyarakat India Malaysia (MIB) pada tahun lalu yang menumpukan kepada aspek keperluan asas, kebajikan perumahan, pendidikan, keusa\u00adhawanan dan peningkatan pendapatan kaum India di negara ini.\n\nBeliau bagaimanapun berkata, usaha-usaha tersebut tidak akan dapat dicapai dalam tempoh yang singkat selain turut memerlukan sokongan padu dalam kalangan masyarakat India sendiri\n\n\u201cSaya faham, tuan-tuan ingin\u00adkan supaya anak-anak dapat pen\u00addidikan yang berkualiti. Saya sedar tuan-tuan mahu peluang ekonomi yang lebih baik, isu ke\u00adrakyatan diselesaikan dan mahu aspirasi dan cita-cita kaum India difahami.\n\n\u201cUsaha ini adalah usaha berte\u00adrusan dan kita tidak boleh sampai kepada matlamat itu dalam sehari dua saja kerana bukan setakat melibatkan pembangunan fizikal, tetapi juga perubahan struktur, sikap, nilai dan kekuatan kaum India.\n\n\u201cInilah cabaran yang kita hadapi, tapi yang pastinya ada harapan untuk semua dan sebab itu saya perlukan komitmen serta kepercayaan masyarakat India untuk bekerjasama dengan saya,\u201d katanya ketika berucap dalam Majlis Mesra Rakyat sempena Thaipusam di Kuil Subramaniar Swamy di sini hari ini.\n\nYang turut hadir, Presiden MIC, Datuk Seri Dr. S. Subramaniam; Pengerusi Barisan Nasional (BN) Selangor, Tan Sri Noh Omar dan Ahli Parlimen Kuala Selangor, Datuk Seri Dr. Irmohizam Ibrahim.\n\nTerdahulu kira-kira 5,000 pe\u00adnganut Hindu di sekitar daerah ini menyambut ketibaan Perdana Menteri dalam majlis itu yang diketuai Pengerusi kuil, T. Mogana Sundram.\n\nNajib dalam pada itu memberi jaminan bahawa kerajaan akan menunaikan apa yang dijanjikan kepada semua rakyat manakala hak dan kebebasan agama akan tetap dijaga Barisan Nasional (BN).\n\n\u201cKita bukan omong kosong, tetapi nijjam (kenyataan), kita akan tunaikan apa yang kita janjikan. Dalam Bajet 2018 saya telah umumkan peruntukan RM50 juta untuk Program Pembangunan Sosioekonomi Masyarakat India, RM50 juta untuk pinjaman Tabung Ekonomi Kumpulan Usa\u00adha Niaga Nasional (TEKUN) dan RM50 juta untuk kerja penyelenggaraan dan baik pulih sekolah Tamil.\n\n\u201cSelain itu, saya juga umumkan satu inisiatif baharu iaitu pengagihan khas sejumlah 1.5 bilion unit tambahan Amanah Saham 1Malaysia untuk kaum India,\u201d ujar beliau.\n\nSementara itu, Najib menambah, beliau juga akan melancarkan skim pelaburan khas untuk golongan isi rumah berpendapatan 40 peratus terendah (B40) pada bulan depan yang mana ia akan menambah simpanan 100,000 isi rumah B40 kaum India di negara ini.", "keyword": ["kaum", "umumkan", "selangor", "kuil", "bantu", "retorik", "khas", "rm50", "isi", "komitmen", "najib", "tuantuan"], "summary": "KUALA SELANGOR 31 Jan. - Datuk Seri Najib Tun Razak menegaskan bahawa agenda kerajaan untuk me\u00adningkatkan taraf hidup kaum India merupakan komitmen yang berterusan dan bukan percaturan politik semata-mata.\nPerdana Menteri berkata, buktinya kerajaan telah membangunkan Pelan Tindakan Masyarakat India Malaysia (MIB) pada tahun lalu yang menumpukan kepada aspek keperluan asas, kebajikan perumahan, pendidikan, keusa\u00adhawanan dan peningkatan pendapatan kaum India di negara ini.\nSaya sedar tuan-tuan mahu peluang ekonomi yang lebih baik, isu ke\u00adrakyatan diselesaikan dan mahu aspirasi dan cita-cita kaum India difahami.\n\u201cSelain itu, saya juga umumkan satu inisiatif baharu iaitu pengagihan khas sejumlah 1.5 bilion unit tambahan Amanah Saham 1Malaysia untuk kaum India,\u201d ujar beliau.\nSementara itu, Najib menambah, beliau juga akan melancarkan skim pelaburan khas untuk golongan isi rumah berpendapatan 40 peratus terendah (B40) pada bulan depan yang mana ia akan menambah simpanan 100,000 isi rumah B40 kaum India di negara ini.", "news": "Utusan Malaysia", "date": "01-31-2018", "language": "INDONESIA"}, {"title": "Ramasamy: UKM patut teruskan forum migrasi kaum India", "url": "https://www.malaysiakini.com/news/451133", "authors": [], "top-image": "http://i.malaysiakini.com/1216/39b8b28c51a67588f32347500856df4c.jpeg", "text": "Looks like Javascript is disabled in your browser. Malaysiakini requires Javascript to run normally. Click here to enable Javascript in your browser.", "keyword": ["ukm", "kaum", "normally", "looks", "javascript", "patut", "forum", "malaysiakini", "ramasamy", "migrasi", "teruskan", "enable", "disabled", "run", "browser", "requires"], "summary": "Looks like Javascript is disabled in your browser.\nMalaysiakini requires Javascript to run normally.\nClick here to enable Javascript in your browser.", "news": "Malaysiakini (caruman)", "date": "11-09-2018", "language": "ENGLISH"}, {"title": "Kaum India tanpa IC: 'MIC putar belit statistik KDN'", "url": "https://www.malaysiakini.com/news/440794", "authors": [], "top-image": "http://i.malaysiakini.com/555/c61b50a186e55983273b32f1a3ff0576.jpg", "text": "Looks like Javascript is disabled in your browser. Malaysiakini requires Javascript to run normally. Click here to enable Javascript in your browser.", "keyword": ["kaum", "normally", "requires", "looks", "javascript", "mic", "belit", "putar", "malaysiakini", "enable", "ic", "disabled", "kdn", "run", "browser", "statistik"], "summary": "Looks like Javascript is disabled in your browser.\nMalaysiakini requires Javascript to run normally.\nClick here to enable Javascript in your browser.", "news": "Malaysiakini (caruman)", "date": "08-28-2018", "language": "ENGLISH"}, {"title": "", "url": "https://www.bharian.com.my/berita/nasional/2018/04/408890/jangan-perlekeh-kaum-india", "authors": [], "top-image": "", "text": "", "keyword": [], "summary": "", "news": "Berita Harian", "date": "04-06-2018", "language": "INDONESIA"}, {"title": "", "url": "https://www.bharian.com.my/berita/nasional/2018/08/464043/dana-khas-rm4-bilion-untuk-pembangunan-masyarakat-india", "authors": [], "top-image": "", "text": "", "keyword": [], "summary": "", "news": "Berita Harian", "date": "08-19-2018", "language": "INDONESIA"}, {"title": "", "url": "https://www.bharian.com.my/berita/politik/2018/04/409781/dr-mahathir-tidak-pedulikan-kaum-india", "authors": [], "top-image": "", "text": "", "keyword": [], "summary": "", "news": "Berita Harian", "date": "04-08-2018", "language": "INDONESIA"}, {"title": "AS1M untuk kaum India catat RM180 juta selepas 3 hari", "url": "https://www.malaysiakini.com/news/411332", "authors": [], "top-image": "http://i.malaysiakini.com/1173/119cbbfddd78f6a60c02558b477b7315.jpeg", "text": "Looks like Javascript is disabled in your browser. Malaysiakini requires Javascript to run normally. Click here to enable Javascript in your browser.", "keyword": ["kaum", "normally", "looks", "javascript", "rm180", "as1m", "catat", "malaysiakini", "enable", "disabled", "run", "browser", "requires"], "summary": "Looks like Javascript is disabled in your browser.\nMalaysiakini requires Javascript to run normally.\nClick here to enable Javascript in your browser.", "news": "Malaysiakini (caruman)", "date": "02-06-2018", "language": "ENGLISH"}, {"title": "Kaum India di NS tiada masalah", "url": "https://www.hmetro.com.my/mutakhir/2018/02/312880/kaum-india-di-ns-tiada-masalah", "authors": ["Mohd Khidir Zakaria", "Am Nstp.Com.My"], "top-image": "https://assets.hmetro.com.my/images/articles/HMmat-O_field_image_listing_featured.var_1518596799.jpg", "text": "\n\n\n\nHAMPIR semua masalah kaum India di Negeri Sembilan sudah dapat diselesaikan dalam tempoh 10 tahun kebelakangan ini, kata Menteri Besar, Datuk Seri Mohamad Hasan. Beliau yang juga Ahli Dewan Undangan Negeri (ADUN) Rantau yang lebih mesra dengan panggilan Tok Mat itu berkata, antara isu utama ialah masalah kuil, pendidikan Sekolah Jenis Kebangsaan Tamil (SJKT), pemilikan tanah dan kebajikan kaum India yang tinggal di ladang atau estet.\n\n\u201cSejak memegang jawatan Menteri Besar, perkara pertama yang saya buat ialah menstruktur semula masyarakat kita yang berbilang kaum. Kemudian, pendidikan di peringkat asas di sekolah rendah juga menjadi agenda utama sehinggakan Negeri Sembilan menduduki tempat kedua dalam negara bagi peperiksaan Ujian Pencapaian Sekolah Rendah (UPSR).\n\n\u201cKerajaan tidak meminggirkan kaum India malah kita bantu selesaikan setiap masalah mereka dengan sedaya upaya\u201d katanya ketika menjadi panel Program Jasa Segar Mekar, India Young Star (IYS) \u2018Talk Show\u2019 di Dewan Besar Kolej Vokasional Port Dickson, hari ini. Program berbentuk \u2018Talk Show\u2019 itu turut disertai Penganalisis Politik, Profesor Dr Sivamurugan Pandian dan dihadiri kira-kira 300 belia dari sekitar daerah ini.\n\nTurut hadir, Setiausaha Kerajaan Negeri, Datuk Seri Mat Ali Hassan, Pengerusi Jawatankuasa Pelancongan negeri, Datuk Tun Hairudin Abu Bakar dan ADUN Linggi, Datuk Abdul Rahman Mohd Redza.\n\nSementara itu, Mohamad berkata, Negeri Sembilan berada di landasan yang betul dan membangun dengan pesat, lebih-lebih lagi dengan pembangunan Lembah Wawasan Malaysia (MVV) membabitkan kawasan Seremban dan Port Dickson.\n\nDalam pada itu, ketika menjawab soalan wakil belia MIC mengenai peluang pekerjaan yang semakin membimbangkan, Mohamad berkata, kerajaan sentiasa berusaha meningkatkan peluang pekerjaan di sektor swasta kerana jawatan dalam perkhidmatan awam amat terhad berbanding bilangan graduan yang menamatkan pengajian setiap tahun.\n\n\u201cDi negara kita, lebih 20,000 graduan institusi pendidikan tinggi awam (IPTA) dan swasta (IPTS) keluar setiap tahun dan pastinya tidak cukup perjawatan di sektor kerajaan, menyebabkan mereka terpaksa bersaing untuk mendapatkan jawatan yang amat terhad itu.\n\n\u201cDisebabkan keadaan ini, kita memerlukan kerajaan yang kuat dan stabil bagi menarik lebih banyak pelabur datang ke negara kita seterusnya membuka lebih banyak peluang pekerjaan,\u201d katanya.", "keyword": ["kaum", "swasta", "sembilan", "talk", "pekerjaan", "mat", "graduan", "mohamad", "terhad", "port", "ns"], "summary": "HAMPIR semua masalah kaum India di Negeri Sembilan sudah dapat diselesaikan dalam tempoh 10 tahun kebelakangan ini, kata Menteri Besar, Datuk Seri Mohamad Hasan.\nBeliau yang juga Ahli Dewan Undangan Negeri (ADUN) Rantau yang lebih mesra dengan panggilan Tok Mat itu berkata, antara isu utama ialah masalah kuil, pendidikan Sekolah Jenis Kebangsaan Tamil (SJKT), pemilikan tanah dan kebajikan kaum India yang tinggal di ladang atau estet.\n\u201cSejak memegang jawatan Menteri Besar, perkara pertama yang saya buat ialah menstruktur semula masyarakat kita yang berbilang kaum.\n\u201cKerajaan tidak meminggirkan kaum India malah kita bantu selesaikan setiap masalah mereka dengan sedaya upaya\u201d katanya ketika menjadi panel Program Jasa Segar Mekar, India Young Star (IYS) \u2018Talk Show\u2019 di Dewan Besar Kolej Vokasional Port Dickson, hari ini.\nProgram berbentuk \u2018Talk Show\u2019 itu turut disertai Penganalisis Politik, Profesor Dr Sivamurugan Pandian dan dihadiri kira-kira 300 belia dari sekitar daerah ini.", "news": "Harian Metro", "date": "02-14-2018", "language": "INDONESIA"}, {"title": "Cegah suami kasar, kaum istri di India diberi tongkat pemukul", "url": "https://www.bbc.com/indonesia/majalah-39770044", "authors": [], "top-image": "https://ichef.bbci.co.uk/news/1024/branded_indonesia/17471/production/_95854359_9eb15892-5701-4ccf-8471-442b1235a706.jpg", "text": "Hak atas foto Hindustan Times Image caption Pengantin perempuan di negara bagian Madhya Pradesh, India, diberi tongkat pemukul kayu, yang berukuran panjang 40 sentimeter.\n\nRatusan pengantin perempuan yang ambil bagian dalam perkawinan massal di India diberi tongkat pemukul dari kayu dan diminta menggunakan tongkat tersebut sebagai senjata ketika para suami bertindak kasar.\n\nPesan yang ditulis di tongkat tersebut adalah 'untuk dipakai melawan para pemabuk'. Pentungan ini memiliki panjang sekitar 40 sentimeter dan secara tradisional biasanya dimanfaatkan untuk mencuci baju.\n\nMenteri Utama negara bagian Madhya Pradesh, Gopal Bhargava, mengatakan pihaknya ingin mengangkat isu kekerasan dalam rumah tangga.\n\nKepada para pengantin perempuan, ia mengatakan sebelum benar-benar dipakai, harus ada komunikasi yang baik dengan suami, sehingga tongkat pemukul menjadi 'pilihan terakhir'.\n\n\"Jika para suami tidak mau mendengar alasan istri, barulah memanfaatkan tongkat pemukul,\" kata Bhargava.\n\nDi halaman Facebooknya, Bhargava mengunggah foto-foto pengantin perempuan yang mendapatkan tongkat pemukul.\n\n'Kecanduan minuman keras'\n\nHak atas foto Hindustan Times Image caption Pada tongkat kayu ada tulisan yang kira-kira bermakna 'untuk digunakan terhadap suami yang alkoholik'.\n\nKepada kantor berita AFP, Bhargava menuturkan bahwa ia khawatir dengan jumlah istri yang mendapat perlakuan buruk dari para suami yang alkoholik.\n\n\"Para perempuan ini mengatakan para suami menjadi kasar ketika mabuk. Para suami menghabiskan uang tabungan untuk membeli minuman keras,\" kata Bhargava.\n\nIa menambahkan pemberian tongkat pemukul dari kayu sama sekali tidak dimaksudkan untuk mendorong tindak kekerasan tapi justru mencegah para suami berlaku kasar.\n\nBhargava -yang berasal dari partai yang berkuasa Bharatiya Janata- telah memesan 10.000 tongkat dan hampir 700 pengantin perempuan menerimanya dalam pernikahan masal di kota Garhakota pada akhir pekan.\n\nPerkawinan massal biasanya dilangsungkan di India bagi pasangan dari kalangan bawah sehingga mereka tidak harus mengeluarkan uang untuk merayakan pernikahan mereka.\n\nMedia setempat mengatakan langkah ini diambil untuk mendapatkan dukungan dalam pemilihan umum tahun depan.", "keyword": ["kaum", "kasar", "kayu", "tongkat", "times", "istri", "cegah", "pemukul", "perempuan", "pradesh", "pernikahan", "suami", "bhargava", "pengantin"], "summary": "Hak atas foto Hindustan Times Image caption Pengantin perempuan di negara bagian Madhya Pradesh, India, diberi tongkat pemukul kayu, yang berukuran panjang 40 sentimeter.\nRatusan pengantin perempuan yang ambil bagian dalam perkawinan massal di India diberi tongkat pemukul dari kayu dan diminta menggunakan tongkat tersebut sebagai senjata ketika para suami bertindak kasar.\nKepada para pengantin perempuan, ia mengatakan sebelum benar-benar dipakai, harus ada komunikasi yang baik dengan suami, sehingga tongkat pemukul menjadi 'pilihan terakhir'.\n\"Jika para suami tidak mau mendengar alasan istri, barulah memanfaatkan tongkat pemukul,\" kata Bhargava.\nIa menambahkan pemberian tongkat pemukul dari kayu sama sekali tidak dimaksudkan untuk mendorong tindak kekerasan tapi justru mencegah para suami berlaku kasar.", "news": "BBC Indonesia", "date": "05-01-2017", "language": "ENGLISH"}, {"title": "Parti politik, NGO kaum India perlu berganding bahu - TPM", "url": "http://www.astroawani.com/berita-politik/parti-politik-ngo-kaum-india-perlu-berganding-bahu-tpm-165578", "authors": [], "top-image": "https://img.astroawani.com/2018-01/51515848839_TimbalanPerdanaMen.jpg", "text": ": Datuk Seri Dr Ahmad Zahid Hamidi menyarankan semua parti politik dan pertubuhan bukan kerajaan (NGO) kaum India untuk bersatu hati agar sokongan masyarakat itu kepada kerajaan dapat ditingkatkan terutama pada Pilihan Raya Umum (PRU) ke-14 nanti.Timbalan Perdana Menteri berkata, sokongan padu masyarakat India terhadap kerajaan akan memudahkan lagi usaha membantu kaum tersebut khususnya menerusi Pelan Tindakan Masyarakat India Malaysia (MIB).Jelas beliau, ini juga bertujuan untuk menapis serta menghentikan pengaruh dan lontaran kenyataan yang berbaur negatif daripada pihak pembangkang.\"Pembangkang akan datang lima tahun sekali mengatakan semua yang dilakukan oleh kerajaan tidak baik.\"Saya percaya, walaupun pembangunan meningkat di Bagan Datuk dengan terbinanya MRSM (Maktab Rendah Sains Mara), Kolej Komuniti, Politeknik, kompleks sukan, mereka akan tetap cakap ini tidak bagus,\" katanya.Beliau berkata demikian ketika menyampaikan ucapan perasmian pada Program Ramah Mesra Padu Bersama Masyarakat India DUN Rungkup sempena sambutan Ponggal di Batu 25 di sini, hari ini.Turut hadir, Pengerusi Jawatankuasa Sumber Manusia, Belia dan Sukan negeri merangkap Ahli Dewan Undangan Negeri (ADUN) Rungkup, Datuk Shahrul Zaman Yahya serta Pengerusi MIC Perak, Datuk V Elango.Ahmad Zahid yang juga Ahli Parlimen Bagan Datuk berkata, apabila pembangkang kembali ke tempat masing-masing, senario sama akan berlaku saban tahun apabila pemimpin daripada kerajaan pula yang akan ditemui untuk menyelesaikan masalah rakyat.Katanya, kerajaan komited untuk terus berusaha membantu masyarakat India menerusi pelbagai cara dan perkara tersebut dilihat sukar untuk direalisasikan sekiranya mereka tidak bersatu hati dan berpecah belah.Beliau juga memberi contoh, apabila penduduk tidak berkemampuan untuk membeli kelengkapan persekolahan, kerajaan akan membantu mereka termasuk mendapatkan penaja daripada syarikat swasta untuk memberikan sumbangan.\"Kenapa harus mendengar cakap pembangkang yang hanya datang lima tahun sekali dan mengatakan semua perkara tidak baik?\"Kita (pemimpin kerajaan) tidak minta dipuji tetapi jangan mengutuk kerana kita bekerja untuk semua rakyat Malaysia tanpa mengira kaum dan agama,\" katanya.", "keyword": ["hati", "kaum", "bagan", "zahid", "bahu", "ngo", "pembangkang", "padu", "bersatu", "ahli", "tpm", "rungkup", "cakap", "berganding"], "summary": ": Datuk Seri Dr Ahmad Zahid Hamidi menyarankan semua parti politik dan pertubuhan bukan kerajaan (NGO) kaum India untuk bersatu hati agar sokongan masyarakat itu kepada kerajaan dapat ditingkatkan terutama pada Pilihan Raya Umum (PRU) ke-14 nanti.Timbalan Perdana Menteri berkata, sokongan padu masyarakat India terhadap kerajaan akan memudahkan lagi usaha membantu kaum tersebut khususnya menerusi Pelan Tindakan Masyarakat India Malaysia (MIB).Jelas beliau, ini juga bertujuan untuk menapis serta menghentikan pengaruh dan lontaran kenyataan yang berbaur negatif daripada pihak pembangkang.\n\"Pembangkang akan datang lima tahun sekali mengatakan semua yang dilakukan oleh kerajaan tidak baik.\n\"Saya percaya, walaupun pembangunan meningkat di Bagan Datuk dengan terbinanya MRSM (Maktab Rendah Sains Mara), Kolej Komuniti, Politeknik, kompleks sukan, mereka akan tetap cakap ini tidak bagus,\" katanya.Beliau berkata demikian ketika menyampaikan ucapan perasmian pada Program Ramah Mesra Padu Bersama Masyarakat India DUN Rungkup sempena sambutan Ponggal di Batu 25 di sini, hari ini.Turut hadir, Pengerusi Jawatankuasa Sumber Manusia, Belia dan Sukan negeri merangkap Ahli Dewan Undangan Negeri (ADUN) Rungkup, Datuk Shahrul Zaman Yahya serta Pengerusi MIC Perak, Datuk V Elango.Ahmad Zahid yang juga Ahli Parlimen Bagan Datuk berkata, apabila pembangkang kembali ke tempat masing-masing, senario sama akan berlaku saban tahun apabila pemimpin daripada kerajaan pula yang akan ditemui untuk menyelesaikan masalah rakyat.Katanya, kerajaan komited untuk terus berusaha membantu masyarakat India menerusi pelbagai cara dan perkara tersebut dilihat sukar untuk direalisasikan sekiranya mereka tidak bersatu hati dan berpecah belah.Beliau juga memberi contoh, apabila penduduk tidak berkemampuan untuk membeli kelengkapan persekolahan, kerajaan akan membantu mereka termasuk mendapatkan penaja daripada syarikat swasta untuk memberikan sumbangan.\n\"Kenapa harus mendengar cakap pembangkang yang hanya datang lima tahun sekali dan mengatakan semua perkara tidak baik?\n\"Kita (pemimpin kerajaan) tidak minta dipuji tetapi jangan mengutuk kerana kita bekerja untuk semua rakyat Malaysia tanpa mengira kaum dan agama,\" katanya.", "news": "Astro Awani", "date": "01-13-2018", "language": "INDONESIA"}, {"title": "", "url": "https://www.bharian.com.my/berita/nasional/2017/11/346274/bajet-2018-manfaatkan-masyarakat-india", "authors": [], "top-image": "", "text": "", "keyword": [], "summary": "", "news": "Berita Harian", "date": "11-04-2017", "language": "INDONESIA"}, {"title": "", "url": "https://www.bharian.com.my/berita/nasional/2018/01/382270/masyarakat-india-nikmati-insentif-amanah-saham-1malaysia", "authors": [], "top-image": "", "text": "", "keyword": [], "summary": "", "news": "Berita Harian", "date": "01-29-2018", "language": "INDONESIA"}, {"title": "Potret Kaum Pemakan Tikus, Termiskin dari yang Termiskin di India", "url": "https://dunia.tempo.co/read/1040733/potret-kaum-pemakan-tikus-termiskin-dari-yang-termiskin-di-india", "authors": ["Maria Rita Hasugian", "Reporter", "Editor"], "top-image": "https://statik.tempo.co/data/2017/12/08/id_668465/668465_720.jpg", "text": "Selama musim panen padi, anggota masyarakat Musahar menjebak tikus dari ladang padi untuk di makan di Bihar, India. Masyarakat Musahar selain memakan tikus sebagai makanan utamanya, mereka juga makan ikan, siput dan keco. aljazeera.com\n\nTEMPO.CO, Jakarta - Apa yang terbayang jika ada sekitar 2,5 juta orang bertahan hidup dengan memburu dan memakan tikus setiap hari? Ini terjadi di India, tepatnya di negara bagian Bihar. Mereka dinamai kaum Musahars atau Pemakan Tikus. Mereka tersebar di desa-desa terpencil di antaranya di Phekan, di desa Alampur Gonpura, dan di desa Kubaul di distrik Darbhanga.\n\nHidup dari memburu dan memakan tikus setiap hari bukanlah karena tradisi, tapi karena kemiskinan yang teramat parah. Para Musahars bahkan disebut sebagai yang termiskin dari yang termiskin di India. Bahkan kasta Dalith yang selama ini dikenal sebagai kasta termiskin di India, masih memandang rendah Musahars.\n\n\"Mereka yang termiskin di antara yang termiskin dan sangat jarang terdengar atau mendapat akses kepada skema bantuan pemerintah,\" kata Sudha Varghese, aktivits yang menghabiskan tiga dekade hidupnya bekerja bersama-sama kaum Musahars di Bihar, seperti dikutip dari South China Morning Post, 7 Desember 2017.\n\nSejumlah bocah masyarakat Musahar terlihat tidak mengenakan pakaian usai mencari makanan di ladang di Bihar, India. Masyarakat Musahar hidup dalam kemiskinan akut dan sebagian besar anak-anak di sini tidak mengenakan pakaian karena kekurangan uang. aljazeera.com\n\nSelama berpuluh tahun, komunitas Musahars hidup dari menyantap tikus dengan cara sederhana, memanggangnya di atas kayu api di atas tanah. Lalu mereka beramai-ramai memakannya. Anak-anak dengan tubuh kurus perut buncit dengan pakaian tak layak pakai dan hampir telanjang menikmati tikus panggang.\n\nSetiap Musharas termasuk anak-anak dengan mudah akan menjelaskan bagaimana cara memasak tikus. Mereka sudah terbiasa.\n\nDan untuk menambah rasa daging tikus yang dipanggang, mereka menambahkan garam dan minyak biji sesawi.\n\nAnak-anak itu tidak bersekolah. Tidak ada sekolah di sekitar kampung mereka. Begitu juga pusat layanan kesehatan berkilometer-kilometer jauhnya, listrik padam, dan tidak ada bantuan untuk mengasah ketrampilan mereka. Alhasil, mereka menganggur selama hidupnya.\n\nMereka mencari makan hanya sebagai petani kasar. Selebihnya jadi pemburu tikus.\n\n\"Kami dududk di rumah sepanjang hari tanpa melakukan apa-apa. Beberapa hari kami bekerja di pertanian, dan di lain hari kami mencari tikus dan memakannnya dengan sedikit gandum yang bisa kami dapatkan,\" kata Rakesh Manjhi, 28 tahun, asal desa Alampur Gonpura.\n\nPendiri sekolah untuk anak laki-laki Musahars, J.K Sinha menuturkan, awal bertemu ia menyaksikan warga Musharas tinggal di pondok kecil bersama babi-babi dan kotoran hewan.\n\n\"Mengagetkan. Tidak manusiawi. Saya tak akan pernah melupakannya,\" ujar Sinha.\n\nPerubahan muncul ketika anak-anak Musahars mulai dewasa dan mengubah nasib dengan meninggalkan rumahnya bekerja sebagai buruh murah di kota sekitar.\n\nNamun diskriminasi di segala sisi kehidupan kaum Musahars tidak berubah.\n\nSeorang wanita masyarakat Musahar memperlihatkan makanan hasil tangkapannya, ikan dan siput di Bihar, India. Penduduk Musahar berada di urutan terbawah dalam sistem kasta di India, dengan tingkat melek huruf dan perdapatan per kepala terendah. aljazeera.com\n\nDi bidang kesehatan misalnya, mereka mengalami diskriminasi yang mengerikan. Hampir 60 persen anak yang dilahirkan meninggal sebelum berusia 1 tahun. Penderita kusta menjadi pemandangan sehari-hari di sana. Begitu juga penderita busung lapar parah.\n\nKusum Lal, 72 tahun, menuturkan tak satupun politisi pernah datang mengunjungi desanya. Mereka dilirik hanya lima tahun sekali, saat kampanye pemilu berlangsung. Itu saja. Sehingga mereka bertekad tidak akan memberikan suaranya dalam pemilu mendatang hingga kondisi desa mereka lebih baik dari sekarang.\n\n\"Semua desa tetangga telah dialiri listrik, namun kami masih hidup dengan kondisi tidak beradab. Tak ada sekolah dan sekolah terdekat berjarak 2 kilometer jauhnya. Anak-anak terpaksa menyeberangi sungai untuk bersekolah. Selama musim hujan, desa kami terputus karena tidak ada jalan untuk mencapai desa kami. Tuntutan kami adalah road nahi, toh vote nahi, tak ada jalan, tak ada suara,\" ujar pria uzur ini, seperti dikutip dari Al Jazeera.\n\nTidak jelas kenapa kaum Musahars yang berjumlah sekitar 2,5 juta ini diabaikan oleh pemerintah India. Hingga mereka terpaksa bertahan hidup dengan memburu dan menyantap tikus, setiap hari!", "keyword": ["kaum", "pemakan", "anakanak", "musahars", "bihar", "pakaian", "memburu", "termiskin", "memakan", "potret", "musahar", "tikus"], "summary": "aljazeera.comTEMPO.CO, Jakarta - Apa yang terbayang jika ada sekitar 2,5 juta orang bertahan hidup dengan memburu dan memakan tikus setiap hari?\nMereka dinamai kaum Musahars atau Pemakan Tikus.\nHidup dari memburu dan memakan tikus setiap hari bukanlah karena tradisi, tapi karena kemiskinan yang teramat parah.\nPerubahan muncul ketika anak-anak Musahars mulai dewasa dan mengubah nasib dengan meninggalkan rumahnya bekerja sebagai buruh murah di kota sekitar.\nTidak jelas kenapa kaum Musahars yang berjumlah sekitar 2,5 juta ini diabaikan oleh pemerintah India.", "news": "Tempo.co", "date": "12-08-2017", "language": "INDONESIA"}, {"title": "Sistem meritokrasi rugikan kaum India - PM Najib", "url": "http://www.astroawani.com/berita-malaysia/sistem-meritokrasi-rugikan-kaum-india-pm-najib-157295", "authors": [], "top-image": "https://img.astroawani.com/2017-10/81507461750_IPFMaeps.jpg", "text": ": Sistem meritokrasi pengajian tinggi pada ketika ini menjadi punca kekurangan pelajar kaum India di universiti awam tempatan.Perkara tersebut diakui Perdana Menteri, Datuk Seri Najib Tun Razak yang melihat sekiranya sistem itu berterusan, ia akan terus merugikan kaum India.\"Kalau kita membiarkan dasar meritokrasi dilaksanakan sepenuhnya, maka yang akan jadi mangsa masyarakat kaum India.\"Dasar meritokrasi mula dilaksanakan bukan dalam zaman saya tetapi zaman orang lain dan dasar ini tidak membantu masyarakat orang India.\"Kalau kita tidak buat sesuatu, mungkin penyertaan di peringkat institut pengajian tinggi (IPT) antara 3 hingga 4 peratus sahaja dan bukan sampai 7 peratus sekali gus merugikan masyarakat kaum India,\" katanya semasa merasmikan Perhimpunan Agung Parti Barisan Kemajuan India SeMalaysia (IPF) ke-25 di sini hari ini.Beliau sebelum ini telah mengarahkan penambahan sebanyak 700 tempat kepada pelajar-pelajar kaum India di peringkat IPT.Selain itu, 1,500 tempat turut ditawarkan kepada pelajar kaum India di peringkat matrikulasi.Malah, jelas Najib peruntukan sebanyak RM900 juta telah disalurkan untuk membangunkan sekolah-sekolah jenis kebangsaan Tamil sejak beliau menjawat jawatan sebagai perdana menteri.Justeru, katanya kerajaaan Barisan Nasional (BN) bukan hanya bercakap kosong sebaliknya membuat kerja demi rakyat.", "keyword": ["kaum", "indiakalau", "merugikan", "rugikan", "pengajian", "dilaksanakan", "barisan", "pelajar", "meritokrasi", "najib", "universiti"], "summary": ": Sistem meritokrasi pengajian tinggi pada ketika ini menjadi punca kekurangan pelajar kaum India di universiti awam tempatan.Perkara tersebut diakui Perdana Menteri, Datuk Seri Najib Tun Razak yang melihat sekiranya sistem itu berterusan, ia akan terus merugikan kaum India.\n\"Kalau kita membiarkan dasar meritokrasi dilaksanakan sepenuhnya, maka yang akan jadi mangsa masyarakat kaum India.\n\"Dasar meritokrasi mula dilaksanakan bukan dalam zaman saya tetapi zaman orang lain dan dasar ini tidak membantu masyarakat orang India.\n\"Kalau kita tidak buat sesuatu, mungkin penyertaan di peringkat institut pengajian tinggi (IPT) antara 3 hingga 4 peratus sahaja dan bukan sampai 7 peratus sekali gus merugikan masyarakat kaum India,\" katanya semasa merasmikan Perhimpunan Agung Parti Barisan Kemajuan India SeMalaysia (IPF) ke-25 di sini hari ini.Beliau sebelum ini telah mengarahkan penambahan sebanyak 700 tempat kepada pelajar-pelajar kaum India di peringkat IPT.Selain itu, 1,500 tempat turut ditawarkan kepada pelajar kaum India di peringkat matrikulasi.Malah, jelas Najib peruntukan sebanyak RM900 juta telah disalurkan untuk membangunkan sekolah-sekolah jenis kebangsaan Tamil sejak beliau menjawat jawatan sebagai perdana menteri.Justeru, katanya kerajaaan Barisan Nasional (BN) bukan hanya bercakap kosong sebaliknya membuat kerja demi rakyat.", "news": "Astro Awani", "date": "10-08-2017", "language": "INDONESIA"}, {"title": "KPM nafi kaum India dipinggir dalam pengambilan kakitangan sektor pendidikan", "url": "http://www.kosmo.com.my/terkini/kpm-nafi-kaum-india-dipinggir-dalam-pengambilan-kakitangan-sektor-pendidikan-1.874606", "authors": ["Nor Idayu Bosro"], "top-image": "http://www.kosmo.com.my/polopoly_fs/1.874610!/image/image.jpg_gen/derivatives/landscape_650/image.jpg", "text": "PUTRAJAYA - Kementerian Pendidikan (KPM) menafikan laporan Malaysia Nanban yang mendakwa kaum India di negara ini tiada peluang kerja dan dipinggirkan dalam pengambilan kakitangan sektor pendidikan.\n\nKementerian itu dalam satu kenyataan berkata, urusan pengambilan kakitangan sektor pendidikan tidak diuruskan oleh KPM sebaliknya Suruhanjaya Perkhidmatan Pelajaran (SPP) bertindak selaku pihak berkuasa melantik.\n\nMenurutnya, dari segi keperluan pengambilan yang dikemukakan kepada SPP, kementerian tidak pernah menetapkan sebarang syarat pengisian jawatan berasaskan diskriminasi kepada mana-mana kaum, kepercayaan atau jantina dalam mengambil kakitangan awam di semua peringkat.\n\n\"KPM menegaskan bahawa laporan tersebut adalah sama sekali tidak benar dan tidak berasas.\n\n\"Selain itu, laporan yang mengatakan bahawa pengambilan kakitangan baharu hanya mengutamakan satu-satu kaum juga tidak berasas dan bersifat mencetuskan persepsi negatif terhadap KPM,\" katanya di sini hari ini.\n\nKenyataan itu berkata, KPM juga telah dimaklumkan bahawa pihak SPP telah melaksanakan proses pengambilan secara profesional dan penuh berintegriti berdasarkan merit kelayakan seseorang calon.\n\n\"KPM dan SPP tidak meminggirkan mana-mana kaum kerana sektor pendidikan merupakan bidang yang memerlukan penglibatan semua rakyat Malaysia yang berkelayakan tanpa mengira kaum dan agama bagi menyediakan pendidikan berkualiti,\" katanya.\n\nSementara itu, KPM berkata, Malaysia Nanban sebagai akhbar yang bertanggungjawab tidak sewajarnya menyiarkan laporan yang tidak berasas tanpa menyemak fakta dan maklumat yang betul terlebih dahulu.\n\n\"Siaran laporan yang tidak benar ini boleh menimbulkan salah tanggapan dan persepsi negatif terhadap KPM dan SPP,\" katanya. - K! ONLINE", "keyword": ["kaum", "negatif", "persepsi", "berasas", "dipinggir", "nafi", "pengambilan", "spp", "kpm", "nanban", "kakitangan", "manamana"], "summary": "PUTRAJAYA - Kementerian Pendidikan (KPM) menafikan laporan Malaysia Nanban yang mendakwa kaum India di negara ini tiada peluang kerja dan dipinggirkan dalam pengambilan kakitangan sektor pendidikan.\nKementerian itu dalam satu kenyataan berkata, urusan pengambilan kakitangan sektor pendidikan tidak diuruskan oleh KPM sebaliknya Suruhanjaya Perkhidmatan Pelajaran (SPP) bertindak selaku pihak berkuasa melantik.\n\"Selain itu, laporan yang mengatakan bahawa pengambilan kakitangan baharu hanya mengutamakan satu-satu kaum juga tidak berasas dan bersifat mencetuskan persepsi negatif terhadap KPM,\" katanya di sini hari ini.\n\"KPM dan SPP tidak meminggirkan mana-mana kaum kerana sektor pendidikan merupakan bidang yang memerlukan penglibatan semua rakyat Malaysia yang berkelayakan tanpa mengira kaum dan agama bagi menyediakan pendidikan berkualiti,\" katanya.\n\"Siaran laporan yang tidak benar ini boleh menimbulkan salah tanggapan dan persepsi negatif terhadap KPM dan SPP,\" katanya.", "news": "Kosmo!", "date": "04-01-2019", "language": "INDONESIA"}, {"title": "Kerajaan tidak pinggirkan kaum India di Wilayah Persekutuan", "url": "http://www.astroawani.com/berita-malaysia/kerajaan-tidak-pinggirkan-kaum-india-di-wilayah-persekutuan-166838", "authors": [], "top-image": "https://img.astroawani.com/2018-01/81517174054_KUNANUDA.jpg", "text": ": Kebajikan untuk kaum India di Wilayah Persekutuan tidak pernah terabai kerana kerajaan komited untuk memastikan kebajikan setiap warga kota terbela, kata Menteri Wilayah Persekutuan Datuk Seri Tengku Adnan Tengku Mansor.Tengku Adnan berkata masyarakat India diminta tidak melepaskan pelbagai peluang yang disediakan kerajaan antaranya rumah mampu milik di Wilayah Persekutuan Kuala Lumpur, Putrajaya dan Labuan serta pinjaman perumahan khas buat kaum India.\"Kerajaan memperuntukkan dana khas sebanyak RM50 juta kepada Yayasan Wilayah Persekutuan bagi pembeli kaum India yang mahu membuat pinjaman untuk pembelian unit Rumawip (Rumah Mampu Milik Wilayah Persekutuan).\"Program seperti Rumawip dan perumahan rakyat, kita sentiasa memastikan supaya kuota tertentu diberi kepada kaum India,\" katanya ketika berucap merasmikan Karnival Ponggal 2018 di Yayasan Wangsa Perdana di sini pada Ahad.Sementara itu, Tengku Adnan berkata kaum India diminta terus bersatu kerana tidak ada parti selain Barisan Nasional (BN) yang sentiasa prihatin demi menentukan nasib rakyat Malaysia.\"Tanyalah wakil rakyat pembangkang. Mereka hanya cakap. Cakap tetapi tidak buat kerja. BN cakap dan buat kerja. Saya percaya dengan semangat dan penyatuan dalam program hari ini dapat dikekalkan sehingga musim pilihan raya akan datang. Insya-Allah Wangsa Maju dalam tangan BN,\" katanya.-- BERNAMA", "keyword": ["kaum", "pinggirkan", "adnan", "rumawip", "yayasan", "perumahan", "khas", "sentiasa", "wangsa", "tengku", "cakap"], "summary": ": Kebajikan untuk kaum India di Wilayah Persekutuan tidak pernah terabai kerana kerajaan komited untuk memastikan kebajikan setiap warga kota terbela, kata Menteri Wilayah Persekutuan Datuk Seri Tengku Adnan Tengku Mansor.Tengku Adnan berkata masyarakat India diminta tidak melepaskan pelbagai peluang yang disediakan kerajaan antaranya rumah mampu milik di Wilayah Persekutuan Kuala Lumpur, Putrajaya dan Labuan serta pinjaman perumahan khas buat kaum India.\n\"Kerajaan memperuntukkan dana khas sebanyak RM50 juta kepada Yayasan Wilayah Persekutuan bagi pembeli kaum India yang mahu membuat pinjaman untuk pembelian unit Rumawip (Rumah Mampu Milik Wilayah Persekutuan).\n\"Program seperti Rumawip dan perumahan rakyat, kita sentiasa memastikan supaya kuota tertentu diberi kepada kaum India,\" katanya ketika berucap merasmikan Karnival Ponggal 2018 di Yayasan Wangsa Perdana di sini pada Ahad.Sementara itu, Tengku Adnan berkata kaum India diminta terus bersatu kerana tidak ada parti selain Barisan Nasional (BN) yang sentiasa prihatin demi menentukan nasib rakyat Malaysia.\nSaya percaya dengan semangat dan penyatuan dalam program hari ini dapat dikekalkan sehingga musim pilihan raya akan datang.\nInsya-Allah Wangsa Maju dalam tangan BN,\" katanya.-- BERNAMA", "news": "Astro Awani", "date": "01-28-2018", "language": "INDONESIA"}, {"title": "", "url": "https://www.bharian.com.my/berita/politik/2018/02/384163/pengundi-india-perlu-sokong-bn", "authors": [], "top-image": "", "text": "", "keyword": [], "summary": "", "news": "Berita Harian", "date": "02-03-2018", "language": "INDONESIA"}, {"title": "Teruskan pembaharuan perkhidmatan awam untuk kaum India - Pemuda MIC", "url": "http://www.astroawani.com/berita-malaysia/teruskan-pembaharuan-perkhidmatan-awam-untuk-kaum-india-pemuda-mic-168748", "authors": [], "top-image": "https://img.astroawani.com/2018-02/51517746313_DatukSivarraajh.jpg", "text": ": Pemuda MIC berharap pembaharuan perkhidmatan awam akan diteruskan di bawah kepimpinan Datuk Seri Najib Tun Razak selain dapat melihat kepelbagaian yang lebih besar dalam kalangan jawatan tertinggi perkhidmatan awam.Ketua Pemuda MIC, Datuk Sivarraajh Chandran berkata, ia juga akan meningkatkan keyakinan dalam kalangan kaum India kepada Perdana Menteri Datuk Seri Najib bahawa mereka akan diberi ganjaran dan diiktiraf di atas perkhidmatan mereka kepada kerajaan.\"Pemuda MIC turut menyeru lebih banyak kaum India di negara ini mengambil kesempatan yang ada untuk menyertai perkhidmatan awam.\"Di bawah kerajaan Datuk Seri Najib, mereka mendapat keyakinan bahawa tiada halangan dan sentiasa ada jalan untuk mereka mencapai kedudukan tertinggi di agensi masing-masing.\"Pelan Tindakan Masyarakat India (MIB) adalah bukti bahawa masa depan boleh menjadi lebih cerah untuk komuniti India ini,\" katanya dalam satu kenyataan di sini hari ini.Jelasnya, orang India dan rakyat negara ini juga harus melihat kembali setiap usaha kerajaan selama ini dalam penyediaan lebih banyak peluang dalam kerjaya dan kemudahan dalam perkhidmatan awam akan lenyap sama sekali jika mereka memilih pemimpin salah.Tambahnya, jasa Datuk Seri Najib harus dilihat sebagai pemimpin yang telah meningkatkan jumlah orang India dalam perkhidmatan awam.\"Pada minggu lepas, Narinder Singh, pegawai tertinggi India di Jabatan Penjara Malaysia, telah lantik sebagai Pesuruhjaya Penjara.\"Narinder telah membuktikan keupayaan dan sanjungan tinggi Kerajaan kepada penjawat awam India, sekali gus menjadi tanda aras terbaik di bawah pentadbiran Datuk Seri Najib.\"Pelantikan Narinder adalah sejarah besar dan kebanggaan untuk komuniti India,\" ujarnya.Dalam pada itu kata Sivarraajh, pada tahun lepas, pelantikan Datuk Subromaniam Tholasy sebagai Ketua Pengarah Kastam menjadi bukti pengiktirafan pentadbiran Datuk Seri Najib kepada kaum India.\"Pada 2016 juga, Datuk Seri Najib sudah membuktikan penghargaannya kepada kaum India dengan pelantikan Datuk A Thaiveegan sebagai Ketua Polis Pulau Pinang (CPO) dan juga Datuk Amar Singh sebagai pengarah Sikh pertama untuk Jabatan Jenayah Komersial (CCID) di Bukit Aman.\"Pelantikan ini adalah hasil dan petunjuk bahawa perkhidmatan awam di bawah pentadbiran Datuk Seri Najib sentiasa komited untuk memberi penghargaan kepada rakyat Malaysia yang setia dan mampu berdasarkan merit, tanpa mengira bangsa atau agama,\" jelasnya.Katanya lagi, orang India di negara ini telah berkhidmat kepada kerajaan dan negara selama beberapa dekad dengan cemerlang namun tidak mendapat pengiktirafan sewajarnya semasa tempoh pentadbiran Tun Dr Mahathir Mohamad menjadi Perdana Menteri.\"Orang India di negara ini terutama kakitangan awam juga harus berwaspada terhadap tawaran palsu yang dijanjikan Dr Mahathir untuk kembali sebagai Perdana Menteri,\" tegasnya.", "keyword": ["kaum", "pembaharuan", "singh", "mic", "sivarraajh", "pemuda", "pengiktirafan", "teruskan", "pentadbiran", "sentiasa", "tertinggi", "najib"], "summary": ": Pemuda MIC berharap pembaharuan perkhidmatan awam akan diteruskan di bawah kepimpinan Datuk Seri Najib Tun Razak selain dapat melihat kepelbagaian yang lebih besar dalam kalangan jawatan tertinggi perkhidmatan awam.Ketua Pemuda MIC, Datuk Sivarraajh Chandran berkata, ia juga akan meningkatkan keyakinan dalam kalangan kaum India kepada Perdana Menteri Datuk Seri Najib bahawa mereka akan diberi ganjaran dan diiktiraf di atas perkhidmatan mereka kepada kerajaan.\n\"Pemuda MIC turut menyeru lebih banyak kaum India di negara ini mengambil kesempatan yang ada untuk menyertai perkhidmatan awam.\n\"Di bawah kerajaan Datuk Seri Najib, mereka mendapat keyakinan bahawa tiada halangan dan sentiasa ada jalan untuk mereka mencapai kedudukan tertinggi di agensi masing-masing.\n\"Pada minggu lepas, Narinder Singh, pegawai tertinggi India di Jabatan Penjara Malaysia, telah lantik sebagai Pesuruhjaya Penjara.\n\"Pelantikan Narinder adalah sejarah besar dan kebanggaan untuk komuniti India,\" ujarnya.Dalam pada itu kata Sivarraajh, pada tahun lepas, pelantikan Datuk Subromaniam Tholasy sebagai Ketua Pengarah Kastam menjadi bukti pengiktirafan pentadbiran Datuk Seri Najib kepada kaum India.", "news": "Astro Awani", "date": "02-21-2018", "language": "INDONESIA"}, {"title": "", "url": "https://www.bharian.com.my/berita/nasional/2018/02/390279/inisiatif-galak-kaum-india-sertai-atm", "authors": [], "top-image": "", "text": "", "keyword": [], "summary": "", "news": "Berita Harian", "date": "02-19-2018", "language": "INDONESIA"}, {"title": "Isu roboh kuil: Menteri minta kaum India bertenang", "url": "https://www.malaysiakini.com/news/447637", "authors": [], "top-image": "http://i.malaysiakini.com/1287/d595ac25a73ccecbcf635979536295d2.jpeg", "text": "Looks like Javascript is disabled in your browser. Malaysiakini requires Javascript to run normally. Click here to enable Javascript in your browser.", "keyword": ["kaum", "normally", "looks", "javascript", "kuil", "bertenang", "malaysiakini", "roboh", "enable", "disabled", "run", "browser", "requires"], "summary": "Looks like Javascript is disabled in your browser.\nMalaysiakini requires Javascript to run normally.\nClick here to enable Javascript in your browser.", "news": "Malaysiakini (caruman)", "date": "10-16-2018", "language": "ENGLISH"}, {"title": "MIC ada pendekatan sendiri tarik undi kaum India - Dr Subramaniam", "url": "http://www.astroawani.com/berita-politik/mic-ada-pendekatan-sendiri-tarik-undi-kaum-india-dr-subramaniam-164757", "authors": [], "top-image": "https://img.astroawani.com/2017-12/51514545546_DSsubramaniam.jpg", "text": ": MIC mempunyai pendekatan sendiri bagi mengukuhkan hubungan kerja antara parti itu dengan parti politik berasaskan kaum India lain untuk meningkatkan sokongan masyarakat India terhadap Barisan Nasional (BN), kata presidennya, Datuk Seri Dr S.Subramaniam.Beliau berkata MIC sentiasa bekerjasama dengan parti berasaskan kaum India yang mesra BN untuk meraih sokongan masyarakat India pada Pilihan Raya Umum Ke-14 (PRU-14).\"Oleh itu, kami tidak perlu menggunakan pendekatan seperti yang digunakan parti komponen BN pelbagai kaum lain untuk mendapatkan undi kerana anggota mereka terdiri daripada pelbagai kaum dan bukan terdiri daripada kaum India sahaja,\" katanya kepada pemberita selepas merasmikan program 'Kembali Ke Sekolah' di Sekolah Tamil Simpang Lima di sini hari ini.Turut hadir Timbalan Menteri Pendidikan, Datuk P. Kamalanathan.Subramaniam berkata demikian apabila ditanya sama ada MIC akan mencontohi pendekatan digunakan MCA dan Gerakan Sabtu ini di Wisma MCA di Jalan Ampang, Kuala Lumpur dalam menganjurkan perhimpunan bagi menghadapi PRU-14 .Menurut sidang media bersama antara setiausaha agung MCA. Datuk Seri Ong Ka Chuan dan rakan sejawatannya daripada Gerakan, Datuk Liang Teck Meng, perhimpunan bertajuk 'Stronger Together' (Teguh Bersama) itu bertujuan mengukuhkan lagi hubungan kerja antara dua parti berkenaan dalam menghadapi pilihan raya umum akan datang.Subramaniam juga berkata MIC telah mengemukakan senarai calonnya bagi PRU-14 kepada Pengerusi BN, Datuk Seri Najib Tun Razak untuk pertimbangan beliau.- BERNAMA", "keyword": ["kaum", "undi", "mca", "mic", "perhimpunan", "subramaniam", "gerakan", "tarik", "mengukuhkan", "berasaskan", "pru14", "pendekatan", "wisma"], "summary": ": MIC mempunyai pendekatan sendiri bagi mengukuhkan hubungan kerja antara parti itu dengan parti politik berasaskan kaum India lain untuk meningkatkan sokongan masyarakat India terhadap Barisan Nasional (BN), kata presidennya, Datuk Seri Dr S.Subramaniam.Beliau berkata MIC sentiasa bekerjasama dengan parti berasaskan kaum India yang mesra BN untuk meraih sokongan masyarakat India pada Pilihan Raya Umum Ke-14 (PRU-14).\n\"Oleh itu, kami tidak perlu menggunakan pendekatan seperti yang digunakan parti komponen BN pelbagai kaum lain untuk mendapatkan undi kerana anggota mereka terdiri daripada pelbagai kaum dan bukan terdiri daripada kaum India sahaja,\" katanya kepada pemberita selepas merasmikan program 'Kembali Ke Sekolah' di Sekolah Tamil Simpang Lima di sini hari ini.Turut hadir Timbalan Menteri Pendidikan, Datuk P. Kamalanathan.Subramaniam berkata demikian apabila ditanya sama ada MIC akan mencontohi pendekatan digunakan MCA dan Gerakan Sabtu ini di Wisma MCA di Jalan Ampang, Kuala Lumpur dalam menganjurkan perhimpunan bagi menghadapi PRU-14 .Menurut sidang media bersama antara setiausaha agung MCA.\nDatuk Seri Ong Ka Chuan dan rakan sejawatannya daripada Gerakan, Datuk Liang Teck Meng, perhimpunan bertajuk 'Stronger Together' (Teguh Bersama) itu bertujuan mengukuhkan lagi hubungan kerja antara dua parti berkenaan dalam menghadapi pilihan raya umum akan datang.Subramaniam juga berkata MIC telah mengemukakan senarai calonnya bagi PRU-14 kepada Pengerusi BN, Datuk Seri Najib Tun Razak untuk pertimbangan beliau.- BERNAMA", "news": "Astro Awani", "date": "01-04-2018", "language": "INDONESIA"}]