[{"title": "\u2018New Tadika St Faith building a milestone in education\u2019", "url": "https://www.theborneopost.com/2017/02/28/new-tadika-st-faith-building-a-milestone-in-education/", "authors": [], "top-image": "https://www.theborneopost.com/newsimages/2017/02/C_PC0020241.jpg", "text": "KUCHING: Tadika St Faith is mindful of the legacy of the church in the regime of education even before the country\u2019s independence; thus, the kindergarten accepts the challenge in doing its best to fulfil its mission.\n\nIts chairman Darrell Tsen Nyuk Choi said the newly-established kindergarten building would provide a very good environment for the process and success of the kindergarten\u2019s endeavour to provide sound pre-school education.\n\n\u201cOur vision for the future will be towards higher attainment of excellence and to provide quality education beyond the pre-school level,\u201d he said.\n\nHe cited the Anglican Bishop of Kuching Rt Rev Datuk Bolly Lapok, quoting: \u201cWe will start with a kindergarten and hopefully, it will grow in the future. We are reclaiming what the church was doing in the beginning. So that is the trust of the Diocesan family on your shoulder.\u201d\n\nHe thanked the Bishop for his confidence in the kindergarten and said they would work hard.\n\n\u201cWe also want to thank all for the donations in cash and kind for the successful completion of the new kindergarten building. This dinner is a small token of appreciation for your contribution. Without your contribution and participation in the efforts, it might not be possible to have the building now.\u201d\n\nHe said this in his opening remarks during the St Faith Kindergarten thanksgiving dinner held at the Christian Ecumenical Centre recently.\n\nMeanwhile, The Vicar of St Faith The Venerable Canon Nelson Ugas noted that the project was challenging for St Faith\u2019s Church. However, the completion of the new kindergarten building has changed the vicinity of St Faith\u2019s Church while sticking to its fundamental goal in serving the community at Kenyalang Park and beyond.\n\n\u201cThe purpose of the event is to celebrate and to give thanks for the completion of the new Tadika St Faith and also for us to say thank you to the church, the kindergarten and to all generous donors and supporters,\u201d he said.\n\nOn the same note, Bolly said as while this marked the completion of the vision and dream of the past, the journey would still be on-going.\n\n\u201cHe (Nelson) has accepted the challenge and that he, including the members of the committee, would undertake to expand the kindergarten\u2026.. May I wish this journey to continue, may you have adventure along the way and be rewarded.\n\n\u201cIn the course of your journey there will be opposition; watch out of the opposition as they come from within.\u201d\n\nOn a different note, Bolly took the opportunity to express his gratitude to all as he would be ending his tenure as the Anglican Archbishop for the Province of Southeast Asia\n\n\u201cThis is the last phase of my ministry. I call it a sunset of my ministry. I wish to take this opportunity to say goodbye to the children, parishioners; goodbye to you my friends as the Lord has bless me through you, may you be blessed,\u201d he said.\n\nAlso present were the Bishop\u2019s wife Datin Mary Jean and Sarawak United Peoples\u2019 Party (SUPP) Youth Central publicity secretary Milton Foo who represented Ministry of Local Government Datuk Dr Sim Kui Hian.", "keyword": ["journey", "education", "completion", "bolly", "ministry", "kindergarten", "building", "faith", "tadika", "milestone", "provide", "st", "church"], "summary": "KUCHING: Tadika St Faith is mindful of the legacy of the church in the regime of education even before the country\u2019s independence; thus, the kindergarten accepts the challenge in doing its best to fulfil its mission.\nIts chairman Darrell Tsen Nyuk Choi said the newly-established kindergarten building would provide a very good environment for the process and success of the kindergarten\u2019s endeavour to provide sound pre-school education.\n\u201cWe also want to thank all for the donations in cash and kind for the successful completion of the new kindergarten building.\nWithout your contribution and participation in the efforts, it might not be possible to have the building now.\u201dHe said this in his opening remarks during the St Faith Kindergarten thanksgiving dinner held at the Christian Ecumenical Centre recently.\nMeanwhile, The Vicar of St Faith The Venerable Canon Nelson Ugas noted that the project was challenging for St Faith\u2019s Church.", "news": "The Borneo Post", "date": "02-27-2017", "language": "ENGLISH"}, {"title": "Christian Mission Schools, Tadika Methodist Chinese a boon to state\u2019s education system \u2013 CM", "url": "https://www.theborneopost.com/2019/02/23/christian-mission-schools-tadika-methodist-chinese-a-boon-to-states-education-system-cm/", "authors": [], "top-image": "https://www.theborneopost.com/newsimages/2019/02/WhatsApp-Image-2019-02-23-at-4.12.37-PM.jpeg", "text": "SIBU: Christian Mission schools and Tadika Methodist Chinese which caters to students of various racial, cultural and religious backgrounds have made tremendous contributions to Sarawak\u2019s development and growth, said Chief Minister Datuk Patinggi Abang Johari Tun Openg.\n\n\u201cThese Christian Mission schools are still relevant today as they have been participating in the transformation of the education system and in producing human capital for the development of Sarawak in particular and our country in general.\n\n\u201cThey are the movers and shakers of Sarawak\u2019s economic progress and development of the past, present and future,\u201d his speech read.\n\nAbang Johari\u2019s text-of-speech was read out by Assistant Minister for Urban Planning, Land Administration and Environment Datu Len Talif Salleh, who represented him at the opening of Wisma Mary Hoover in conjunction with the 100th Anniversary of Tadika Methodist Chinese here today.\n\nAlso present were the event\u2019s organising chairman Datuk Tiong Thai King, who is also Sibu Municipal Council (SMC) chairman and Dudong assemblyman, Sibu Resident Charles Siaw, chairman of Tadika Methodist Chinese and Board members John Ting Sik Kang as well as President of Sarawak Chinese Annual Conference Dr Tie King Tai.\n\nCurrently, the Methodist Church operates 47 kindergartens throughout Sarawak, providing early childhood education to over 6,126 children of all races.\n\n\u201cThis part of early education helps greatly to boost a child\u2019s potential. It also acts as a transition from a home to school environment. At kindergarten, each child who is like a piece of white paper is molded in a positive way.\n\n\u201cI am grateful that Methodist kindergartens have made great contributions in terms of human resources development in Sarawak.\u201d", "keyword": ["cm", "sibu", "education", "chairman", "sarawak", "chinese", "mission", "development", "schools", "sarawaks", "tadika", "methodist", "system", "states", "christian"], "summary": "SIBU: Christian Mission schools and Tadika Methodist Chinese which caters to students of various racial, cultural and religious backgrounds have made tremendous contributions to Sarawak\u2019s development and growth, said Chief Minister Datuk Patinggi Abang Johari Tun Openg.\n\u201cThese Christian Mission schools are still relevant today as they have been participating in the transformation of the education system and in producing human capital for the development of Sarawak in particular and our country in general.\nAbang Johari\u2019s text-of-speech was read out by Assistant Minister for Urban Planning, Land Administration and Environment Datu Len Talif Salleh, who represented him at the opening of Wisma Mary Hoover in conjunction with the 100th Anniversary of Tadika Methodist Chinese here today.\nCurrently, the Methodist Church operates 47 kindergartens throughout Sarawak, providing early childhood education to over 6,126 children of all races.\n\u201cI am grateful that Methodist kindergartens have made great contributions in terms of human resources development in Sarawak.\u201d", "news": "The Borneo Post", "date": "02-23-2019", "language": "ENGLISH"}, {"title": "", "url": "https://www.bharian.com.my/berita/kes/2018/03/397735/dua-beradik-dilarikan-dari-tadika", "authors": [], "top-image": "", "text": "", "keyword": [], "summary": "", "news": "Berita Harian", "date": "03-09-2018", "language": "INDONESIA"}, {"title": "", "url": "https://www.bharian.com.my/berita/kes/2018/08/464135/2-guru-tadika-didakwa-dera-budak", "authors": [], "top-image": "", "text": "", "keyword": [], "summary": "", "news": "Berita Harian", "date": "08-19-2018", "language": "INDONESIA"}, {"title": "", "url": "https://www.bharian.com.my/berita/nasional/2018/08/461726/permit-mengajar-2-guru-tadika-ditarik-balik", "authors": [], "top-image": "", "text": "", "keyword": [], "summary": "", "news": "Berita Harian", "date": "08-14-2018", "language": "INDONESIA"}, {"title": "", "url": "https://www.bharian.com.my/berita/nasional/2018/09/468599/terap-nilai-islam-moral-di-tadika-pm", "authors": [], "top-image": "", "text": "", "keyword": [], "summary": "", "news": "Berita Harian", "date": "08-31-2018", "language": "INDONESIA"}, {"title": "KKIP church to operate its own tadika next year", "url": "http://www.heraldmalaysia.com/news/kkip-church-to-operate-its-own-tadika-next-year/38889/5", "authors": ["Herald Malaysia Online."], "top-image": "http://www.heraldmalaysia.com/images/favicon.ico", "text": "KKIP church to operate its own tadika next year\n\nDivine Mercy Church KKIP which will be officially blessed and open by Archbishop John Wong on 21 Oct 2017 will operate its own tadika (kindergarten) next year.\n\nOct 20, 2017\n\nBy Michael Guntili\n\nDivine Mercy Church KKIP which will be officially blessed and open by Archbishop John Wong on 21 Oct 2017 will operate its own tadika (kindergarten) next year.\n\nA total of 60 students have enrolled so far for this new tadika. This was disclosed by Father David Sham, pastor of St Catherine Inanam.\n\nFr Sham informed the parishioners that there are altogether six tadikas in operation early this year. Out of the six, two come directly under the care of St Catherine Church, while three are under the sub-parish of Good Shepherd Manggatal and one under Holy Family Telipok.\n\nAt the fundraising dinner in aid of these tadikas on 3 Sept 2017 at the Port View Palace, Dewan Hakka Likas, Fr Sham said that out of the six tadikas, only Tadika Sinar Sukacita of St Catherine Church is self-financing with 117 students and five management staff.\n\nThe other tadikas can hardly pay for the teachers\u2019 remunerations due to insufficient students. The plight of running the tadika runs deeper as many of the parents are unable to pay for their children\u2019s school fees in full, which necessitates public support for these tadikas.\n\nFr Sham then urged the parents to give full support to the Catholic Mission Tadika as their children are the future of the church.\n\nOver 1000 people attended the dinner including Abp Wong, priests, religious, and well-wishers from several companies and other individuals.--kkdiocese.net", "keyword": ["sham", "catherine", "tadikas", "students", "kkip", "operate", "tadika", "2017", "st", "church"], "summary": "KKIP church to operate its own tadika next yearDivine Mercy Church KKIP which will be officially blessed and open by Archbishop John Wong on 21 Oct 2017 will operate its own tadika (kindergarten) next year.\nOct 20, 2017By Michael GuntiliDivine Mercy Church KKIP which will be officially blessed and open by Archbishop John Wong on 21 Oct 2017 will operate its own tadika (kindergarten) next year.\nThis was disclosed by Father David Sham, pastor of St Catherine Inanam.\nOut of the six, two come directly under the care of St Catherine Church, while three are under the sub-parish of Good Shepherd Manggatal and one under Holy Family Telipok.\nFr Sham then urged the parents to give full support to the Catholic Mission Tadika as their children are the future of the church.", "news": "Malaysian Christian News", "date": "10-20-2017", "language": "ENGLISH"}, {"title": "Rev Bolly opens new Tadika St Faith building", "url": "https://www.theborneopost.com/2016/10/04/rev-bolly-opens-new-tadika-st-faith-building/", "authors": [], "top-image": "https://www.theborneopost.com/newsimages/2016/10/mtu-stfaith-p2.jpg", "text": "KUCHING: The new Tadika St Faith Kenyalang building was officially opened on Sunday after a dedication ceremony held on site.\n\nRight Rev Datuk Bolly Lapok, the Anglican Bishop for the diocese of Kuching who oversees the Malaysian state of Sarawak and the country of Brunei, led the dedication service for the new kindergarten.\n\nAccording to Tadika St Faith management committee chairman Darrel Tsen, the three-floor building with 12 classrooms located at the site of the former St Faith\u2019s Primary School is a project of the Anglican Diocese of Kuching.\n\nIt took developers one and-a-half years to build. The building\u2019s foundation stone blessing ceremony was held on Oct 12, 2014.\n\n\u201cThe estimated cost to build this new building is RM4.3 million. The land where this building is built is a 1.6 acre land situated at Lot 9559, along Jalan Datuk Amar Sim Kheng Hong,\u201d he added.\n\nHe also revealed that the land was originally donated by an individual by the name of Barbara Mendu for educational purposes and was registered in the name of the Bishop of Kuching.\n\nAfter leading the dedication service, Bolly went on to bless each room in the building before unveiling a commemorative plaque and planting belian trees on site with St Faith\u2019s Church priest-in-charge Rev Nelson Ugas.\n\nThe new kindergarten will continue to operate on the principle of being self-sustaining rather than profit-making. Its priority is to educate and nurture the children entrusted to its care, to inculcate sound values and provide quality education.\n\nAlso present during the ceremony were Tadika St Faith principal Josephine Gawing and the building\u2019s fundraising committee members.", "keyword": ["bolly", "land", "rev", "building", "site", "service", "faith", "opens", "tadika", "dedication", "ceremony", "st"], "summary": "KUCHING: The new Tadika St Faith Kenyalang building was officially opened on Sunday after a dedication ceremony held on site.\nRight Rev Datuk Bolly Lapok, the Anglican Bishop for the diocese of Kuching who oversees the Malaysian state of Sarawak and the country of Brunei, led the dedication service for the new kindergarten.\nAccording to Tadika St Faith management committee chairman Darrel Tsen, the three-floor building with 12 classrooms located at the site of the former St Faith\u2019s Primary School is a project of the Anglican Diocese of Kuching.\nAfter leading the dedication service, Bolly went on to bless each room in the building before unveiling a commemorative plaque and planting belian trees on site with St Faith\u2019s Church priest-in-charge Rev Nelson Ugas.\nAlso present during the ceremony were Tadika St Faith principal Josephine Gawing and the building\u2019s fundraising committee members.", "news": "The Borneo Post", "date": "10-03-2016", "language": "ENGLISH"}, {"title": "Guru tadika tampar kanak-kanak ditahan", "url": "http://www.utusan.com.my/berita/jenayah/guru-tadika-tampar-kanak-kanak-ditahan-1.546753", "authors": [], "top-image": "http://www.utusan.com.my/polopoly_fs/1.542191!/image/image.jpg_gen/derivatives/landscape_650/image.jpg", "text": "KUALA LUMPUR 3 Nov. - Polis menahan seorang guru tadika kerana dipercayai menampar seorang kanak-kanak berusia empat tahun sehingga mengalami kecederaan di pipi dan telinga dalam kejadian di sebuah tadika di Sungai Jerlok, Kajang dekat sini Selasa lalu.\n\nSuspek berusia 19 tahun itu ditahan sepasukan polis dari Ibu pejabat Polis Daerah (IPD) Kajang kira-kira pukul 7.30 malam semalam bagi membantu siasatan.\n\nKetua Polis Daerah Kajang, Asisten Komisioner Ahmad Dzaffir Mohd. Yusof berkata, kejadian itu disedari oleh guru besar tadika tersebut sebelum memaklumkan perkara itu kepada bapanya.\n\n\u201cDalam kejadian pukul 6 petang itu, suspek dikatakan menampar muka mangsa menyebabkan telinga kanak-kanak mengalami pendarahan dan mempunyai kesan lebam serta luka di kedua-dua pipi kerana tidak mahu menulis.\n\n\u201cMangsa dihantar ke Hospital Kajang dekat sini untuk pemeriksaan lanjut dan hasil pemeriksaan awal doktor mendapati terdapat kesan cedera di kedua belah pipi dan telinga mangsa,\u201d katanya di sini hari ini.\n\nJelas Ahmad Dzaffir, berdasarkan hasil semakan, suspek tidak mempunyai sebarang rekod jenayah dan wanita itu direman selama tiga hari untuk membantu siasatan.\n\nUjarnya, kes disiasat mengikut Seksyen 31(1)(a) Akta Kanak-Kanak 2001 dan jika disabit kesalahan boleh didenda tidak melebihi RM20,000 atau dipenjarakan tidak melebihi 10 tahun atau kedua-duanya. - UTUSAN ONLINE", "keyword": ["suspek", "guru", "ditahan", "telinga", "kajang", "pipi", "pemeriksaan", "tampar", "menampar", "tadika", "melebihi", "mangsa", "kanakkanak"], "summary": "KUALA LUMPUR 3 Nov. - Polis menahan seorang guru tadika kerana dipercayai menampar seorang kanak-kanak berusia empat tahun sehingga mengalami kecederaan di pipi dan telinga dalam kejadian di sebuah tadika di Sungai Jerlok, Kajang dekat sini Selasa lalu.\nSuspek berusia 19 tahun itu ditahan sepasukan polis dari Ibu pejabat Polis Daerah (IPD) Kajang kira-kira pukul 7.30 malam semalam bagi membantu siasatan.\nYusof berkata, kejadian itu disedari oleh guru besar tadika tersebut sebelum memaklumkan perkara itu kepada bapanya.\n\u201cDalam kejadian pukul 6 petang itu, suspek dikatakan menampar muka mangsa menyebabkan telinga kanak-kanak mengalami pendarahan dan mempunyai kesan lebam serta luka di kedua-dua pipi kerana tidak mahu menulis.\nUjarnya, kes disiasat mengikut Seksyen 31(1)(a) Akta Kanak-Kanak 2001 dan jika disabit kesalahan boleh didenda tidak melebihi RM20,000 atau dipenjarakan tidak melebihi 10 tahun atau kedua-duanya.", "news": "Utusan Malaysia", "date": "11-03-2017", "language": "INDONESIA"}, {"title": "Korean kindy heads visit Tadika Rhema", "url": "https://www.theborneopost.com/2017/11/11/korean-kindy-heads-visit-tadika-rhema/", "authors": [], "top-image": "https://www.theborneopost.com/newsimages/2017/11/Kch-bp101117-wp-sales.rhema_.jpg", "text": "KUCHING: A group of 27 kindergarten principals from a private childcare association in Guro City, South Korea visited Tadika Rhema on Wednesday as part of their visit to Kuching City South.\n\nKuching South Mayor Datuk James Chan accompanied the group.\n\nA press release yesterday said a group of multiracial teachers and pupils performed a special cultural dance for the visitors.\n\nThey also sang songs in Malay and Chinese, as well as the kindergarten school song.\n\nThe South Korean visitors also taught the children a song in Korean, which Chan also sang.\n\nThe visitors were later treated to light Malaysian refreshments.\n\nKuching South City Council organised the educational visit as part of a cultural exchange between the two cities.\n\nThe group will end their four-day visit here today (Nov 11).", "keyword": ["korean", "heads", "kindergarten", "kindy", "south", "visit", "cultural", "city", "visitors", "group", "rhema", "tadika", "kuching", "chan"], "summary": "KUCHING: A group of 27 kindergarten principals from a private childcare association in Guro City, South Korea visited Tadika Rhema on Wednesday as part of their visit to Kuching City South.\nKuching South Mayor Datuk James Chan accompanied the group.\nA press release yesterday said a group of multiracial teachers and pupils performed a special cultural dance for the visitors.\nThe South Korean visitors also taught the children a song in Korean, which Chan also sang.\nKuching South City Council organised the educational visit as part of a cultural exchange between the two cities.", "news": "The Borneo Post", "date": "11-10-2017", "language": "ENGLISH"}]